Subject,Feature_Set,Sample_Index,Prediction,Prediction_Label
XBB,electrode_features_all,0,0,Normal
XBB,electrode_features_all,1,0,Normal
XBB,electrode_features_all,2,0,Normal
XBB,electrode_features_all,3,0,Normal
XBB,electrode_features_all,4,0,Normal
XBB,electrode_features_all,5,0,Normal
XBB,electrode_features_all,6,0,Normal
XBB,electrode_features_all,7,0,Normal
XBB,electrode_features_all,8,0,Normal
XBB,electrode_features_all,9,0,Normal
XBB,electrode_features_all,10,0,Normal
XBB,electrode_features_all,11,0,Normal
XBB,electrode_features_all,12,0,Normal
XBB,electrode_features_all,13,0,Normal
XBB,electrode_features_all,14,0,Normal
XBB,electrode_features_all,15,0,Normal
XBB,electrode_features_all,16,0,Normal
XBB,electrode_features_all,17,0,Normal
XBB,electrode_features_all,18,0,Normal
XBB,electrode_features_all,19,0,Normal
XBB,electrode_features_all,20,0,Normal
XBB,electrode_features_all,21,0,Normal
XBB,electrode_features_all,22,0,Normal
XBB,electrode_features_all,23,0,Normal
XBB,electrode_features_all,24,0,Normal
XBB,electrode_features_all,25,0,Normal
XBB,electrode_features_all,26,0,Normal
XBB,electrode_features_all,27,0,Normal
XBB,electrode_features_all,28,0,Normal
XBB,electrode_features_all,29,0,Normal
XBB,electrode_features_all,30,0,Normal
XBB,electrode_features_all,31,0,Normal
XBB,electrode_features_all,32,0,Normal
XBB,electrode_features_all,33,0,Normal
XBB,electrode_features_all,34,0,Normal
XBB,electrode_features_all,35,0,Normal
XBB,electrode_features_all,36,0,Normal
XBB,electrode_features_all,37,0,Normal
XBB,electrode_features_all,38,0,Normal
XBB,electrode_features_all,39,0,Normal
XBB,electrode_features_all,40,0,Normal
XBB,electrode_features_all,41,0,Normal
XBB,electrode_features_all,42,0,Normal
XBB,electrode_features_all,43,0,Normal
XBB,electrode_features_all,44,0,Normal
XBB,electrode_features_all,45,0,Normal
XBB,electrode_features_all,46,0,Normal
XBB,electrode_features_all,47,0,Normal
XBB,electrode_features_all,48,0,Normal
XBB,electrode_features_all,49,0,Normal
XBB,electrode_features_all,50,0,Normal
XBB,electrode_features_all,51,0,Normal
XBB,electrode_features_all,52,0,Normal
XBB,electrode_features_all,53,0,Normal
XBB,electrode_features_all,54,0,Normal
XBB,electrode_features_all,55,0,Normal
XBB,electrode_features_all,56,0,Normal
XBB,electrode_features_all,57,0,Normal
XBB,electrode_features_all,58,0,Normal
XBB,electrode_features_all,59,0,Normal
XBB,electrode_features_all,60,0,Normal
XBB,electrode_features_all,61,0,Normal
XBB,electrode_features_all,62,0,Normal
XBB,electrode_features_all,63,0,Normal
XBB,electrode_features_all,64,0,Normal
XBB,electrode_features_all,65,0,Normal
XBB,electrode_features_all,66,0,Normal
XBB,electrode_features_all,67,0,Normal
XBB,electrode_features_all,68,0,Normal
XBB,electrode_features_all,69,0,Normal
XBB,electrode_features_all,70,0,Normal
XBB,electrode_features_all,71,0,Normal
XBB,electrode_features_all,72,0,Normal
XBB,electrode_features_all,73,0,Normal
XBB,electrode_features_all,74,0,Normal
XBB,electrode_features_all,75,0,Normal
XBB,electrode_features_all,76,0,Normal
XBB,electrode_features_all,77,0,Normal
XBB,electrode_features_all,78,0,Normal
XBB,electrode_features_all,79,0,Normal
XBB,electrode_features_all,80,0,Normal
XBB,electrode_features_all,81,0,Normal
XBB,electrode_features_all,82,0,Normal
XBB,electrode_features_all,83,0,Normal
XBB,electrode_features_all,84,0,Normal
XBB,electrode_features_all,85,0,Normal
XBB,electrode_features_all,86,0,Normal
XBB,electrode_features_all,87,0,Normal
XBB,electrode_features_all,88,0,Normal
XBB,electrode_features_all,89,0,Normal
XBB,electrode_features_all,90,0,Normal
XBB,electrode_features_all,91,0,Normal
XBB,electrode_features_all,92,0,Normal
XBB,electrode_features_all,93,0,Normal
XBB,electrode_features_all,94,0,Normal
XBB,electrode_features_all,95,0,Normal
XBB,electrode_features_all,96,0,Normal
XBB,electrode_features_all,97,0,Normal
XBB,electrode_features_all,98,0,Normal
XBB,electrode_features_all,99,0,Normal
XBB,electrode_features_all,100,0,Normal
XBB,electrode_features_all,101,0,Normal
XBB,electrode_features_all,102,0,Normal
XBB,electrode_features_all,103,0,Normal
XBB,electrode_features_all,104,0,Normal
XBB,electrode_features_all,105,0,Normal
XBB,electrode_features_all,106,0,Normal
XBB,electrode_features_all,107,0,Normal
XBB,electrode_features_all,108,0,Normal
XBB,electrode_features_all,109,0,Normal
XBB,electrode_features_all,110,0,Normal
XBB,electrode_features_all,111,0,Normal
XBB,electrode_features_all,112,0,Normal
XBB,electrode_features_all,113,0,Normal
XBB,electrode_features_all,114,0,Normal
XBB,electrode_features_all,115,0,Normal
XBB,electrode_features_all,116,0,Normal
XBB,electrode_features_all,117,0,Normal
XBB,electrode_features_all,118,0,Normal
XBB,electrode_features_all,119,0,Normal
XBB,electrode_features_all,120,0,Normal
XBB,electrode_features_all,121,0,Normal
XBB,electrode_features_all,122,0,Normal
XBB,electrode_features_all,123,0,Normal
XBB,electrode_features_all,124,0,Normal
XBB,electrode_features_all,125,0,Normal
XBB,electrode_features_all,126,0,Normal
XBB,electrode_features_all,127,0,Normal
XBB,electrode_features_all,128,0,Normal
XBB,electrode_features_all,129,0,Normal
XBB,electrode_features_all,130,0,Normal
XBB,electrode_features_all,131,0,Normal
XBB,electrode_features_all,132,0,Normal
XBB,electrode_features_all,133,0,Normal
XBB,electrode_features_all,134,0,Normal
XBB,electrode_features_all,135,0,Normal
XBB,electrode_features_all,136,0,Normal
XBB,electrode_features_all,137,0,Normal
XBB,electrode_features_all,138,0,Normal
XBB,electrode_features_all,139,0,Normal
XBB,electrode_features_all,140,0,Normal
XBB,electrode_features_all,141,0,Normal
XBB,electrode_features_all,142,0,Normal
XBB,electrode_features_all,143,0,Normal
XBB,electrode_features_all,144,0,Normal
XBB,electrode_features_all,145,0,Normal
XBB,electrode_features_all,146,0,Normal
XBB,electrode_features_all,147,0,Normal
XBB,electrode_features_all,148,0,Normal
XBB,electrode_features_all,149,0,Normal
XBB,electrode_features_all,150,0,Normal
XBB,electrode_features_all,151,0,Normal
XBB,electrode_features_all,152,0,Normal
XBB,electrode_features_all,153,0,Normal
XBB,electrode_features_all,154,0,Normal
XBB,electrode_features_all,155,0,Normal
XBB,electrode_features_all,156,0,Normal
XBB,electrode_features_all,157,0,Normal
XBB,electrode_features_all,158,0,Normal
XBB,electrode_features_all,159,0,Normal
XBB,electrode_features_all,160,0,Normal
XBB,electrode_features_all,161,0,Normal
XBB,electrode_features_all,162,0,Normal
XBB,electrode_features_all,163,0,Normal
XBB,electrode_features_all,164,0,Normal
XBB,electrode_features_all,165,0,Normal
XBB,electrode_features_all,166,0,Normal
XBB,electrode_features_all,167,0,Normal
XBB,electrode_features_all,168,0,Normal
XBB,electrode_features_all,169,0,Normal
XBB,electrode_features_all,170,0,Normal
XBB,electrode_features_all,171,0,Normal
XBB,electrode_features_all,172,0,Normal
XBB,electrode_features_all,173,0,Normal
XBB,electrode_features_all,174,0,Normal
XBB,electrode_features_all,175,0,Normal
XBB,electrode_features_all,176,0,Normal
XBB,electrode_features_all,177,0,Normal
XBB,electrode_features_all,178,0,Normal
XBB,electrode_features_all,179,0,Normal
XBB,electrode_features_all,180,0,Normal
XBB,electrode_features_all,181,0,Normal
XBB,electrode_features_all,182,0,Normal
XBB,electrode_features_all,183,0,Normal
XBB,electrode_features_all,184,0,Normal
XBB,electrode_features_all,185,0,Normal
XBB,electrode_features_all,186,0,Normal
XBB,electrode_features_all,187,0,Normal
XBB,electrode_features_all,188,0,Normal
XBB,electrode_features_all,189,0,Normal
XBB,electrode_features_all,190,0,Normal
XBB,electrode_features_all,191,0,Normal
XBB,electrode_features_all,192,0,Normal
XBB,electrode_features_all,193,0,Normal
XBB,electrode_features_all,194,0,Normal
XBB,electrode_features_all,195,0,Normal
XBB,electrode_features_all,196,0,Normal
XBB,electrode_features_all,197,0,Normal
XBB,electrode_features_all,198,0,Normal
XBB,electrode_features_all,199,0,Normal
XBB,electrode_features_all,200,0,Normal
XBB,electrode_features_all,201,0,Normal
XBB,electrode_features_all,202,0,Normal
XBB,electrode_features_all,203,0,Normal
XBB,electrode_features_all,204,0,Normal
XBB,electrode_features_all,205,0,Normal
XBB,electrode_features_all,206,0,Normal
XBB,electrode_features_all,207,0,Normal
XBB,electrode_features_all,208,0,Normal
XBB,electrode_features_all,209,0,Normal
XBB,electrode_features_all,210,0,Normal
XBB,electrode_features_all,211,0,Normal
XBB,electrode_features_all,212,0,Normal
XBB,electrode_features_all,213,0,Normal
XBB,electrode_features_all,214,0,Normal
XBB,electrode_features_all,215,0,Normal
XBB,electrode_features_all,216,0,Normal
XBB,electrode_features_all,217,0,Normal
XBB,electrode_features_all,218,0,Normal
XBB,electrode_features_all,219,0,Normal
XBB,electrode_features_all,220,0,Normal
XBB,electrode_features_all,221,0,Normal
XBB,electrode_features_all,222,0,Normal
XBB,electrode_features_all,223,0,Normal
XBB,electrode_features_all,224,0,Normal
XBB,electrode_features_all,225,0,Normal
XBB,electrode_features_all,226,0,Normal
XBB,electrode_features_all,227,0,Normal
XBB,electrode_features_all,228,0,Normal
XBB,electrode_features_all,229,0,Normal
XBB,electrode_features_all,230,0,Normal
XBB,electrode_features_all,231,0,Normal
XBB,electrode_features_all,232,0,Normal
XBB,electrode_features_all,233,0,Normal
XBB,electrode_features_all,234,0,Normal
XBB,electrode_features_all,235,0,Normal
XBB,electrode_features_all,236,0,Normal
XBB,electrode_features_all,237,0,Normal
XBB,electrode_features_all,238,0,Normal
XBB,electrode_features_all,239,0,Normal
XBB,electrode_features_all,240,0,Normal
XBB,electrode_features_all,241,0,Normal
XBB,electrode_features_all,242,0,Normal
XBB,electrode_features_all,243,0,Normal
XBB,electrode_features_all,244,0,Normal
XBB,electrode_features_all,245,0,Normal
XBB,electrode_features_all,246,0,Normal
XBB,electrode_features_all,247,0,Normal
XBB,electrode_features_all,248,0,Normal
XBB,electrode_features_all,249,0,Normal
XBB,electrode_features_all,250,0,Normal
XBB,electrode_features_all,251,0,Normal
XBB,electrode_features_all,252,0,Normal
XBB,electrode_features_all,253,0,Normal
XBB,electrode_features_all,254,0,Normal
XBB,electrode_features_all,255,0,Normal
XBB,electrode_features_all,256,0,Normal
XBB,electrode_features_all,257,0,Normal
XBB,electrode_features_all,258,0,Normal
XBB,electrode_features_all,259,0,Normal
XBB,electrode_features_all,260,0,Normal
XBB,electrode_features_all,261,0,Normal
XBB,electrode_features_all,262,0,Normal
XBB,electrode_features_all,263,0,Normal
XBB,electrode_features_all,264,0,Normal
XBB,electrode_features_all,265,0,Normal
XBB,electrode_features_all,266,0,Normal
XBB,electrode_features_all,267,0,Normal
XBB,electrode_features_all,268,0,Normal
XBB,electrode_features_all,269,0,Normal
XBB,electrode_features_all,270,0,Normal
XBB,electrode_features_all,271,0,Normal
XBB,electrode_features_all,272,0,Normal
XBB,electrode_features_all,273,0,Normal
XBB,electrode_features_all,274,0,Normal
XBB,electrode_features_all,275,0,Normal
XBB,electrode_features_all,276,0,Normal
XBB,electrode_features_all,277,0,Normal
XBB,electrode_features_all,278,0,Normal
XBB,electrode_features_all,279,0,Normal
XBB,electrode_features_all,280,0,Normal
XBB,electrode_features_all,281,0,Normal
XBB,electrode_features_all,282,0,Normal
XBB,electrode_features_all,283,0,Normal
XBB,electrode_features_all,284,0,Normal
XBB,electrode_features_all,285,0,Normal
XBB,electrode_features_all,286,0,Normal
XBB,electrode_features_all,287,0,Normal
XBB,electrode_features_all,288,0,Normal
XBB,electrode_features_all,289,0,Normal
XBB,electrode_features_all,290,0,Normal
XBB,electrode_features_all,291,0,Normal
XBB,electrode_features_all,292,0,Normal
XBB,electrode_features_all,293,0,Normal
XBB,electrode_features_all,294,0,Normal
XBB,electrode_features_all,295,0,Normal
XBB,electrode_features_all,296,0,Normal
XBB,electrode_features_all,297,0,Normal
XBB,electrode_features_all,298,0,Normal
XBB,electrode_features_all,299,0,Normal
XBB,electrode_features_all,300,0,Normal
XBB,electrode_features_all,301,0,Normal
XBB,electrode_features_all,302,0,Normal
XBB,electrode_features_all,303,0,Normal
XBB,electrode_features_all,304,0,Normal
XBB,electrode_features_all,305,0,Normal
XBB,electrode_features_all,306,0,Normal
XBB,electrode_features_all,307,0,Normal
XBB,electrode_features_all,308,0,Normal
XBB,electrode_features_all,309,0,Normal
XBB,electrode_features_all,310,0,Normal
XBB,electrode_features_all,311,0,Normal
XBB,electrode_features_all,312,0,Normal
XBB,electrode_features_all,313,0,Normal
XBB,electrode_features_all,314,0,Normal
XBB,electrode_features_all,315,0,Normal
XBB,electrode_features_all,316,0,Normal
XBB,electrode_features_all,317,0,Normal
XBB,electrode_features_all,318,0,Normal
XBB,electrode_features_all,319,0,Normal
XBB,electrode_features_all,320,0,Normal
XBB,electrode_features_all,321,0,Normal
XBB,electrode_features_all,322,0,Normal
XBB,electrode_features_all,323,0,Normal
XBB,electrode_features_all,324,0,Normal
XBB,electrode_features_all,325,0,Normal
XBB,electrode_features_all,326,0,Normal
XBB,electrode_features_all,327,0,Normal
XBB,electrode_features_all,328,0,Normal
XBB,electrode_features_all,329,0,Normal
XBB,electrode_features_all,330,0,Normal
XBB,electrode_features_all,331,0,Normal
XBB,electrode_features_all,332,0,Normal
XBB,electrode_features_all,333,0,Normal
XBB,electrode_features_all,334,0,Normal
XBB,electrode_features_all,335,0,Normal
XBB,electrode_features_all,336,0,Normal
XBB,electrode_features_all,337,0,Normal
XBB,electrode_features_all,338,0,Normal
XBB,electrode_features_all,339,0,Normal
XBB,electrode_features_all,340,0,Normal
XBB,electrode_features_all,341,0,Normal
XBB,electrode_features_all,342,0,Normal
XBB,electrode_features_all,343,0,Normal
XBB,electrode_features_all,344,0,Normal
XBB,electrode_features_all,345,0,Normal
XBB,electrode_features_all,346,0,Normal
XBB,electrode_features_all,347,0,Normal
XBB,electrode_features_all,348,0,Normal
XBB,electrode_features_all,349,0,Normal
XBB,electrode_features_all,350,0,Normal
XBB,electrode_features_all,351,0,Normal
XBB,electrode_features_all,352,0,Normal
XBB,electrode_features_all,353,0,Normal
XBB,electrode_features_all,354,0,Normal
XBB,electrode_features_all,355,0,Normal
XBB,electrode_features_all,356,0,Normal
XBB,electrode_features_all,357,0,Normal
XBB,electrode_features_all,358,0,Normal
XBB,electrode_features_all,359,0,Normal
XBB,electrode_features_all,360,0,Normal
XBB,electrode_features_all,361,0,Normal
XBB,electrode_features_all,362,0,Normal
XBB,electrode_features_all,363,0,Normal
XBB,electrode_features_all,364,0,Normal
XBB,electrode_features_all,365,0,Normal
XBB,electrode_features_all,366,0,Normal
XBB,electrode_features_all,367,0,Normal
XBB,electrode_features_all,368,0,Normal
XBB,electrode_features_all,369,0,Normal
XBB,electrode_features_all,370,0,Normal
XBB,electrode_features_all,371,0,Normal
XBB,electrode_features_all,372,0,Normal
XBB,electrode_features_all,373,0,Normal
XBB,electrode_features_all,374,0,Normal
XBB,electrode_features_all,375,0,Normal
XBB,electrode_features_all,376,0,Normal
XBB,electrode_features_all,377,0,Normal
XBB,electrode_features_all,378,0,Normal
XBB,electrode_features_all,379,0,Normal
XBB,electrode_features_all,380,0,Normal
XBB,electrode_features_all,381,0,Normal
XBB,electrode_features_all,382,0,Normal
XBB,electrode_features_all,383,0,Normal
XBB,electrode_features_all,384,0,Normal
XBB,electrode_features_all,385,0,Normal
XBB,electrode_features_all,386,0,Normal
XBB,electrode_features_all,387,0,Normal
XBB,electrode_features_all,388,0,Normal
XBB,electrode_features_all,389,0,Normal
XBB,electrode_features_all,390,0,Normal
XBB,electrode_features_all,391,0,Normal
XBB,electrode_features_all,392,0,Normal
XBB,electrode_features_all,393,0,Normal
XBB,electrode_features_all,394,0,Normal
XBB,electrode_features_all,395,0,Normal
XBB,electrode_features_all,396,0,Normal
XBB,electrode_features_all,397,0,Normal
XBB,electrode_features_all,398,0,Normal
XBB,electrode_features_all,399,0,Normal
XBB,electrode_features_all,400,0,Normal
XBB,electrode_features_all,401,0,Normal
XBB,electrode_features_all,402,0,Normal
XBB,electrode_features_all,403,0,Normal
XBB,electrode_features_all,404,0,Normal
XBB,electrode_features_all,405,0,Normal
XBB,electrode_features_all,406,0,Normal
XBB,electrode_features_all,407,0,Normal
XBB,electrode_features_all,408,0,Normal
XBB,electrode_features_all,409,0,Normal
XBB,electrode_features_all,410,0,Normal
XBB,electrode_features_all,411,0,Normal
XBB,electrode_features_all,412,0,Normal
XBB,electrode_features_all,413,0,Normal
XBB,electrode_features_all,414,0,Normal
XBB,electrode_features_all,415,0,Normal
XBB,electrode_features_all,416,0,Normal
XBB,electrode_features_all,417,0,Normal
XBB,electrode_features_all,418,0,Normal
XBB,electrode_features_all,419,0,Normal
XBB,electrode_features_all,420,0,Normal
XBB,electrode_features_all,421,0,Normal
XBB,electrode_features_all,422,0,Normal
XBB,electrode_features_all,423,0,Normal
XBB,electrode_features_all,424,0,Normal
XBB,electrode_features_all,425,0,Normal
XBB,electrode_features_all,426,0,Normal
XBB,electrode_features_all,427,0,Normal
XBB,electrode_features_all,428,0,Normal
XBB,electrode_features_all,429,0,Normal
XBB,electrode_features_all,430,0,Normal
XBB,electrode_features_all,431,0,Normal
XBB,electrode_features_all,432,0,Normal
XBB,electrode_features_all,433,0,Normal
XBB,electrode_features_all,434,0,Normal
XBB,electrode_features_all,435,0,Normal
XBB,electrode_features_all,436,0,Normal
XBB,electrode_features_all,437,0,Normal
XBB,electrode_features_all,438,0,Normal
XBB,electrode_features_all,439,0,Normal
XBB,electrode_features_all,440,0,Normal
XBB,electrode_features_all,441,0,Normal
XBB,electrode_features_all,442,0,Normal
XBB,electrode_features_all,443,0,Normal
XBB,electrode_features_all,444,0,Normal
XBB,electrode_features_all,445,0,Normal
XBB,electrode_features_all,446,0,Normal
XBB,electrode_features_all,447,0,Normal
XBB,electrode_features_all,448,0,Normal
XBB,electrode_features_all,449,0,Normal
XBB,electrode_features_all,450,0,Normal
XBB,electrode_features_all,451,0,Normal
XBB,electrode_features_all,452,0,Normal
XBB,electrode_features_all,453,0,Normal
XBB,electrode_features_all,454,0,Normal
XBB,electrode_features_all,455,0,Normal
XBB,electrode_features_all,456,0,Normal
XBB,electrode_features_all,457,0,Normal
XBB,electrode_features_all,458,0,Normal
XBB,electrode_features_all,459,0,Normal
XBB,electrode_features_all,460,0,Normal
XBB,electrode_features_all,461,0,Normal
XBB,electrode_features_all,462,0,Normal
XBB,electrode_features_all,463,0,Normal
XBB,electrode_features_all,464,0,Normal
XBB,electrode_features_all,465,0,Normal
XBB,electrode_features_all,466,0,Normal
XBB,electrode_features_all,467,0,Normal
XBB,electrode_features_all,468,0,Normal
XBB,electrode_features_all,469,0,Normal
XBB,electrode_features_all,470,0,Normal
XBB,electrode_features_all,471,0,Normal
XBB,electrode_features_all,472,0,Normal
XBB,electrode_features_all,473,0,Normal
XBB,electrode_features_all,474,0,Normal
XBB,electrode_features_all,475,0,Normal
XBB,electrode_features_all,476,0,Normal
XBB,electrode_features_all,477,0,Normal
XBB,electrode_features_all,478,0,Normal
XBB,electrode_features_all,479,0,Normal
XBB,electrode_features_all,480,0,Normal
XBB,electrode_features_all,481,0,Normal
XBB,electrode_features_all,482,0,Normal
XBB,electrode_features_all,483,0,Normal
XBB,electrode_features_all,484,0,Normal
XBB,electrode_features_all,485,0,Normal
XBB,electrode_features_all,486,0,Normal
XBB,electrode_features_all,487,0,Normal
XBB,electrode_features_all,488,0,Normal
XBB,electrode_features_all,489,0,Normal
XBB,electrode_features_all,490,0,Normal
XBB,electrode_features_all,491,0,Normal
XBB,electrode_features_all,492,0,Normal
XBB,electrode_features_all,493,0,Normal
XBB,electrode_features_all,494,0,Normal
XBB,electrode_features_all,495,0,Normal
XBB,electrode_features_all,496,0,Normal
XBB,electrode_features_all,497,0,Normal
XBB,electrode_features_all,498,0,Normal
XBB,electrode_features_all,499,0,Normal
XBB,electrode_features_all,500,0,Normal
XBB,electrode_features_all,501,0,Normal
XBB,electrode_features_all,502,0,Normal
XBB,electrode_features_all,503,0,Normal
XBB,electrode_features_all,504,0,Normal
XBB,electrode_features_all,505,0,Normal
XBB,electrode_features_all,506,0,Normal
XBB,electrode_features_all,507,0,Normal
XBB,electrode_features_all,508,0,Normal
XBB,electrode_features_all,509,0,Normal
XBB,electrode_features_all,510,0,Normal
XBB,electrode_features_all,511,0,Normal
XBB,electrode_features_all,512,0,Normal
XBB,electrode_features_all,513,0,Normal
XBB,electrode_features_all,514,0,Normal
XBB,electrode_features_all,515,0,Normal
XBB,electrode_features_all,516,0,Normal
XBB,electrode_features_all,517,0,Normal
XBB,electrode_features_all,518,0,Normal
XBB,electrode_features_all,519,0,Normal
XBB,electrode_features_all,520,0,Normal
XBB,electrode_features_all,521,0,Normal
XBB,electrode_features_all,522,0,Normal
XBB,electrode_features_all,523,0,Normal
XBB,electrode_features_all,524,0,Normal
XBB,electrode_features_all,525,0,Normal
XBB,electrode_features_all,526,0,Normal
XBB,electrode_features_all,527,0,Normal
XBB,electrode_features_all,528,0,Normal
XBB,electrode_features_all,529,0,Normal
XBB,electrode_features_all,530,0,Normal
XBB,electrode_features_all,531,0,Normal
XBB,electrode_features_all,532,0,Normal
XBB,electrode_features_all,533,0,Normal
XBB,electrode_features_all,534,0,Normal
XBB,electrode_features_all,535,0,Normal
XBB,electrode_features_all,536,0,Normal
XBB,electrode_features_all,537,0,Normal
XBB,electrode_features_all,538,0,Normal
XBB,electrode_features_all,539,0,Normal
XBB,electrode_features_all,540,0,Normal
XBB,electrode_features_all,541,0,Normal
XBB,electrode_features_all,542,0,Normal
XBB,electrode_features_all,543,0,Normal
XBB,electrode_features_all,544,0,Normal
XBB,electrode_features_all,545,0,Normal
XBB,electrode_features_all,546,0,Normal
XBB,electrode_features_all,547,0,Normal
XBB,electrode_features_all,548,0,Normal
XBB,electrode_features_all,549,0,Normal
XBB,electrode_features_all,550,0,Normal
XBB,electrode_features_all,551,0,Normal
XBB,electrode_features_all,552,0,Normal
XBB,electrode_features_all,553,0,Normal
XBB,electrode_features_all,554,0,Normal
XBB,electrode_features_all,555,0,Normal
XBB,electrode_features_all,556,0,Normal
XBB,electrode_features_all,557,0,Normal
XBB,electrode_features_all,558,0,Normal
XBB,electrode_features_all,559,0,Normal
XBB,electrode_features_all,560,0,Normal
XDT,electrode_features_all,0,0,Normal
XDT,electrode_features_all,1,0,Normal
XDT,electrode_features_all,2,0,Normal
XDT,electrode_features_all,3,0,Normal
XDT,electrode_features_all,4,0,Normal
XDT,electrode_features_all,5,0,Normal
XDT,electrode_features_all,6,0,Normal
XDT,electrode_features_all,7,0,Normal
XDT,electrode_features_all,8,0,Normal
XDT,electrode_features_all,9,0,Normal
XDT,electrode_features_all,10,0,Normal
XDT,electrode_features_all,11,0,Normal
XDT,electrode_features_all,12,0,Normal
XDT,electrode_features_all,13,0,Normal
XDT,electrode_features_all,14,0,Normal
XDT,electrode_features_all,15,0,Normal
XDT,electrode_features_all,16,0,Normal
XDT,electrode_features_all,17,0,Normal
XDT,electrode_features_all,18,0,Normal
XDT,electrode_features_all,19,0,Normal
XDT,electrode_features_all,20,0,Normal
XDT,electrode_features_all,21,0,Normal
XDT,electrode_features_all,22,0,Normal
XDT,electrode_features_all,23,0,Normal
XDT,electrode_features_all,24,0,Normal
XDT,electrode_features_all,25,0,Normal
XDT,electrode_features_all,26,0,Normal
XDT,electrode_features_all,27,0,Normal
XDT,electrode_features_all,28,0,Normal
XDT,electrode_features_all,29,0,Normal
XDT,electrode_features_all,30,0,Normal
XDT,electrode_features_all,31,0,Normal
XDT,electrode_features_all,32,0,Normal
XDT,electrode_features_all,33,0,Normal
XDT,electrode_features_all,34,0,Normal
XDT,electrode_features_all,35,0,Normal
XDT,electrode_features_all,36,0,Normal
XDT,electrode_features_all,37,0,Normal
XDT,electrode_features_all,38,0,Normal
XDT,electrode_features_all,39,0,Normal
XDT,electrode_features_all,40,0,Normal
XDT,electrode_features_all,41,0,Normal
XDT,electrode_features_all,42,0,Normal
XDT,electrode_features_all,43,0,Normal
XDT,electrode_features_all,44,0,Normal
XDT,electrode_features_all,45,0,Normal
XDT,electrode_features_all,46,0,Normal
XDT,electrode_features_all,47,0,Normal
XDT,electrode_features_all,48,0,Normal
XDT,electrode_features_all,49,0,Normal
XDT,electrode_features_all,50,0,Normal
XDT,electrode_features_all,51,0,Normal
XDT,electrode_features_all,52,0,Normal
XDT,electrode_features_all,53,0,Normal
XDT,electrode_features_all,54,0,Normal
XDT,electrode_features_all,55,0,Normal
XDT,electrode_features_all,56,0,Normal
XDT,electrode_features_all,57,0,Normal
XDT,electrode_features_all,58,0,Normal
XDT,electrode_features_all,59,0,Normal
XDT,electrode_features_all,60,0,Normal
XDT,electrode_features_all,61,0,Normal
XDT,electrode_features_all,62,0,Normal
XDT,electrode_features_all,63,0,Normal
XDT,electrode_features_all,64,0,Normal
XDT,electrode_features_all,65,0,Normal
XDT,electrode_features_all,66,0,Normal
XDT,electrode_features_all,67,0,Normal
XDT,electrode_features_all,68,0,Normal
XDT,electrode_features_all,69,0,Normal
XDT,electrode_features_all,70,0,Normal
XDT,electrode_features_all,71,0,Normal
XDT,electrode_features_all,72,0,Normal
XDT,electrode_features_all,73,0,Normal
XDT,electrode_features_all,74,0,Normal
XDT,electrode_features_all,75,0,Normal
XDT,electrode_features_all,76,0,Normal
XDT,electrode_features_all,77,0,Normal
XDT,electrode_features_all,78,0,Normal
XDT,electrode_features_all,79,0,Normal
XDT,electrode_features_all,80,0,Normal
XDT,electrode_features_all,81,0,Normal
XDT,electrode_features_all,82,0,Normal
XDT,electrode_features_all,83,0,Normal
XDT,electrode_features_all,84,0,Normal
XDT,electrode_features_all,85,0,Normal
XDT,electrode_features_all,86,0,Normal
XDT,electrode_features_all,87,0,Normal
XDT,electrode_features_all,88,0,Normal
XDT,electrode_features_all,89,0,Normal
XDT,electrode_features_all,90,0,Normal
XDT,electrode_features_all,91,0,Normal
XDT,electrode_features_all,92,0,Normal
XDT,electrode_features_all,93,0,Normal
XDT,electrode_features_all,94,0,Normal
XDT,electrode_features_all,95,0,Normal
XDT,electrode_features_all,96,0,Normal
XDT,electrode_features_all,97,0,Normal
XDT,electrode_features_all,98,0,Normal
XDT,electrode_features_all,99,0,Normal
XDT,electrode_features_all,100,0,Normal
XDT,electrode_features_all,101,0,Normal
XDT,electrode_features_all,102,0,Normal
XDT,electrode_features_all,103,0,Normal
XDT,electrode_features_all,104,0,Normal
XDT,electrode_features_all,105,0,Normal
XDT,electrode_features_all,106,0,Normal
XDT,electrode_features_all,107,0,Normal
XDT,electrode_features_all,108,0,Normal
XDT,electrode_features_all,109,0,Normal
XDT,electrode_features_all,110,0,Normal
XDT,electrode_features_all,111,0,Normal
XDT,electrode_features_all,112,0,Normal
XDT,electrode_features_all,113,0,Normal
XDT,electrode_features_all,114,0,Normal
XDT,electrode_features_all,115,0,Normal
XDT,electrode_features_all,116,0,Normal
XDT,electrode_features_all,117,0,Normal
XDT,electrode_features_all,118,0,Normal
XDT,electrode_features_all,119,0,Normal
XDT,electrode_features_all,120,0,Normal
XDT,electrode_features_all,121,0,Normal
XDT,electrode_features_all,122,0,Normal
XDT,electrode_features_all,123,0,Normal
XDT,electrode_features_all,124,0,Normal
XDT,electrode_features_all,125,0,Normal
XDT,electrode_features_all,126,0,Normal
XDT,electrode_features_all,127,0,Normal
XDT,electrode_features_all,128,0,Normal
XDT,electrode_features_all,129,0,Normal
XDT,electrode_features_all,130,0,Normal
XDT,electrode_features_all,131,0,Normal
XDT,electrode_features_all,132,0,Normal
XDT,electrode_features_all,133,0,Normal
XDT,electrode_features_all,134,0,Normal
XDT,electrode_features_all,135,0,Normal
XDT,electrode_features_all,136,0,Normal
XDT,electrode_features_all,137,0,Normal
XDT,electrode_features_all,138,0,Normal
XDT,electrode_features_all,139,0,Normal
XDT,electrode_features_all,140,0,Normal
XDT,electrode_features_all,141,0,Normal
XDT,electrode_features_all,142,0,Normal
XDT,electrode_features_all,143,0,Normal
XDT,electrode_features_all,144,0,Normal
XDT,electrode_features_all,145,0,Normal
XDT,electrode_features_all,146,0,Normal
XDT,electrode_features_all,147,0,Normal
XDT,electrode_features_all,148,0,Normal
XDT,electrode_features_all,149,0,Normal
XDT,electrode_features_all,150,0,Normal
XDT,electrode_features_all,151,0,Normal
XDT,electrode_features_all,152,0,Normal
XDT,electrode_features_all,153,0,Normal
XDT,electrode_features_all,154,0,Normal
XDT,electrode_features_all,155,0,Normal
XDT,electrode_features_all,156,0,Normal
XDT,electrode_features_all,157,0,Normal
XDT,electrode_features_all,158,0,Normal
XDT,electrode_features_all,159,0,Normal
XDT,electrode_features_all,160,0,Normal
XDT,electrode_features_all,161,0,Normal
XDT,electrode_features_all,162,0,Normal
XDT,electrode_features_all,163,0,Normal
XDT,electrode_features_all,164,0,Normal
XDT,electrode_features_all,165,0,Normal
XDT,electrode_features_all,166,0,Normal
XDT,electrode_features_all,167,0,Normal
XDT,electrode_features_all,168,0,Normal
XDT,electrode_features_all,169,0,Normal
XDT,electrode_features_all,170,0,Normal
XDT,electrode_features_all,171,0,Normal
XDT,electrode_features_all,172,0,Normal
XDT,electrode_features_all,173,0,Normal
XDT,electrode_features_all,174,0,Normal
XDT,electrode_features_all,175,0,Normal
XDT,electrode_features_all,176,0,Normal
XDT,electrode_features_all,177,0,Normal
XDT,electrode_features_all,178,0,Normal
XDT,electrode_features_all,179,0,Normal
XDT,electrode_features_all,180,0,Normal
XDT,electrode_features_all,181,0,Normal
XDT,electrode_features_all,182,0,Normal
XDT,electrode_features_all,183,0,Normal
XDT,electrode_features_all,184,0,Normal
XDT,electrode_features_all,185,0,Normal
XDT,electrode_features_all,186,0,Normal
XDT,electrode_features_all,187,0,Normal
XDT,electrode_features_all,188,0,Normal
XDT,electrode_features_all,189,0,Normal
XDT,electrode_features_all,190,0,Normal
XDT,electrode_features_all,191,0,Normal
XDT,electrode_features_all,192,0,Normal
XDT,electrode_features_all,193,0,Normal
XDT,electrode_features_all,194,0,Normal
XDT,electrode_features_all,195,0,Normal
XDT,electrode_features_all,196,0,Normal
XDT,electrode_features_all,197,0,Normal
XDT,electrode_features_all,198,0,Normal
XDT,electrode_features_all,199,0,Normal
XDT,electrode_features_all,200,0,Normal
XDT,electrode_features_all,201,0,Normal
XDT,electrode_features_all,202,0,Normal
XDT,electrode_features_all,203,0,Normal
XDT,electrode_features_all,204,0,Normal
XDT,electrode_features_all,205,0,Normal
XDT,electrode_features_all,206,0,Normal
XDT,electrode_features_all,207,0,Normal
XDT,electrode_features_all,208,0,Normal
XDT,electrode_features_all,209,0,Normal
XDT,electrode_features_all,210,0,Normal
XDT,electrode_features_all,211,0,Normal
XDT,electrode_features_all,212,0,Normal
XDT,electrode_features_all,213,0,Normal
XDT,electrode_features_all,214,0,Normal
XDT,electrode_features_all,215,1,Dyslexic
XDT,electrode_features_all,216,0,Normal
XDT,electrode_features_all,217,0,Normal
XDT,electrode_features_all,218,0,Normal
XDT,electrode_features_all,219,0,Normal
XDT,electrode_features_all,220,0,Normal
XDT,electrode_features_all,221,0,Normal
XDT,electrode_features_all,222,0,Normal
XDT,electrode_features_all,223,0,Normal
XDT,electrode_features_all,224,0,Normal
XDT,electrode_features_all,225,0,Normal
XDT,electrode_features_all,226,0,Normal
XDT,electrode_features_all,227,0,Normal
XDT,electrode_features_all,228,0,Normal
XDT,electrode_features_all,229,0,Normal
XDT,electrode_features_all,230,0,Normal
XDT,electrode_features_all,231,0,Normal
XDT,electrode_features_all,232,0,Normal
XDT,electrode_features_all,233,0,Normal
XDT,electrode_features_all,234,0,Normal
XDT,electrode_features_all,235,0,Normal
XDT,electrode_features_all,236,0,Normal
XDT,electrode_features_all,237,0,Normal
XDT,electrode_features_all,238,0,Normal
XDT,electrode_features_all,239,0,Normal
XDT,electrode_features_all,240,0,Normal
XDT,electrode_features_all,241,0,Normal
XDT,electrode_features_all,242,0,Normal
XDT,electrode_features_all,243,0,Normal
XDT,electrode_features_all,244,0,Normal
XDT,electrode_features_all,245,0,Normal
XDT,electrode_features_all,246,0,Normal
XDT,electrode_features_all,247,0,Normal
XDT,electrode_features_all,248,0,Normal
XDT,electrode_features_all,249,0,Normal
XDT,electrode_features_all,250,0,Normal
XDT,electrode_features_all,251,0,Normal
XDT,electrode_features_all,252,0,Normal
XDT,electrode_features_all,253,0,Normal
XDT,electrode_features_all,254,0,Normal
XDT,electrode_features_all,255,0,Normal
XDT,electrode_features_all,256,0,Normal
XDT,electrode_features_all,257,0,Normal
XDT,electrode_features_all,258,0,Normal
XDT,electrode_features_all,259,0,Normal
XDT,electrode_features_all,260,0,Normal
XDT,electrode_features_all,261,0,Normal
XDT,electrode_features_all,262,0,Normal
XDT,electrode_features_all,263,0,Normal
XDT,electrode_features_all,264,0,Normal
XDT,electrode_features_all,265,0,Normal
XDT,electrode_features_all,266,0,Normal
XDT,electrode_features_all,267,0,Normal
XDT,electrode_features_all,268,0,Normal
XDT,electrode_features_all,269,0,Normal
XDT,electrode_features_all,270,0,Normal
XDT,electrode_features_all,271,0,Normal
XDT,electrode_features_all,272,0,Normal
XDT,electrode_features_all,273,0,Normal
XDT,electrode_features_all,274,0,Normal
XDT,electrode_features_all,275,0,Normal
XDT,electrode_features_all,276,0,Normal
XDT,electrode_features_all,277,0,Normal
XDT,electrode_features_all,278,0,Normal
XDT,electrode_features_all,279,0,Normal
XDT,electrode_features_all,280,0,Normal
XDT,electrode_features_all,281,0,Normal
XDT,electrode_features_all,282,0,Normal
XDT,electrode_features_all,283,0,Normal
XDT,electrode_features_all,284,0,Normal
XDT,electrode_features_all,285,0,Normal
XDT,electrode_features_all,286,0,Normal
XDT,electrode_features_all,287,0,Normal
XDT,electrode_features_all,288,0,Normal
XDT,electrode_features_all,289,0,Normal
XDT,electrode_features_all,290,0,Normal
XDT,electrode_features_all,291,0,Normal
XDT,electrode_features_all,292,0,Normal
XDT,electrode_features_all,293,0,Normal
XDT,electrode_features_all,294,0,Normal
XDT,electrode_features_all,295,0,Normal
XDT,electrode_features_all,296,0,Normal
XDT,electrode_features_all,297,0,Normal
XDT,electrode_features_all,298,0,Normal
XDT,electrode_features_all,299,0,Normal
XDT,electrode_features_all,300,0,Normal
XDT,electrode_features_all,301,0,Normal
XDT,electrode_features_all,302,0,Normal
XDT,electrode_features_all,303,0,Normal
XDT,electrode_features_all,304,0,Normal
XDT,electrode_features_all,305,0,Normal
XDT,electrode_features_all,306,0,Normal
XDT,electrode_features_all,307,0,Normal
XDT,electrode_features_all,308,0,Normal
XDT,electrode_features_all,309,0,Normal
XDT,electrode_features_all,310,0,Normal
XDT,electrode_features_all,311,0,Normal
XDT,electrode_features_all,312,0,Normal
XDT,electrode_features_all,313,0,Normal
XDT,electrode_features_all,314,0,Normal
XDT,electrode_features_all,315,0,Normal
XDT,electrode_features_all,316,0,Normal
XDT,electrode_features_all,317,0,Normal
XDT,electrode_features_all,318,0,Normal
XDT,electrode_features_all,319,0,Normal
XDT,electrode_features_all,320,0,Normal
XDT,electrode_features_all,321,0,Normal
XDT,electrode_features_all,322,0,Normal
XDT,electrode_features_all,323,0,Normal
XDT,electrode_features_all,324,0,Normal
XDT,electrode_features_all,325,0,Normal
XDT,electrode_features_all,326,0,Normal
XDT,electrode_features_all,327,0,Normal
XDT,electrode_features_all,328,0,Normal
XDT,electrode_features_all,329,0,Normal
XDT,electrode_features_all,330,0,Normal
XDT,electrode_features_all,331,0,Normal
XDT,electrode_features_all,332,0,Normal
XDT,electrode_features_all,333,0,Normal
XDT,electrode_features_all,334,0,Normal
XDT,electrode_features_all,335,0,Normal
XDT,electrode_features_all,336,0,Normal
XDT,electrode_features_all,337,0,Normal
XDT,electrode_features_all,338,0,Normal
XDT,electrode_features_all,339,0,Normal
XDT,electrode_features_all,340,0,Normal
XDT,electrode_features_all,341,0,Normal
XDT,electrode_features_all,342,0,Normal
XDT,electrode_features_all,343,0,Normal
XDT,electrode_features_all,344,0,Normal
XDT,electrode_features_all,345,0,Normal
XDT,electrode_features_all,346,0,Normal
XDT,electrode_features_all,347,0,Normal
XDT,electrode_features_all,348,0,Normal
XDT,electrode_features_all,349,0,Normal
XDT,electrode_features_all,350,0,Normal
XDT,electrode_features_all,351,0,Normal
XDT,electrode_features_all,352,0,Normal
XDT,electrode_features_all,353,0,Normal
XDT,electrode_features_all,354,0,Normal
XDT,electrode_features_all,355,0,Normal
XDT,electrode_features_all,356,0,Normal
XDT,electrode_features_all,357,0,Normal
XDT,electrode_features_all,358,0,Normal
XDT,electrode_features_all,359,0,Normal
XDT,electrode_features_all,360,0,Normal
XDT,electrode_features_all,361,0,Normal
XDT,electrode_features_all,362,0,Normal
XDT,electrode_features_all,363,0,Normal
XDT,electrode_features_all,364,0,Normal
XDT,electrode_features_all,365,0,Normal
XDT,electrode_features_all,366,0,Normal
XDT,electrode_features_all,367,0,Normal
XDT,electrode_features_all,368,0,Normal
XDT,electrode_features_all,369,0,Normal
XDT,electrode_features_all,370,0,Normal
XDT,electrode_features_all,371,0,Normal
XDT,electrode_features_all,372,0,Normal
XDT,electrode_features_all,373,0,Normal
XDT,electrode_features_all,374,0,Normal
XDT,electrode_features_all,375,0,Normal
XDT,electrode_features_all,376,0,Normal
XDT,electrode_features_all,377,0,Normal
XDT,electrode_features_all,378,0,Normal
XDT,electrode_features_all,379,0,Normal
XDT,electrode_features_all,380,0,Normal
XDT,electrode_features_all,381,0,Normal
XDT,electrode_features_all,382,0,Normal
XDT,electrode_features_all,383,0,Normal
XDT,electrode_features_all,384,0,Normal
XDT,electrode_features_all,385,0,Normal
XDT,electrode_features_all,386,0,Normal
XDT,electrode_features_all,387,0,Normal
XDT,electrode_features_all,388,0,Normal
XDT,electrode_features_all,389,0,Normal
XDT,electrode_features_all,390,0,Normal
XDT,electrode_features_all,391,0,Normal
XDT,electrode_features_all,392,0,Normal
XDT,electrode_features_all,393,0,Normal
XDT,electrode_features_all,394,0,Normal
XDT,electrode_features_all,395,0,Normal
XDT,electrode_features_all,396,0,Normal
XDT,electrode_features_all,397,0,Normal
XDT,electrode_features_all,398,0,Normal
XDT,electrode_features_all,399,0,Normal
XDT,electrode_features_all,400,0,Normal
XDT,electrode_features_all,401,0,Normal
XDT,electrode_features_all,402,0,Normal
XDT,electrode_features_all,403,0,Normal
XDT,electrode_features_all,404,0,Normal
XDT,electrode_features_all,405,0,Normal
XDT,electrode_features_all,406,0,Normal
XDT,electrode_features_all,407,0,Normal
XDT,electrode_features_all,408,0,Normal
XDT,electrode_features_all,409,0,Normal
XDT,electrode_features_all,410,0,Normal
XDT,electrode_features_all,411,0,Normal
XDT,electrode_features_all,412,0,Normal
XDT,electrode_features_all,413,0,Normal
XDT,electrode_features_all,414,0,Normal
XDT,electrode_features_all,415,0,Normal
XDT,electrode_features_all,416,1,Dyslexic
XDT,electrode_features_all,417,0,Normal
XDT,electrode_features_all,418,0,Normal
XDT,electrode_features_all,419,0,Normal
XDT,electrode_features_all,420,0,Normal
XDT,electrode_features_all,421,0,Normal
XDT,electrode_features_all,422,0,Normal
XDT,electrode_features_all,423,0,Normal
XDT,electrode_features_all,424,0,Normal
XDT,electrode_features_all,425,0,Normal
XDT,electrode_features_all,426,0,Normal
XDT,electrode_features_all,427,0,Normal
XDT,electrode_features_all,428,0,Normal
XDT,electrode_features_all,429,0,Normal
XDT,electrode_features_all,430,0,Normal
XDT,electrode_features_all,431,0,Normal
XDT,electrode_features_all,432,0,Normal
XDT,electrode_features_all,433,0,Normal
XDT,electrode_features_all,434,0,Normal
XDT,electrode_features_all,435,0,Normal
XDT,electrode_features_all,436,0,Normal
XDT,electrode_features_all,437,0,Normal
XDT,electrode_features_all,438,0,Normal
XDT,electrode_features_all,439,0,Normal
XDT,electrode_features_all,440,0,Normal
XDT,electrode_features_all,441,0,Normal
XDT,electrode_features_all,442,0,Normal
XDT,electrode_features_all,443,0,Normal
XDT,electrode_features_all,444,0,Normal
XDT,electrode_features_all,445,0,Normal
XDT,electrode_features_all,446,0,Normal
XDT,electrode_features_all,447,0,Normal
XDT,electrode_features_all,448,0,Normal
XDT,electrode_features_all,449,1,Dyslexic
XDT,electrode_features_all,450,0,Normal
XDT,electrode_features_all,451,0,Normal
XDT,electrode_features_all,452,0,Normal
XDT,electrode_features_all,453,0,Normal
XDT,electrode_features_all,454,0,Normal
XDT,electrode_features_all,455,0,Normal
XDT,electrode_features_all,456,0,Normal
XDT,electrode_features_all,457,0,Normal
XDT,electrode_features_all,458,0,Normal
XDT,electrode_features_all,459,0,Normal
XDT,electrode_features_all,460,0,Normal
XDT,electrode_features_all,461,0,Normal
XDT,electrode_features_all,462,0,Normal
XDT,electrode_features_all,463,0,Normal
XDT,electrode_features_all,464,0,Normal
XDT,electrode_features_all,465,0,Normal
XDT,electrode_features_all,466,0,Normal
XDT,electrode_features_all,467,0,Normal
XDT,electrode_features_all,468,0,Normal
XDT,electrode_features_all,469,0,Normal
XDT,electrode_features_all,470,0,Normal
XDT,electrode_features_all,471,0,Normal
XDT,electrode_features_all,472,0,Normal
XDT,electrode_features_all,473,0,Normal
XDT,electrode_features_all,474,0,Normal
XDT,electrode_features_all,475,0,Normal
XDT,electrode_features_all,476,0,Normal
XDT,electrode_features_all,477,0,Normal
XDT,electrode_features_all,478,0,Normal
XDT,electrode_features_all,479,0,Normal
XDT,electrode_features_all,480,0,Normal
XDT,electrode_features_all,481,0,Normal
XDT,electrode_features_all,482,0,Normal
XDT,electrode_features_all,483,0,Normal
XDT,electrode_features_all,484,0,Normal
XDT,electrode_features_all,485,0,Normal
XDT,electrode_features_all,486,0,Normal
XDT,electrode_features_all,487,0,Normal
XDT,electrode_features_all,488,0,Normal
XDT,electrode_features_all,489,0,Normal
XDT,electrode_features_all,490,0,Normal
XDT,electrode_features_all,491,0,Normal
XDT,electrode_features_all,492,0,Normal
XDT,electrode_features_all,493,0,Normal
XDT,electrode_features_all,494,0,Normal
XDT,electrode_features_all,495,1,Dyslexic
XDT,electrode_features_all,496,0,Normal
XDT,electrode_features_all,497,0,Normal
XDT,electrode_features_all,498,0,Normal
XDT,electrode_features_all,499,0,Normal
XDT,electrode_features_all,500,0,Normal
XDT,electrode_features_all,501,0,Normal
XDT,electrode_features_all,502,0,Normal
XDT,electrode_features_all,503,0,Normal
XDT,electrode_features_all,504,0,Normal
XDT,electrode_features_all,505,0,Normal
XDT,electrode_features_all,506,0,Normal
XDT,electrode_features_all,507,0,Normal
XDT,electrode_features_all,508,0,Normal
XDT,electrode_features_all,509,0,Normal
XDT,electrode_features_all,510,0,Normal
XDT,electrode_features_all,511,0,Normal
XDT,electrode_features_all,512,0,Normal
XDT,electrode_features_all,513,0,Normal
XDT,electrode_features_all,514,0,Normal
XDT,electrode_features_all,515,0,Normal
XDT,electrode_features_all,516,0,Normal
XDT,electrode_features_all,517,0,Normal
XDT,electrode_features_all,518,0,Normal
XDT,electrode_features_all,519,0,Normal
XDT,electrode_features_all,520,0,Normal
XDT,electrode_features_all,521,0,Normal
XDT,electrode_features_all,522,0,Normal
XDT,electrode_features_all,523,0,Normal
XDT,electrode_features_all,524,0,Normal
XDT,electrode_features_all,525,0,Normal
XDT,electrode_features_all,526,0,Normal
XDT,electrode_features_all,527,0,Normal
XDT,electrode_features_all,528,0,Normal
XDT,electrode_features_all,529,0,Normal
XDT,electrode_features_all,530,0,Normal
XDT,electrode_features_all,531,0,Normal
XDT,electrode_features_all,532,0,Normal
XDT,electrode_features_all,533,0,Normal
XDT,electrode_features_all,534,0,Normal
XDT,electrode_features_all,535,0,Normal
XDT,electrode_features_all,536,0,Normal
XDT,electrode_features_all,537,0,Normal
XDT,electrode_features_all,538,0,Normal
XDT,electrode_features_all,539,0,Normal
XDT,electrode_features_all,540,0,Normal
XDT,electrode_features_all,541,0,Normal
XDT,electrode_features_all,542,0,Normal
XDT,electrode_features_all,543,0,Normal
XDT,electrode_features_all,544,0,Normal
XDT,electrode_features_all,545,0,Normal
XDT,electrode_features_all,546,0,Normal
XDT,electrode_features_all,547,0,Normal
XDT,electrode_features_all,548,0,Normal
XDT,electrode_features_all,549,0,Normal
XDT,electrode_features_all,550,0,Normal
XDT,electrode_features_all,551,0,Normal
XDT,electrode_features_all,552,0,Normal
XDT,electrode_features_all,553,0,Normal
XDT,electrode_features_all,554,0,Normal
XDT,electrode_features_all,555,0,Normal
XDT,electrode_features_all,556,0,Normal
XDT,electrode_features_all,557,0,Normal
XDT,electrode_features_all,558,0,Normal
XDT,electrode_features_all,559,0,Normal
XDT,electrode_features_all,560,0,Normal
XDT,electrode_features_all,561,0,Normal
XDT,electrode_features_all,562,0,Normal
XDT,electrode_features_all,563,0,Normal
XDT,electrode_features_all,564,0,Normal
XDT,electrode_features_all,565,0,Normal
XDT,electrode_features_all,566,0,Normal
XDT,electrode_features_all,567,0,Normal
XDT,electrode_features_all,568,0,Normal
XDT,electrode_features_all,569,0,Normal
XDT,electrode_features_all,570,0,Normal
XDT,electrode_features_all,571,0,Normal
XDT,electrode_features_all,572,0,Normal
XDT,electrode_features_all,573,0,Normal
XDT,electrode_features_all,574,0,Normal
XDT,electrode_features_all,575,0,Normal
XDT,electrode_features_all,576,0,Normal
XDT,electrode_features_all,577,0,Normal
XDT,electrode_features_all,578,0,Normal
XDT,electrode_features_all,579,0,Normal
XDT,electrode_features_all,580,0,Normal
XDT,electrode_features_all,581,0,Normal
XDT,electrode_features_all,582,0,Normal
XDT,electrode_features_all,583,0,Normal
XDT,electrode_features_all,584,0,Normal
XDT,electrode_features_all,585,0,Normal
XDT,electrode_features_all,586,0,Normal
XDT,electrode_features_all,587,0,Normal
XDT,electrode_features_all,588,0,Normal
XDT,electrode_features_all,589,0,Normal
XDT,electrode_features_all,590,0,Normal
XDT,electrode_features_all,591,0,Normal
XDT,electrode_features_all,592,0,Normal
XDT,electrode_features_all,593,0,Normal
XDT,electrode_features_all,594,0,Normal
XDT,electrode_features_all,595,0,Normal
XDT,electrode_features_all,596,0,Normal
XDT,electrode_features_all,597,0,Normal
XDT,electrode_features_all,598,0,Normal
XDT,electrode_features_all,599,0,Normal
XDT,electrode_features_all,600,0,Normal
XDT,electrode_features_all,601,0,Normal
XDT,electrode_features_all,602,0,Normal
XDT,electrode_features_all,603,0,Normal
XDT,electrode_features_all,604,0,Normal
XDT,electrode_features_all,605,0,Normal
XDT,electrode_features_all,606,0,Normal
XDT,electrode_features_all,607,0,Normal
XDT,electrode_features_all,608,0,Normal
XDT,electrode_features_all,609,0,Normal
XDT,electrode_features_all,610,0,Normal
XDT,electrode_features_all,611,0,Normal
XDT,electrode_features_all,612,0,Normal
XDT,electrode_features_all,613,0,Normal
XDT,electrode_features_all,614,0,Normal
XDT,electrode_features_all,615,0,Normal
XDT,electrode_features_all,616,0,Normal
XDT,electrode_features_all,617,0,Normal
XDT,electrode_features_all,618,0,Normal
XDT,electrode_features_all,619,0,Normal
XDT,electrode_features_all,620,0,Normal
XDT,electrode_features_all,621,0,Normal
XDT,electrode_features_all,622,0,Normal
XDT,electrode_features_all,623,0,Normal
XDT,electrode_features_all,624,0,Normal
XDT,electrode_features_all,625,0,Normal
XLS,electrode_features_all,0,0,Normal
XLS,electrode_features_all,1,0,Normal
XLS,electrode_features_all,2,0,Normal
XLS,electrode_features_all,3,0,Normal
XLS,electrode_features_all,4,0,Normal
XLS,electrode_features_all,5,0,Normal
XLS,electrode_features_all,6,0,Normal
XLS,electrode_features_all,7,0,Normal
XLS,electrode_features_all,8,0,Normal
XLS,electrode_features_all,9,0,Normal
XLS,electrode_features_all,10,0,Normal
XLS,electrode_features_all,11,0,Normal
XLS,electrode_features_all,12,0,Normal
XLS,electrode_features_all,13,0,Normal
XLS,electrode_features_all,14,0,Normal
XLS,electrode_features_all,15,0,Normal
XLS,electrode_features_all,16,0,Normal
XLS,electrode_features_all,17,0,Normal
XLS,electrode_features_all,18,0,Normal
XLS,electrode_features_all,19,0,Normal
XLS,electrode_features_all,20,0,Normal
XLS,electrode_features_all,21,0,Normal
XLS,electrode_features_all,22,0,Normal
XLS,electrode_features_all,23,0,Normal
XLS,electrode_features_all,24,0,Normal
XLS,electrode_features_all,25,0,Normal
XLS,electrode_features_all,26,0,Normal
XLS,electrode_features_all,27,0,Normal
XLS,electrode_features_all,28,0,Normal
XLS,electrode_features_all,29,0,Normal
XLS,electrode_features_all,30,0,Normal
XLS,electrode_features_all,31,0,Normal
XLS,electrode_features_all,32,0,Normal
XLS,electrode_features_all,33,0,Normal
XLS,electrode_features_all,34,0,Normal
XLS,electrode_features_all,35,0,Normal
XLS,electrode_features_all,36,0,Normal
XLS,electrode_features_all,37,0,Normal
XLS,electrode_features_all,38,0,Normal
XLS,electrode_features_all,39,0,Normal
XLS,electrode_features_all,40,0,Normal
XLS,electrode_features_all,41,0,Normal
XLS,electrode_features_all,42,0,Normal
XLS,electrode_features_all,43,0,Normal
XLS,electrode_features_all,44,0,Normal
XLS,electrode_features_all,45,0,Normal
XLS,electrode_features_all,46,0,Normal
XLS,electrode_features_all,47,0,Normal
XLS,electrode_features_all,48,0,Normal
XLS,electrode_features_all,49,0,Normal
XLS,electrode_features_all,50,0,Normal
XLS,electrode_features_all,51,0,Normal
XLS,electrode_features_all,52,0,Normal
XLS,electrode_features_all,53,0,Normal
XLS,electrode_features_all,54,0,Normal
XLS,electrode_features_all,55,0,Normal
XLS,electrode_features_all,56,0,Normal
XLS,electrode_features_all,57,0,Normal
XLS,electrode_features_all,58,0,Normal
XLS,electrode_features_all,59,0,Normal
XLS,electrode_features_all,60,0,Normal
XLS,electrode_features_all,61,0,Normal
XLS,electrode_features_all,62,0,Normal
XLS,electrode_features_all,63,0,Normal
XLS,electrode_features_all,64,0,Normal
XLS,electrode_features_all,65,0,Normal
XLS,electrode_features_all,66,0,Normal
XLS,electrode_features_all,67,0,Normal
XLS,electrode_features_all,68,0,Normal
XLS,electrode_features_all,69,0,Normal
XLS,electrode_features_all,70,0,Normal
XLS,electrode_features_all,71,0,Normal
XLS,electrode_features_all,72,0,Normal
XLS,electrode_features_all,73,0,Normal
XLS,electrode_features_all,74,0,Normal
XLS,electrode_features_all,75,0,Normal
XLS,electrode_features_all,76,0,Normal
XLS,electrode_features_all,77,0,Normal
XLS,electrode_features_all,78,0,Normal
XLS,electrode_features_all,79,0,Normal
XLS,electrode_features_all,80,0,Normal
XLS,electrode_features_all,81,0,Normal
XLS,electrode_features_all,82,0,Normal
XLS,electrode_features_all,83,0,Normal
XLS,electrode_features_all,84,0,Normal
XLS,electrode_features_all,85,0,Normal
XLS,electrode_features_all,86,0,Normal
XLS,electrode_features_all,87,0,Normal
XLS,electrode_features_all,88,0,Normal
XLS,electrode_features_all,89,0,Normal
XLS,electrode_features_all,90,0,Normal
XLS,electrode_features_all,91,0,Normal
XLS,electrode_features_all,92,0,Normal
XLS,electrode_features_all,93,0,Normal
XLS,electrode_features_all,94,0,Normal
XLS,electrode_features_all,95,0,Normal
XLS,electrode_features_all,96,0,Normal
XLS,electrode_features_all,97,0,Normal
XLS,electrode_features_all,98,0,Normal
XLS,electrode_features_all,99,0,Normal
XLS,electrode_features_all,100,0,Normal
XLS,electrode_features_all,101,0,Normal
XLS,electrode_features_all,102,0,Normal
XLS,electrode_features_all,103,0,Normal
XLS,electrode_features_all,104,0,Normal
XLS,electrode_features_all,105,0,Normal
XLS,electrode_features_all,106,0,Normal
XLS,electrode_features_all,107,0,Normal
XLS,electrode_features_all,108,0,Normal
XLS,electrode_features_all,109,0,Normal
XLS,electrode_features_all,110,0,Normal
XLS,electrode_features_all,111,0,Normal
XLS,electrode_features_all,112,0,Normal
XLS,electrode_features_all,113,0,Normal
XLS,electrode_features_all,114,0,Normal
XLS,electrode_features_all,115,0,Normal
XLS,electrode_features_all,116,0,Normal
XLS,electrode_features_all,117,0,Normal
XLS,electrode_features_all,118,0,Normal
XLS,electrode_features_all,119,0,Normal
XLS,electrode_features_all,120,0,Normal
XLS,electrode_features_all,121,0,Normal
XLS,electrode_features_all,122,0,Normal
XLS,electrode_features_all,123,0,Normal
XLS,electrode_features_all,124,0,Normal
XLS,electrode_features_all,125,0,Normal
XLS,electrode_features_all,126,0,Normal
XLS,electrode_features_all,127,0,Normal
XLS,electrode_features_all,128,0,Normal
XLS,electrode_features_all,129,0,Normal
XLS,electrode_features_all,130,0,Normal
XLS,electrode_features_all,131,0,Normal
XLS,electrode_features_all,132,0,Normal
XLS,electrode_features_all,133,0,Normal
XLS,electrode_features_all,134,0,Normal
XLS,electrode_features_all,135,0,Normal
XLS,electrode_features_all,136,0,Normal
XLS,electrode_features_all,137,0,Normal
XLS,electrode_features_all,138,0,Normal
XLS,electrode_features_all,139,0,Normal
XLS,electrode_features_all,140,0,Normal
XLS,electrode_features_all,141,0,Normal
XLS,electrode_features_all,142,0,Normal
XLS,electrode_features_all,143,0,Normal
XLS,electrode_features_all,144,0,Normal
XLS,electrode_features_all,145,0,Normal
XLS,electrode_features_all,146,0,Normal
XLS,electrode_features_all,147,0,Normal
XLS,electrode_features_all,148,0,Normal
XLS,electrode_features_all,149,0,Normal
XLS,electrode_features_all,150,0,Normal
XLS,electrode_features_all,151,0,Normal
XLS,electrode_features_all,152,0,Normal
XLS,electrode_features_all,153,0,Normal
XLS,electrode_features_all,154,0,Normal
XLS,electrode_features_all,155,0,Normal
XLS,electrode_features_all,156,0,Normal
XLS,electrode_features_all,157,0,Normal
XLS,electrode_features_all,158,0,Normal
XLS,electrode_features_all,159,0,Normal
XLS,electrode_features_all,160,0,Normal
XLS,electrode_features_all,161,0,Normal
XLS,electrode_features_all,162,0,Normal
XLS,electrode_features_all,163,0,Normal
XLS,electrode_features_all,164,0,Normal
XLS,electrode_features_all,165,0,Normal
XLS,electrode_features_all,166,0,Normal
XLS,electrode_features_all,167,0,Normal
XLS,electrode_features_all,168,0,Normal
XLS,electrode_features_all,169,0,Normal
XLS,electrode_features_all,170,0,Normal
XLS,electrode_features_all,171,0,Normal
XLS,electrode_features_all,172,0,Normal
XLS,electrode_features_all,173,0,Normal
XLS,electrode_features_all,174,0,Normal
XLS,electrode_features_all,175,0,Normal
XLS,electrode_features_all,176,0,Normal
XLS,electrode_features_all,177,0,Normal
XLS,electrode_features_all,178,0,Normal
XLS,electrode_features_all,179,0,Normal
XLS,electrode_features_all,180,0,Normal
XLS,electrode_features_all,181,0,Normal
XLS,electrode_features_all,182,0,Normal
XLS,electrode_features_all,183,0,Normal
XLS,electrode_features_all,184,0,Normal
XLS,electrode_features_all,185,0,Normal
XLS,electrode_features_all,186,0,Normal
XLS,electrode_features_all,187,0,Normal
XLS,electrode_features_all,188,0,Normal
XLS,electrode_features_all,189,0,Normal
XLS,electrode_features_all,190,0,Normal
XLS,electrode_features_all,191,0,Normal
XLS,electrode_features_all,192,0,Normal
XLS,electrode_features_all,193,0,Normal
XLS,electrode_features_all,194,0,Normal
XLS,electrode_features_all,195,0,Normal
XLS,electrode_features_all,196,0,Normal
XLS,electrode_features_all,197,0,Normal
XLS,electrode_features_all,198,0,Normal
XLS,electrode_features_all,199,0,Normal
XLS,electrode_features_all,200,0,Normal
XLS,electrode_features_all,201,0,Normal
XLS,electrode_features_all,202,0,Normal
XLS,electrode_features_all,203,0,Normal
XLS,electrode_features_all,204,0,Normal
XLS,electrode_features_all,205,0,Normal
XLS,electrode_features_all,206,0,Normal
XLS,electrode_features_all,207,0,Normal
XLS,electrode_features_all,208,0,Normal
XLS,electrode_features_all,209,0,Normal
XLS,electrode_features_all,210,0,Normal
XLS,electrode_features_all,211,0,Normal
XLS,electrode_features_all,212,0,Normal
XLS,electrode_features_all,213,0,Normal
XLS,electrode_features_all,214,0,Normal
XLS,electrode_features_all,215,0,Normal
XLS,electrode_features_all,216,0,Normal
XLS,electrode_features_all,217,0,Normal
XLS,electrode_features_all,218,0,Normal
XLS,electrode_features_all,219,0,Normal
XLS,electrode_features_all,220,0,Normal
XLS,electrode_features_all,221,0,Normal
XLS,electrode_features_all,222,0,Normal
XLS,electrode_features_all,223,0,Normal
XLS,electrode_features_all,224,0,Normal
XLS,electrode_features_all,225,0,Normal
XLS,electrode_features_all,226,0,Normal
XLS,electrode_features_all,227,0,Normal
XLS,electrode_features_all,228,0,Normal
XLS,electrode_features_all,229,0,Normal
XLS,electrode_features_all,230,0,Normal
XLS,electrode_features_all,231,0,Normal
XLS,electrode_features_all,232,0,Normal
XLS,electrode_features_all,233,0,Normal
XLS,electrode_features_all,234,0,Normal
XLS,electrode_features_all,235,0,Normal
XLS,electrode_features_all,236,0,Normal
XLS,electrode_features_all,237,0,Normal
XLS,electrode_features_all,238,0,Normal
XLS,electrode_features_all,239,0,Normal
XLS,electrode_features_all,240,0,Normal
XLS,electrode_features_all,241,0,Normal
XLS,electrode_features_all,242,0,Normal
XLS,electrode_features_all,243,0,Normal
XLS,electrode_features_all,244,0,Normal
XLS,electrode_features_all,245,0,Normal
XLS,electrode_features_all,246,0,Normal
XLS,electrode_features_all,247,0,Normal
XLS,electrode_features_all,248,0,Normal
XLS,electrode_features_all,249,0,Normal
XLS,electrode_features_all,250,0,Normal
XLS,electrode_features_all,251,0,Normal
XLS,electrode_features_all,252,0,Normal
XLS,electrode_features_all,253,0,Normal
XLS,electrode_features_all,254,0,Normal
XLS,electrode_features_all,255,0,Normal
XLS,electrode_features_all,256,0,Normal
XLS,electrode_features_all,257,0,Normal
XLS,electrode_features_all,258,0,Normal
XLS,electrode_features_all,259,0,Normal
XLS,electrode_features_all,260,0,Normal
XLS,electrode_features_all,261,0,Normal
XLS,electrode_features_all,262,0,Normal
XLS,electrode_features_all,263,0,Normal
XLS,electrode_features_all,264,0,Normal
XLS,electrode_features_all,265,0,Normal
XLS,electrode_features_all,266,0,Normal
XLS,electrode_features_all,267,0,Normal
XLS,electrode_features_all,268,0,Normal
XLS,electrode_features_all,269,0,Normal
XLS,electrode_features_all,270,0,Normal
XLS,electrode_features_all,271,0,Normal
XLS,electrode_features_all,272,0,Normal
XLS,electrode_features_all,273,0,Normal
XLS,electrode_features_all,274,0,Normal
XLS,electrode_features_all,275,0,Normal
XLS,electrode_features_all,276,0,Normal
XLS,electrode_features_all,277,0,Normal
XLS,electrode_features_all,278,0,Normal
XLS,electrode_features_all,279,0,Normal
XLS,electrode_features_all,280,0,Normal
XLS,electrode_features_all,281,0,Normal
XLS,electrode_features_all,282,0,Normal
XLS,electrode_features_all,283,0,Normal
XLS,electrode_features_all,284,0,Normal
XLS,electrode_features_all,285,0,Normal
XLS,electrode_features_all,286,0,Normal
XLS,electrode_features_all,287,0,Normal
XLS,electrode_features_all,288,0,Normal
XLS,electrode_features_all,289,0,Normal
XLS,electrode_features_all,290,0,Normal
XLS,electrode_features_all,291,0,Normal
XLS,electrode_features_all,292,0,Normal
XLS,electrode_features_all,293,0,Normal
XLS,electrode_features_all,294,0,Normal
XLS,electrode_features_all,295,0,Normal
XLS,electrode_features_all,296,0,Normal
XLS,electrode_features_all,297,0,Normal
XLS,electrode_features_all,298,0,Normal
XLS,electrode_features_all,299,0,Normal
XLS,electrode_features_all,300,0,Normal
XLS,electrode_features_all,301,0,Normal
XLS,electrode_features_all,302,0,Normal
XLS,electrode_features_all,303,0,Normal
XLS,electrode_features_all,304,0,Normal
XLS,electrode_features_all,305,0,Normal
XLS,electrode_features_all,306,0,Normal
XLS,electrode_features_all,307,0,Normal
XLS,electrode_features_all,308,0,Normal
XLS,electrode_features_all,309,0,Normal
XLS,electrode_features_all,310,0,Normal
XLS,electrode_features_all,311,0,Normal
XLS,electrode_features_all,312,0,Normal
XLS,electrode_features_all,313,0,Normal
XLS,electrode_features_all,314,0,Normal
XLS,electrode_features_all,315,0,Normal
XLS,electrode_features_all,316,0,Normal
XLS,electrode_features_all,317,0,Normal
XLS,electrode_features_all,318,0,Normal
XLS,electrode_features_all,319,0,Normal
XLS,electrode_features_all,320,0,Normal
XLS,electrode_features_all,321,0,Normal
XLS,electrode_features_all,322,0,Normal
XLS,electrode_features_all,323,0,Normal
XLS,electrode_features_all,324,0,Normal
XLS,electrode_features_all,325,0,Normal
XLS,electrode_features_all,326,0,Normal
XLS,electrode_features_all,327,0,Normal
XLS,electrode_features_all,328,0,Normal
XLS,electrode_features_all,329,0,Normal
XLS,electrode_features_all,330,0,Normal
XLS,electrode_features_all,331,0,Normal
XLS,electrode_features_all,332,0,Normal
XLS,electrode_features_all,333,0,Normal
XLS,electrode_features_all,334,0,Normal
XLS,electrode_features_all,335,0,Normal
XLS,electrode_features_all,336,0,Normal
XLS,electrode_features_all,337,0,Normal
XLS,electrode_features_all,338,0,Normal
XLS,electrode_features_all,339,0,Normal
XLS,electrode_features_all,340,0,Normal
XLS,electrode_features_all,341,0,Normal
XLS,electrode_features_all,342,0,Normal
XLS,electrode_features_all,343,0,Normal
XLS,electrode_features_all,344,0,Normal
XLS,electrode_features_all,345,0,Normal
XLS,electrode_features_all,346,0,Normal
XLS,electrode_features_all,347,0,Normal
XLS,electrode_features_all,348,0,Normal
XLS,electrode_features_all,349,0,Normal
XLS,electrode_features_all,350,0,Normal
XLS,electrode_features_all,351,0,Normal
XLS,electrode_features_all,352,0,Normal
XLS,electrode_features_all,353,0,Normal
XLS,electrode_features_all,354,0,Normal
XLS,electrode_features_all,355,0,Normal
XLS,electrode_features_all,356,0,Normal
XLS,electrode_features_all,357,0,Normal
XLS,electrode_features_all,358,0,Normal
XLS,electrode_features_all,359,0,Normal
XLS,electrode_features_all,360,0,Normal
XLS,electrode_features_all,361,0,Normal
XLS,electrode_features_all,362,0,Normal
XLS,electrode_features_all,363,0,Normal
XLS,electrode_features_all,364,0,Normal
XLS,electrode_features_all,365,0,Normal
XLS,electrode_features_all,366,0,Normal
XLS,electrode_features_all,367,0,Normal
XLS,electrode_features_all,368,0,Normal
XLS,electrode_features_all,369,0,Normal
XLS,electrode_features_all,370,0,Normal
XLS,electrode_features_all,371,0,Normal
XLS,electrode_features_all,372,0,Normal
XLS,electrode_features_all,373,0,Normal
XLS,electrode_features_all,374,0,Normal
XLS,electrode_features_all,375,0,Normal
XLS,electrode_features_all,376,0,Normal
XLS,electrode_features_all,377,0,Normal
XLS,electrode_features_all,378,0,Normal
XLS,electrode_features_all,379,0,Normal
XLS,electrode_features_all,380,0,Normal
XLS,electrode_features_all,381,0,Normal
XLS,electrode_features_all,382,0,Normal
XLS,electrode_features_all,383,0,Normal
XLS,electrode_features_all,384,0,Normal
XLS,electrode_features_all,385,0,Normal
XLS,electrode_features_all,386,0,Normal
XLS,electrode_features_all,387,0,Normal
XLS,electrode_features_all,388,0,Normal
XLS,electrode_features_all,389,0,Normal
XLS,electrode_features_all,390,0,Normal
XLS,electrode_features_all,391,0,Normal
XLS,electrode_features_all,392,0,Normal
XLS,electrode_features_all,393,0,Normal
XLS,electrode_features_all,394,0,Normal
XLS,electrode_features_all,395,0,Normal
XLS,electrode_features_all,396,0,Normal
XLS,electrode_features_all,397,0,Normal
XLS,electrode_features_all,398,0,Normal
XLS,electrode_features_all,399,0,Normal
XLS,electrode_features_all,400,0,Normal
XLS,electrode_features_all,401,0,Normal
XLS,electrode_features_all,402,0,Normal
XLS,electrode_features_all,403,0,Normal
XLS,electrode_features_all,404,0,Normal
XLS,electrode_features_all,405,0,Normal
XLS,electrode_features_all,406,0,Normal
XLS,electrode_features_all,407,0,Normal
XLS,electrode_features_all,408,0,Normal
XLS,electrode_features_all,409,0,Normal
XLS,electrode_features_all,410,0,Normal
XLS,electrode_features_all,411,0,Normal
XLS,electrode_features_all,412,0,Normal
XLS,electrode_features_all,413,0,Normal
XLS,electrode_features_all,414,0,Normal
XLS,electrode_features_all,415,0,Normal
XLS,electrode_features_all,416,0,Normal
XLS,electrode_features_all,417,0,Normal
XLS,electrode_features_all,418,0,Normal
XLS,electrode_features_all,419,0,Normal
XLS,electrode_features_all,420,0,Normal
XLS,electrode_features_all,421,0,Normal
XLS,electrode_features_all,422,0,Normal
XLS,electrode_features_all,423,0,Normal
XLS,electrode_features_all,424,0,Normal
XLS,electrode_features_all,425,0,Normal
XLS,electrode_features_all,426,0,Normal
XLS,electrode_features_all,427,0,Normal
XLS,electrode_features_all,428,0,Normal
XLS,electrode_features_all,429,0,Normal
XLS,electrode_features_all,430,0,Normal
XLS,electrode_features_all,431,0,Normal
XLS,electrode_features_all,432,0,Normal
XLS,electrode_features_all,433,0,Normal
XLS,electrode_features_all,434,0,Normal
XLS,electrode_features_all,435,0,Normal
XLS,electrode_features_all,436,0,Normal
XLS,electrode_features_all,437,0,Normal
XLS,electrode_features_all,438,0,Normal
XLS,electrode_features_all,439,0,Normal
XLS,electrode_features_all,440,0,Normal
XLS,electrode_features_all,441,0,Normal
XLS,electrode_features_all,442,0,Normal
XLS,electrode_features_all,443,0,Normal
XLS,electrode_features_all,444,0,Normal
XLS,electrode_features_all,445,0,Normal
XLS,electrode_features_all,446,0,Normal
XLS,electrode_features_all,447,0,Normal
XLS,electrode_features_all,448,0,Normal
XLS,electrode_features_all,449,0,Normal
XLS,electrode_features_all,450,0,Normal
XLS,electrode_features_all,451,0,Normal
XLS,electrode_features_all,452,0,Normal
XLS,electrode_features_all,453,0,Normal
XLS,electrode_features_all,454,0,Normal
XLS,electrode_features_all,455,0,Normal
XLS,electrode_features_all,456,0,Normal
XLS,electrode_features_all,457,0,Normal
XLS,electrode_features_all,458,0,Normal
XLS,electrode_features_all,459,0,Normal
XLS,electrode_features_all,460,0,Normal
XLS,electrode_features_all,461,0,Normal
XLS,electrode_features_all,462,0,Normal
XLS,electrode_features_all,463,0,Normal
XLS,electrode_features_all,464,0,Normal
XLS,electrode_features_all,465,0,Normal
XLS,electrode_features_all,466,0,Normal
XLS,electrode_features_all,467,0,Normal
XLS,electrode_features_all,468,0,Normal
XLS,electrode_features_all,469,0,Normal
XLS,electrode_features_all,470,0,Normal
XLS,electrode_features_all,471,0,Normal
XLS,electrode_features_all,472,0,Normal
XLS,electrode_features_all,473,0,Normal
XLS,electrode_features_all,474,0,Normal
XLS,electrode_features_all,475,0,Normal
XLS,electrode_features_all,476,0,Normal
XLS,electrode_features_all,477,0,Normal
XLS,electrode_features_all,478,0,Normal
XLS,electrode_features_all,479,0,Normal
XLS,electrode_features_all,480,0,Normal
XLS,electrode_features_all,481,0,Normal
XLS,electrode_features_all,482,0,Normal
XLS,electrode_features_all,483,0,Normal
XLS,electrode_features_all,484,0,Normal
XLS,electrode_features_all,485,0,Normal
XLS,electrode_features_all,486,0,Normal
XLS,electrode_features_all,487,0,Normal
XLS,electrode_features_all,488,0,Normal
XLS,electrode_features_all,489,0,Normal
XLS,electrode_features_all,490,0,Normal
XLS,electrode_features_all,491,0,Normal
XLS,electrode_features_all,492,0,Normal
XLS,electrode_features_all,493,0,Normal
XLS,electrode_features_all,494,0,Normal
XLS,electrode_features_all,495,0,Normal
XLS,electrode_features_all,496,0,Normal
XLS,electrode_features_all,497,0,Normal
XLS,electrode_features_all,498,0,Normal
XLS,electrode_features_all,499,0,Normal
XLS,electrode_features_all,500,0,Normal
XLS,electrode_features_all,501,0,Normal
XLS,electrode_features_all,502,0,Normal
XLS,electrode_features_all,503,0,Normal
XLS,electrode_features_all,504,0,Normal
XLS,electrode_features_all,505,0,Normal
XLS,electrode_features_all,506,0,Normal
XLS,electrode_features_all,507,0,Normal
XLS,electrode_features_all,508,0,Normal
XLS,electrode_features_all,509,0,Normal
XLS,electrode_features_all,510,0,Normal
XLS,electrode_features_all,511,0,Normal
XLS,electrode_features_all,512,0,Normal
XLS,electrode_features_all,513,0,Normal
XLS,electrode_features_all,514,0,Normal
XLS,electrode_features_all,515,0,Normal
XLS,electrode_features_all,516,0,Normal
XLS,electrode_features_all,517,0,Normal
XLS,electrode_features_all,518,0,Normal
XLS,electrode_features_all,519,0,Normal
XLS,electrode_features_all,520,0,Normal
XLS,electrode_features_all,521,0,Normal
XLS,electrode_features_all,522,0,Normal
XLS,electrode_features_all,523,0,Normal
XLS,electrode_features_all,524,0,Normal
XLS,electrode_features_all,525,0,Normal
XLS,electrode_features_all,526,0,Normal
XLS,electrode_features_all,527,0,Normal
XLS,electrode_features_all,528,0,Normal
XLS,electrode_features_all,529,0,Normal
XLS,electrode_features_all,530,0,Normal
XLS,electrode_features_all,531,0,Normal
XLS,electrode_features_all,532,0,Normal
XLS,electrode_features_all,533,0,Normal
XLS,electrode_features_all,534,0,Normal
XLS,electrode_features_all,535,0,Normal
XLS,electrode_features_all,536,0,Normal
XLS,electrode_features_all,537,0,Normal
XLS,electrode_features_all,538,0,Normal
XLS,electrode_features_all,539,0,Normal
XLS,electrode_features_all,540,0,Normal
XLS,electrode_features_all,541,0,Normal
XLS,electrode_features_all,542,0,Normal
XLS,electrode_features_all,543,0,Normal
XLS,electrode_features_all,544,0,Normal
XLS,electrode_features_all,545,0,Normal
XLS,electrode_features_all,546,0,Normal
XLS,electrode_features_all,547,0,Normal
XLS,electrode_features_all,548,0,Normal
XLS,electrode_features_all,549,0,Normal
XLS,electrode_features_all,550,0,Normal
XLS,electrode_features_all,551,0,Normal
XLS,electrode_features_all,552,0,Normal
XLS,electrode_features_all,553,0,Normal
XLS,electrode_features_all,554,0,Normal
XLS,electrode_features_all,555,0,Normal
XLS,electrode_features_all,556,0,Normal
XPB,electrode_features_all,0,0,Normal
XPB,electrode_features_all,1,0,Normal
XPB,electrode_features_all,2,0,Normal
XPB,electrode_features_all,3,0,Normal
XPB,electrode_features_all,4,0,Normal
XPB,electrode_features_all,5,0,Normal
XPB,electrode_features_all,6,0,Normal
XPB,electrode_features_all,7,0,Normal
XPB,electrode_features_all,8,0,Normal
XPB,electrode_features_all,9,0,Normal
XPB,electrode_features_all,10,0,Normal
XPB,electrode_features_all,11,0,Normal
XPB,electrode_features_all,12,0,Normal
XPB,electrode_features_all,13,0,Normal
XPB,electrode_features_all,14,0,Normal
XPB,electrode_features_all,15,0,Normal
XPB,electrode_features_all,16,0,Normal
XPB,electrode_features_all,17,0,Normal
XPB,electrode_features_all,18,0,Normal
XPB,electrode_features_all,19,0,Normal
XPB,electrode_features_all,20,0,Normal
XPB,electrode_features_all,21,0,Normal
XPB,electrode_features_all,22,0,Normal
XPB,electrode_features_all,23,0,Normal
XPB,electrode_features_all,24,0,Normal
XPB,electrode_features_all,25,0,Normal
XPB,electrode_features_all,26,0,Normal
XPB,electrode_features_all,27,0,Normal
XPB,electrode_features_all,28,0,Normal
XPB,electrode_features_all,29,0,Normal
XPB,electrode_features_all,30,0,Normal
XPB,electrode_features_all,31,0,Normal
XPB,electrode_features_all,32,0,Normal
XPB,electrode_features_all,33,0,Normal
XPB,electrode_features_all,34,0,Normal
XPB,electrode_features_all,35,0,Normal
XPB,electrode_features_all,36,0,Normal
XPB,electrode_features_all,37,0,Normal
XPB,electrode_features_all,38,0,Normal
XPB,electrode_features_all,39,0,Normal
XPB,electrode_features_all,40,0,Normal
XPB,electrode_features_all,41,0,Normal
XPB,electrode_features_all,42,0,Normal
XPB,electrode_features_all,43,0,Normal
XPB,electrode_features_all,44,0,Normal
XPB,electrode_features_all,45,0,Normal
XPB,electrode_features_all,46,0,Normal
XPB,electrode_features_all,47,0,Normal
XPB,electrode_features_all,48,0,Normal
XPB,electrode_features_all,49,0,Normal
XPB,electrode_features_all,50,0,Normal
XPB,electrode_features_all,51,0,Normal
XPB,electrode_features_all,52,0,Normal
XPB,electrode_features_all,53,0,Normal
XPB,electrode_features_all,54,0,Normal
XPB,electrode_features_all,55,0,Normal
XPB,electrode_features_all,56,0,Normal
XPB,electrode_features_all,57,0,Normal
XPB,electrode_features_all,58,0,Normal
XPB,electrode_features_all,59,0,Normal
XPB,electrode_features_all,60,0,Normal
XPB,electrode_features_all,61,0,Normal
XPB,electrode_features_all,62,0,Normal
XPB,electrode_features_all,63,0,Normal
XPB,electrode_features_all,64,0,Normal
XPB,electrode_features_all,65,0,Normal
XPB,electrode_features_all,66,0,Normal
XPB,electrode_features_all,67,0,Normal
XPB,electrode_features_all,68,0,Normal
XPB,electrode_features_all,69,0,Normal
XPB,electrode_features_all,70,0,Normal
XPB,electrode_features_all,71,0,Normal
XPB,electrode_features_all,72,0,Normal
XPB,electrode_features_all,73,0,Normal
XPB,electrode_features_all,74,0,Normal
XPB,electrode_features_all,75,0,Normal
XPB,electrode_features_all,76,0,Normal
XPB,electrode_features_all,77,0,Normal
XPB,electrode_features_all,78,0,Normal
XPB,electrode_features_all,79,0,Normal
XPB,electrode_features_all,80,0,Normal
XPB,electrode_features_all,81,0,Normal
XPB,electrode_features_all,82,0,Normal
XPB,electrode_features_all,83,0,Normal
XPB,electrode_features_all,84,0,Normal
XPB,electrode_features_all,85,0,Normal
XPB,electrode_features_all,86,0,Normal
XPB,electrode_features_all,87,0,Normal
XPB,electrode_features_all,88,0,Normal
XPB,electrode_features_all,89,0,Normal
XPB,electrode_features_all,90,0,Normal
XPB,electrode_features_all,91,0,Normal
XPB,electrode_features_all,92,0,Normal
XPB,electrode_features_all,93,0,Normal
XPB,electrode_features_all,94,0,Normal
XPB,electrode_features_all,95,0,Normal
XPB,electrode_features_all,96,0,Normal
XPB,electrode_features_all,97,0,Normal
XPB,electrode_features_all,98,0,Normal
XPB,electrode_features_all,99,0,Normal
XPB,electrode_features_all,100,0,Normal
XPB,electrode_features_all,101,0,Normal
XPB,electrode_features_all,102,0,Normal
XPB,electrode_features_all,103,0,Normal
XPB,electrode_features_all,104,0,Normal
XPB,electrode_features_all,105,0,Normal
XPB,electrode_features_all,106,0,Normal
XPB,electrode_features_all,107,0,Normal
XPB,electrode_features_all,108,0,Normal
XPB,electrode_features_all,109,0,Normal
XPB,electrode_features_all,110,0,Normal
XPB,electrode_features_all,111,0,Normal
XPB,electrode_features_all,112,0,Normal
XPB,electrode_features_all,113,0,Normal
XPB,electrode_features_all,114,0,Normal
XPB,electrode_features_all,115,0,Normal
XPB,electrode_features_all,116,0,Normal
XPB,electrode_features_all,117,0,Normal
XPB,electrode_features_all,118,0,Normal
XPB,electrode_features_all,119,0,Normal
XPB,electrode_features_all,120,0,Normal
XPB,electrode_features_all,121,0,Normal
XPB,electrode_features_all,122,0,Normal
XPB,electrode_features_all,123,0,Normal
XPB,electrode_features_all,124,0,Normal
XPB,electrode_features_all,125,0,Normal
XPB,electrode_features_all,126,0,Normal
XPB,electrode_features_all,127,0,Normal
XPB,electrode_features_all,128,0,Normal
XPB,electrode_features_all,129,0,Normal
XPB,electrode_features_all,130,0,Normal
XPB,electrode_features_all,131,0,Normal
XPB,electrode_features_all,132,0,Normal
XPB,electrode_features_all,133,0,Normal
XPB,electrode_features_all,134,0,Normal
XPB,electrode_features_all,135,0,Normal
XPB,electrode_features_all,136,0,Normal
XPB,electrode_features_all,137,0,Normal
XPB,electrode_features_all,138,0,Normal
XPB,electrode_features_all,139,0,Normal
XPB,electrode_features_all,140,0,Normal
XPB,electrode_features_all,141,0,Normal
XPB,electrode_features_all,142,0,Normal
XPB,electrode_features_all,143,0,Normal
XPB,electrode_features_all,144,0,Normal
XPB,electrode_features_all,145,0,Normal
XPB,electrode_features_all,146,0,Normal
XPB,electrode_features_all,147,0,Normal
XPB,electrode_features_all,148,0,Normal
XPB,electrode_features_all,149,0,Normal
XPB,electrode_features_all,150,0,Normal
XPB,electrode_features_all,151,0,Normal
XPB,electrode_features_all,152,0,Normal
XPB,electrode_features_all,153,0,Normal
XPB,electrode_features_all,154,0,Normal
XPB,electrode_features_all,155,0,Normal
XPB,electrode_features_all,156,0,Normal
XPB,electrode_features_all,157,0,Normal
XPB,electrode_features_all,158,0,Normal
XPB,electrode_features_all,159,0,Normal
XPB,electrode_features_all,160,0,Normal
XPB,electrode_features_all,161,0,Normal
XPB,electrode_features_all,162,0,Normal
XPB,electrode_features_all,163,0,Normal
XPB,electrode_features_all,164,0,Normal
XPB,electrode_features_all,165,0,Normal
XPB,electrode_features_all,166,0,Normal
XPB,electrode_features_all,167,0,Normal
XPB,electrode_features_all,168,0,Normal
XPB,electrode_features_all,169,0,Normal
XPB,electrode_features_all,170,0,Normal
XPB,electrode_features_all,171,0,Normal
XPB,electrode_features_all,172,0,Normal
XPB,electrode_features_all,173,0,Normal
XPB,electrode_features_all,174,0,Normal
XPB,electrode_features_all,175,0,Normal
XPB,electrode_features_all,176,0,Normal
XPB,electrode_features_all,177,0,Normal
XPB,electrode_features_all,178,0,Normal
XPB,electrode_features_all,179,0,Normal
XPB,electrode_features_all,180,0,Normal
XPB,electrode_features_all,181,0,Normal
XPB,electrode_features_all,182,0,Normal
XPB,electrode_features_all,183,0,Normal
XPB,electrode_features_all,184,0,Normal
XPB,electrode_features_all,185,0,Normal
XPB,electrode_features_all,186,0,Normal
XPB,electrode_features_all,187,0,Normal
XPB,electrode_features_all,188,0,Normal
XPB,electrode_features_all,189,0,Normal
XPB,electrode_features_all,190,0,Normal
XPB,electrode_features_all,191,0,Normal
XPB,electrode_features_all,192,0,Normal
XPB,electrode_features_all,193,0,Normal
XPB,electrode_features_all,194,0,Normal
XPB,electrode_features_all,195,0,Normal
XPB,electrode_features_all,196,0,Normal
XPB,electrode_features_all,197,0,Normal
XPB,electrode_features_all,198,0,Normal
XPB,electrode_features_all,199,0,Normal
XPB,electrode_features_all,200,0,Normal
XPB,electrode_features_all,201,0,Normal
XPB,electrode_features_all,202,0,Normal
XPB,electrode_features_all,203,0,Normal
XPB,electrode_features_all,204,0,Normal
XPB,electrode_features_all,205,0,Normal
XPB,electrode_features_all,206,0,Normal
XPB,electrode_features_all,207,0,Normal
XPB,electrode_features_all,208,0,Normal
XPB,electrode_features_all,209,0,Normal
XPB,electrode_features_all,210,0,Normal
XPB,electrode_features_all,211,0,Normal
XPB,electrode_features_all,212,0,Normal
XPB,electrode_features_all,213,0,Normal
XPB,electrode_features_all,214,0,Normal
XPB,electrode_features_all,215,0,Normal
XPB,electrode_features_all,216,0,Normal
XPB,electrode_features_all,217,0,Normal
XPB,electrode_features_all,218,0,Normal
XPB,electrode_features_all,219,0,Normal
XPB,electrode_features_all,220,0,Normal
XPB,electrode_features_all,221,0,Normal
XPB,electrode_features_all,222,0,Normal
XPB,electrode_features_all,223,0,Normal
XPB,electrode_features_all,224,0,Normal
XPB,electrode_features_all,225,0,Normal
XPB,electrode_features_all,226,0,Normal
XPB,electrode_features_all,227,0,Normal
XPB,electrode_features_all,228,0,Normal
XPB,electrode_features_all,229,0,Normal
XPB,electrode_features_all,230,0,Normal
XPB,electrode_features_all,231,0,Normal
XPB,electrode_features_all,232,0,Normal
XPB,electrode_features_all,233,0,Normal
XPB,electrode_features_all,234,0,Normal
XPB,electrode_features_all,235,0,Normal
XPB,electrode_features_all,236,0,Normal
XPB,electrode_features_all,237,0,Normal
XPB,electrode_features_all,238,0,Normal
XPB,electrode_features_all,239,0,Normal
XPB,electrode_features_all,240,0,Normal
XPB,electrode_features_all,241,0,Normal
XPB,electrode_features_all,242,0,Normal
XPB,electrode_features_all,243,0,Normal
XPB,electrode_features_all,244,0,Normal
XPB,electrode_features_all,245,0,Normal
XPB,electrode_features_all,246,0,Normal
XPB,electrode_features_all,247,0,Normal
XPB,electrode_features_all,248,0,Normal
XPB,electrode_features_all,249,0,Normal
XPB,electrode_features_all,250,0,Normal
XPB,electrode_features_all,251,0,Normal
XPB,electrode_features_all,252,0,Normal
XPB,electrode_features_all,253,0,Normal
XPB,electrode_features_all,254,0,Normal
XPB,electrode_features_all,255,0,Normal
XPB,electrode_features_all,256,0,Normal
XPB,electrode_features_all,257,0,Normal
XPB,electrode_features_all,258,0,Normal
XPB,electrode_features_all,259,0,Normal
XPB,electrode_features_all,260,0,Normal
XPB,electrode_features_all,261,0,Normal
XPB,electrode_features_all,262,0,Normal
XPB,electrode_features_all,263,0,Normal
XPB,electrode_features_all,264,0,Normal
XPB,electrode_features_all,265,0,Normal
XPB,electrode_features_all,266,0,Normal
XPB,electrode_features_all,267,0,Normal
XPB,electrode_features_all,268,0,Normal
XPB,electrode_features_all,269,0,Normal
XPB,electrode_features_all,270,0,Normal
XPB,electrode_features_all,271,0,Normal
XPB,electrode_features_all,272,0,Normal
XPB,electrode_features_all,273,0,Normal
XPB,electrode_features_all,274,0,Normal
XPB,electrode_features_all,275,0,Normal
XPB,electrode_features_all,276,0,Normal
XPB,electrode_features_all,277,0,Normal
XPB,electrode_features_all,278,0,Normal
XPB,electrode_features_all,279,0,Normal
XPB,electrode_features_all,280,0,Normal
XPB,electrode_features_all,281,0,Normal
XPB,electrode_features_all,282,0,Normal
XPB,electrode_features_all,283,0,Normal
XPB,electrode_features_all,284,0,Normal
XPB,electrode_features_all,285,0,Normal
XPB,electrode_features_all,286,0,Normal
XPB,electrode_features_all,287,0,Normal
XPB,electrode_features_all,288,0,Normal
XPB,electrode_features_all,289,0,Normal
XPB,electrode_features_all,290,0,Normal
XPB,electrode_features_all,291,0,Normal
XPB,electrode_features_all,292,0,Normal
XPB,electrode_features_all,293,0,Normal
XPB,electrode_features_all,294,0,Normal
XPB,electrode_features_all,295,0,Normal
XPB,electrode_features_all,296,0,Normal
XPB,electrode_features_all,297,0,Normal
XPB,electrode_features_all,298,0,Normal
XPB,electrode_features_all,299,0,Normal
XPB,electrode_features_all,300,0,Normal
XPB,electrode_features_all,301,0,Normal
XPB,electrode_features_all,302,0,Normal
XPB,electrode_features_all,303,0,Normal
XPB,electrode_features_all,304,0,Normal
XPB,electrode_features_all,305,0,Normal
XPB,electrode_features_all,306,0,Normal
XPB,electrode_features_all,307,0,Normal
XPB,electrode_features_all,308,0,Normal
XPB,electrode_features_all,309,0,Normal
XPB,electrode_features_all,310,0,Normal
XPB,electrode_features_all,311,0,Normal
XPB,electrode_features_all,312,0,Normal
XPB,electrode_features_all,313,0,Normal
XPB,electrode_features_all,314,0,Normal
XPB,electrode_features_all,315,0,Normal
XPB,electrode_features_all,316,0,Normal
XPB,electrode_features_all,317,0,Normal
XPB,electrode_features_all,318,0,Normal
XPB,electrode_features_all,319,0,Normal
XPB,electrode_features_all,320,0,Normal
XPB,electrode_features_all,321,0,Normal
XPB,electrode_features_all,322,0,Normal
XPB,electrode_features_all,323,0,Normal
XPB,electrode_features_all,324,0,Normal
XPB,electrode_features_all,325,0,Normal
XPB,electrode_features_all,326,0,Normal
XPB,electrode_features_all,327,0,Normal
XPB,electrode_features_all,328,0,Normal
XPB,electrode_features_all,329,0,Normal
XPB,electrode_features_all,330,0,Normal
XPB,electrode_features_all,331,0,Normal
XPB,electrode_features_all,332,0,Normal
XPB,electrode_features_all,333,0,Normal
XPB,electrode_features_all,334,0,Normal
XPB,electrode_features_all,335,0,Normal
XPB,electrode_features_all,336,0,Normal
XPB,electrode_features_all,337,0,Normal
XPB,electrode_features_all,338,0,Normal
XPB,electrode_features_all,339,0,Normal
XPB,electrode_features_all,340,0,Normal
XPB,electrode_features_all,341,0,Normal
XPB,electrode_features_all,342,0,Normal
XPB,electrode_features_all,343,0,Normal
XPB,electrode_features_all,344,0,Normal
XPB,electrode_features_all,345,0,Normal
XPB,electrode_features_all,346,0,Normal
XPB,electrode_features_all,347,0,Normal
XPB,electrode_features_all,348,0,Normal
XPB,electrode_features_all,349,0,Normal
XPB,electrode_features_all,350,0,Normal
XPB,electrode_features_all,351,0,Normal
XPB,electrode_features_all,352,0,Normal
XPB,electrode_features_all,353,0,Normal
XPB,electrode_features_all,354,0,Normal
XPB,electrode_features_all,355,0,Normal
XPB,electrode_features_all,356,0,Normal
XPB,electrode_features_all,357,0,Normal
XPB,electrode_features_all,358,0,Normal
XPB,electrode_features_all,359,0,Normal
XPB,electrode_features_all,360,0,Normal
XPB,electrode_features_all,361,0,Normal
XPB,electrode_features_all,362,0,Normal
XPB,electrode_features_all,363,0,Normal
XPB,electrode_features_all,364,0,Normal
XPB,electrode_features_all,365,0,Normal
XPB,electrode_features_all,366,0,Normal
XPB,electrode_features_all,367,0,Normal
XPB,electrode_features_all,368,0,Normal
XPB,electrode_features_all,369,0,Normal
XPB,electrode_features_all,370,0,Normal
XPB,electrode_features_all,371,0,Normal
XPB,electrode_features_all,372,0,Normal
XPB,electrode_features_all,373,0,Normal
XPB,electrode_features_all,374,0,Normal
XPB,electrode_features_all,375,0,Normal
XPB,electrode_features_all,376,0,Normal
XPB,electrode_features_all,377,0,Normal
XPB,electrode_features_all,378,0,Normal
XPB,electrode_features_all,379,0,Normal
XSE,electrode_features_all,0,0,Normal
XSE,electrode_features_all,1,0,Normal
XSE,electrode_features_all,2,0,Normal
XSE,electrode_features_all,3,0,Normal
XSE,electrode_features_all,4,0,Normal
XSE,electrode_features_all,5,1,Dyslexic
XSE,electrode_features_all,6,0,Normal
XSE,electrode_features_all,7,0,Normal
XSE,electrode_features_all,8,0,Normal
XSE,electrode_features_all,9,1,Dyslexic
XSE,electrode_features_all,10,0,Normal
XSE,electrode_features_all,11,0,Normal
XSE,electrode_features_all,12,0,Normal
XSE,electrode_features_all,13,0,Normal
XSE,electrode_features_all,14,0,Normal
XSE,electrode_features_all,15,0,Normal
XSE,electrode_features_all,16,1,Dyslexic
XSE,electrode_features_all,17,0,Normal
XSE,electrode_features_all,18,0,Normal
XSE,electrode_features_all,19,0,Normal
XSE,electrode_features_all,20,0,Normal
XSE,electrode_features_all,21,0,Normal
XSE,electrode_features_all,22,0,Normal
XSE,electrode_features_all,23,0,Normal
XSE,electrode_features_all,24,0,Normal
XSE,electrode_features_all,25,1,Dyslexic
XSE,electrode_features_all,26,0,Normal
XSE,electrode_features_all,27,0,Normal
XSE,electrode_features_all,28,0,Normal
XSE,electrode_features_all,29,0,Normal
XSE,electrode_features_all,30,0,Normal
XSE,electrode_features_all,31,0,Normal
XSE,electrode_features_all,32,0,Normal
XSE,electrode_features_all,33,0,Normal
XSE,electrode_features_all,34,0,Normal
XSE,electrode_features_all,35,1,Dyslexic
XSE,electrode_features_all,36,0,Normal
XSE,electrode_features_all,37,1,Dyslexic
XSE,electrode_features_all,38,0,Normal
XSE,electrode_features_all,39,0,Normal
XSE,electrode_features_all,40,0,Normal
XSE,electrode_features_all,41,0,Normal
XSE,electrode_features_all,42,0,Normal
XSE,electrode_features_all,43,0,Normal
XSE,electrode_features_all,44,0,Normal
XSE,electrode_features_all,45,0,Normal
XSE,electrode_features_all,46,0,Normal
XSE,electrode_features_all,47,0,Normal
XSE,electrode_features_all,48,0,Normal
XSE,electrode_features_all,49,0,Normal
XSE,electrode_features_all,50,1,Dyslexic
XSE,electrode_features_all,51,0,Normal
XSE,electrode_features_all,52,0,Normal
XSE,electrode_features_all,53,0,Normal
XSE,electrode_features_all,54,0,Normal
XSE,electrode_features_all,55,0,Normal
XSE,electrode_features_all,56,0,Normal
XSE,electrode_features_all,57,0,Normal
XSE,electrode_features_all,58,0,Normal
XSE,electrode_features_all,59,0,Normal
XSE,electrode_features_all,60,0,Normal
XSE,electrode_features_all,61,0,Normal
XSE,electrode_features_all,62,0,Normal
XSE,electrode_features_all,63,0,Normal
XSE,electrode_features_all,64,0,Normal
XSE,electrode_features_all,65,0,Normal
XSE,electrode_features_all,66,1,Dyslexic
XSE,electrode_features_all,67,1,Dyslexic
XSE,electrode_features_all,68,0,Normal
XSE,electrode_features_all,69,0,Normal
XSE,electrode_features_all,70,0,Normal
XSE,electrode_features_all,71,0,Normal
XSE,electrode_features_all,72,1,Dyslexic
XSE,electrode_features_all,73,0,Normal
XSE,electrode_features_all,74,0,Normal
XSE,electrode_features_all,75,0,Normal
XSE,electrode_features_all,76,0,Normal
XSE,electrode_features_all,77,1,Dyslexic
XSE,electrode_features_all,78,0,Normal
XSE,electrode_features_all,79,1,Dyslexic
XSE,electrode_features_all,80,0,Normal
XSE,electrode_features_all,81,0,Normal
XSE,electrode_features_all,82,0,Normal
XSE,electrode_features_all,83,0,Normal
XSE,electrode_features_all,84,1,Dyslexic
XSE,electrode_features_all,85,0,Normal
XSE,electrode_features_all,86,0,Normal
XSE,electrode_features_all,87,0,Normal
XSE,electrode_features_all,88,1,Dyslexic
XSE,electrode_features_all,89,0,Normal
XSE,electrode_features_all,90,0,Normal
XSE,electrode_features_all,91,0,Normal
XSE,electrode_features_all,92,0,Normal
XSE,electrode_features_all,93,0,Normal
XSE,electrode_features_all,94,0,Normal
XSE,electrode_features_all,95,0,Normal
XSE,electrode_features_all,96,0,Normal
XSE,electrode_features_all,97,1,Dyslexic
XSE,electrode_features_all,98,0,Normal
XSE,electrode_features_all,99,0,Normal
XSE,electrode_features_all,100,0,Normal
XSE,electrode_features_all,101,0,Normal
XSE,electrode_features_all,102,0,Normal
XSE,electrode_features_all,103,0,Normal
XSE,electrode_features_all,104,0,Normal
XSE,electrode_features_all,105,0,Normal
XSE,electrode_features_all,106,0,Normal
XSE,electrode_features_all,107,0,Normal
XSE,electrode_features_all,108,0,Normal
XSE,electrode_features_all,109,0,Normal
XSE,electrode_features_all,110,0,Normal
XSE,electrode_features_all,111,1,Dyslexic
XSE,electrode_features_all,112,0,Normal
XSE,electrode_features_all,113,0,Normal
XSE,electrode_features_all,114,0,Normal
XSE,electrode_features_all,115,0,Normal
XSE,electrode_features_all,116,0,Normal
XSE,electrode_features_all,117,1,Dyslexic
XSE,electrode_features_all,118,0,Normal
XSE,electrode_features_all,119,0,Normal
XSE,electrode_features_all,120,0,Normal
XSE,electrode_features_all,121,0,Normal
XSE,electrode_features_all,122,0,Normal
XSE,electrode_features_all,123,0,Normal
XSE,electrode_features_all,124,0,Normal
XSE,electrode_features_all,125,1,Dyslexic
XSE,electrode_features_all,126,0,Normal
XSE,electrode_features_all,127,0,Normal
XSE,electrode_features_all,128,0,Normal
XSE,electrode_features_all,129,0,Normal
XSE,electrode_features_all,130,0,Normal
XSE,electrode_features_all,131,0,Normal
XSE,electrode_features_all,132,0,Normal
XSE,electrode_features_all,133,0,Normal
XSE,electrode_features_all,134,1,Dyslexic
XSE,electrode_features_all,135,0,Normal
XSE,electrode_features_all,136,0,Normal
XSE,electrode_features_all,137,0,Normal
XSE,electrode_features_all,138,0,Normal
XSE,electrode_features_all,139,0,Normal
XSE,electrode_features_all,140,0,Normal
XSE,electrode_features_all,141,0,Normal
XSE,electrode_features_all,142,0,Normal
XSE,electrode_features_all,143,0,Normal
XSE,electrode_features_all,144,0,Normal
XSE,electrode_features_all,145,0,Normal
XSE,electrode_features_all,146,1,Dyslexic
XSE,electrode_features_all,147,0,Normal
XSE,electrode_features_all,148,0,Normal
XSE,electrode_features_all,149,0,Normal
XSE,electrode_features_all,150,0,Normal
XSE,electrode_features_all,151,1,Dyslexic
XSE,electrode_features_all,152,0,Normal
XSE,electrode_features_all,153,1,Dyslexic
XSE,electrode_features_all,154,0,Normal
XSE,electrode_features_all,155,0,Normal
XSE,electrode_features_all,156,0,Normal
XSE,electrode_features_all,157,0,Normal
XSE,electrode_features_all,158,0,Normal
XSE,electrode_features_all,159,0,Normal
XSE,electrode_features_all,160,0,Normal
XSE,electrode_features_all,161,0,Normal
XSE,electrode_features_all,162,0,Normal
XSE,electrode_features_all,163,0,Normal
XSE,electrode_features_all,164,0,Normal
XSE,electrode_features_all,165,0,Normal
XSE,electrode_features_all,166,0,Normal
XSE,electrode_features_all,167,1,Dyslexic
XSE,electrode_features_all,168,0,Normal
XSE,electrode_features_all,169,0,Normal
XSE,electrode_features_all,170,0,Normal
XSE,electrode_features_all,171,0,Normal
XSE,electrode_features_all,172,0,Normal
XSE,electrode_features_all,173,0,Normal
XSE,electrode_features_all,174,1,Dyslexic
XSE,electrode_features_all,175,0,Normal
XSE,electrode_features_all,176,0,Normal
XSE,electrode_features_all,177,0,Normal
XSE,electrode_features_all,178,0,Normal
XSE,electrode_features_all,179,1,Dyslexic
XSE,electrode_features_all,180,0,Normal
XSE,electrode_features_all,181,0,Normal
XSE,electrode_features_all,182,0,Normal
XSE,electrode_features_all,183,1,Dyslexic
XSE,electrode_features_all,184,0,Normal
XSE,electrode_features_all,185,0,Normal
XSE,electrode_features_all,186,0,Normal
XSE,electrode_features_all,187,0,Normal
XSE,electrode_features_all,188,0,Normal
XSE,electrode_features_all,189,0,Normal
XSE,electrode_features_all,190,0,Normal
XSE,electrode_features_all,191,0,Normal
XSE,electrode_features_all,192,1,Dyslexic
XSE,electrode_features_all,193,0,Normal
XSE,electrode_features_all,194,0,Normal
XSE,electrode_features_all,195,0,Normal
XSE,electrode_features_all,196,1,Dyslexic
XSE,electrode_features_all,197,0,Normal
XSE,electrode_features_all,198,0,Normal
XSE,electrode_features_all,199,0,Normal
XSE,electrode_features_all,200,0,Normal
XSE,electrode_features_all,201,0,Normal
XSE,electrode_features_all,202,1,Dyslexic
XSE,electrode_features_all,203,0,Normal
XSE,electrode_features_all,204,0,Normal
XSE,electrode_features_all,205,0,Normal
XSE,electrode_features_all,206,0,Normal
XSE,electrode_features_all,207,0,Normal
XSE,electrode_features_all,208,0,Normal
XSE,electrode_features_all,209,1,Dyslexic
XSE,electrode_features_all,210,0,Normal
XSE,electrode_features_all,211,1,Dyslexic
XSE,electrode_features_all,212,0,Normal
XSE,electrode_features_all,213,0,Normal
XSE,electrode_features_all,214,0,Normal
XSE,electrode_features_all,215,1,Dyslexic
XSE,electrode_features_all,216,0,Normal
XSE,electrode_features_all,217,0,Normal
XSE,electrode_features_all,218,0,Normal
XSE,electrode_features_all,219,0,Normal
XSE,electrode_features_all,220,0,Normal
XSE,electrode_features_all,221,0,Normal
XSE,electrode_features_all,222,0,Normal
XSE,electrode_features_all,223,0,Normal
XSE,electrode_features_all,224,0,Normal
XSE,electrode_features_all,225,0,Normal
XSE,electrode_features_all,226,0,Normal
XSE,electrode_features_all,227,0,Normal
XSE,electrode_features_all,228,0,Normal
XSE,electrode_features_all,229,0,Normal
XSE,electrode_features_all,230,0,Normal
XSE,electrode_features_all,231,0,Normal
XSE,electrode_features_all,232,0,Normal
XSE,electrode_features_all,233,0,Normal
XSE,electrode_features_all,234,0,Normal
XSE,electrode_features_all,235,0,Normal
XSE,electrode_features_all,236,1,Dyslexic
XSE,electrode_features_all,237,0,Normal
XSE,electrode_features_all,238,0,Normal
XSE,electrode_features_all,239,0,Normal
XSE,electrode_features_all,240,0,Normal
XSE,electrode_features_all,241,1,Dyslexic
XSE,electrode_features_all,242,0,Normal
XSE,electrode_features_all,243,1,Dyslexic
XSE,electrode_features_all,244,0,Normal
XSE,electrode_features_all,245,0,Normal
XSE,electrode_features_all,246,1,Dyslexic
XSE,electrode_features_all,247,0,Normal
XSE,electrode_features_all,248,0,Normal
XSE,electrode_features_all,249,0,Normal
XSE,electrode_features_all,250,0,Normal
XSE,electrode_features_all,251,1,Dyslexic
XSE,electrode_features_all,252,0,Normal
XSE,electrode_features_all,253,0,Normal
XSE,electrode_features_all,254,1,Dyslexic
XSE,electrode_features_all,255,0,Normal
XSE,electrode_features_all,256,1,Dyslexic
XSE,electrode_features_all,257,0,Normal
XSE,electrode_features_all,258,1,Dyslexic
XSE,electrode_features_all,259,0,Normal
XSE,electrode_features_all,260,1,Dyslexic
XSE,electrode_features_all,261,0,Normal
XSE,electrode_features_all,262,0,Normal
XSE,electrode_features_all,263,0,Normal
XSE,electrode_features_all,264,0,Normal
XSE,electrode_features_all,265,0,Normal
XSE,electrode_features_all,266,0,Normal
XSE,electrode_features_all,267,1,Dyslexic
XSE,electrode_features_all,268,0,Normal
XSE,electrode_features_all,269,0,Normal
XSE,electrode_features_all,270,0,Normal
XSE,electrode_features_all,271,0,Normal
XSE,electrode_features_all,272,0,Normal
XSE,electrode_features_all,273,0,Normal
XSE,electrode_features_all,274,0,Normal
XSE,electrode_features_all,275,0,Normal
XSE,electrode_features_all,276,0,Normal
XSE,electrode_features_all,277,0,Normal
XSE,electrode_features_all,278,1,Dyslexic
XSE,electrode_features_all,279,0,Normal
XSE,electrode_features_all,280,0,Normal
XSE,electrode_features_all,281,0,Normal
XSE,electrode_features_all,282,0,Normal
XSE,electrode_features_all,283,0,Normal
XSE,electrode_features_all,284,0,Normal
XSE,electrode_features_all,285,0,Normal
XSE,electrode_features_all,286,0,Normal
XSE,electrode_features_all,287,0,Normal
XSE,electrode_features_all,288,0,Normal
XSE,electrode_features_all,289,0,Normal
XSE,electrode_features_all,290,1,Dyslexic
XSE,electrode_features_all,291,0,Normal
XSE,electrode_features_all,292,0,Normal
XSE,electrode_features_all,293,0,Normal
XSE,electrode_features_all,294,0,Normal
XSE,electrode_features_all,295,0,Normal
XSE,electrode_features_all,296,0,Normal
XSE,electrode_features_all,297,0,Normal
XSE,electrode_features_all,298,0,Normal
XSE,electrode_features_all,299,0,Normal
XSE,electrode_features_all,300,0,Normal
XSE,electrode_features_all,301,0,Normal
XSE,electrode_features_all,302,0,Normal
XSE,electrode_features_all,303,0,Normal
XSE,electrode_features_all,304,0,Normal
XSE,electrode_features_all,305,0,Normal
XSE,electrode_features_all,306,0,Normal
XSE,electrode_features_all,307,0,Normal
XSE,electrode_features_all,308,1,Dyslexic
XSE,electrode_features_all,309,0,Normal
XSE,electrode_features_all,310,0,Normal
XSE,electrode_features_all,311,0,Normal
XSE,electrode_features_all,312,1,Dyslexic
XSE,electrode_features_all,313,0,Normal
XSE,electrode_features_all,314,1,Dyslexic
XSE,electrode_features_all,315,0,Normal
XSE,electrode_features_all,316,0,Normal
XSE,electrode_features_all,317,1,Dyslexic
XSE,electrode_features_all,318,0,Normal
XSE,electrode_features_all,319,0,Normal
XSE,electrode_features_all,320,1,Dyslexic
XSE,electrode_features_all,321,0,Normal
XSE,electrode_features_all,322,0,Normal
XSE,electrode_features_all,323,1,Dyslexic
XSE,electrode_features_all,324,0,Normal
XSE,electrode_features_all,325,1,Dyslexic
XSE,electrode_features_all,326,1,Dyslexic
XSE,electrode_features_all,327,0,Normal
XSE,electrode_features_all,328,0,Normal
XSE,electrode_features_all,329,1,Dyslexic
XSE,electrode_features_all,330,0,Normal
XSE,electrode_features_all,331,0,Normal
XSE,electrode_features_all,332,0,Normal
XSE,electrode_features_all,333,0,Normal
XSE,electrode_features_all,334,0,Normal
XSE,electrode_features_all,335,0,Normal
XSE,electrode_features_all,336,0,Normal
XSE,electrode_features_all,337,0,Normal
XSE,electrode_features_all,338,0,Normal
XSE,electrode_features_all,339,0,Normal
XSE,electrode_features_all,340,0,Normal
XSE,electrode_features_all,341,0,Normal
XSE,electrode_features_all,342,0,Normal
XSE,electrode_features_all,343,0,Normal
XSE,electrode_features_all,344,0,Normal
XSE,electrode_features_all,345,0,Normal
XSE,electrode_features_all,346,0,Normal
XSE,electrode_features_all,347,0,Normal
XSE,electrode_features_all,348,0,Normal
XSE,electrode_features_all,349,0,Normal
XSE,electrode_features_all,350,1,Dyslexic
XSE,electrode_features_all,351,0,Normal
XSE,electrode_features_all,352,0,Normal
XSE,electrode_features_all,353,0,Normal
XSE,electrode_features_all,354,0,Normal
XSE,electrode_features_all,355,0,Normal
XSE,electrode_features_all,356,0,Normal
XSE,electrode_features_all,357,0,Normal
XSE,electrode_features_all,358,0,Normal
XSE,electrode_features_all,359,0,Normal
XSE,electrode_features_all,360,0,Normal
XSE,electrode_features_all,361,1,Dyslexic
XSE,electrode_features_all,362,0,Normal
XSE,electrode_features_all,363,0,Normal
XSE,electrode_features_all,364,1,Dyslexic
XSE,electrode_features_all,365,0,Normal
XSE,electrode_features_all,366,0,Normal
XSE,electrode_features_all,367,0,Normal
XSE,electrode_features_all,368,1,Dyslexic
XSE,electrode_features_all,369,0,Normal
XSE,electrode_features_all,370,0,Normal
XSE,electrode_features_all,371,1,Dyslexic
XSE,electrode_features_all,372,1,Dyslexic
XSE,electrode_features_all,373,0,Normal
XSE,electrode_features_all,374,0,Normal
XSE,electrode_features_all,375,0,Normal
XSE,electrode_features_all,376,0,Normal
XSE,electrode_features_all,377,0,Normal
XSE,electrode_features_all,378,0,Normal
XSE,electrode_features_all,379,0,Normal
XSE,electrode_features_all,380,1,Dyslexic
XSE,electrode_features_all,381,0,Normal
XSE,electrode_features_all,382,0,Normal
XSE,electrode_features_all,383,0,Normal
XSE,electrode_features_all,384,0,Normal
XSE,electrode_features_all,385,0,Normal
XSE,electrode_features_all,386,0,Normal
XSE,electrode_features_all,387,0,Normal
XSE,electrode_features_all,388,0,Normal
XSE,electrode_features_all,389,0,Normal
XSE,electrode_features_all,390,1,Dyslexic
XSE,electrode_features_all,391,0,Normal
XSE,electrode_features_all,392,0,Normal
XSE,electrode_features_all,393,0,Normal
XSE,electrode_features_all,394,0,Normal
XSE,electrode_features_all,395,0,Normal
XSE,electrode_features_all,396,0,Normal
XSE,electrode_features_all,397,0,Normal
XSE,electrode_features_all,398,0,Normal
XSE,electrode_features_all,399,0,Normal
XSE,electrode_features_all,400,0,Normal
XSE,electrode_features_all,401,0,Normal
XSE,electrode_features_all,402,0,Normal
XSE,electrode_features_all,403,0,Normal
XSE,electrode_features_all,404,0,Normal
XSE,electrode_features_all,405,0,Normal
XSE,electrode_features_all,406,0,Normal
XSE,electrode_features_all,407,0,Normal
XSE,electrode_features_all,408,0,Normal
XSE,electrode_features_all,409,0,Normal
XSE,electrode_features_all,410,0,Normal
XSE,electrode_features_all,411,0,Normal
XSE,electrode_features_all,412,1,Dyslexic
XSE,electrode_features_all,413,1,Dyslexic
XSE,electrode_features_all,414,0,Normal
XSE,electrode_features_all,415,0,Normal
XSE,electrode_features_all,416,0,Normal
XSE,electrode_features_all,417,1,Dyslexic
XSE,electrode_features_all,418,0,Normal
XSE,electrode_features_all,419,0,Normal
XSE,electrode_features_all,420,0,Normal
XSE,electrode_features_all,421,0,Normal
XSE,electrode_features_all,422,1,Dyslexic
XSE,electrode_features_all,423,0,Normal
XSE,electrode_features_all,424,0,Normal
XSE,electrode_features_all,425,0,Normal
XSE,electrode_features_all,426,0,Normal
XSE,electrode_features_all,427,0,Normal
XSE,electrode_features_all,428,0,Normal
XSE,electrode_features_all,429,0,Normal
XSE,electrode_features_all,430,1,Dyslexic
XSE,electrode_features_all,431,1,Dyslexic
XSE,electrode_features_all,432,0,Normal
XSE,electrode_features_all,433,0,Normal
XSE,electrode_features_all,434,0,Normal
XSE,electrode_features_all,435,0,Normal
XSE,electrode_features_all,436,0,Normal
XSE,electrode_features_all,437,0,Normal
XSE,electrode_features_all,438,0,Normal
XSE,electrode_features_all,439,0,Normal
XSE,electrode_features_all,440,0,Normal
XSE,electrode_features_all,441,0,Normal
XSE,electrode_features_all,442,0,Normal
XSE,electrode_features_all,443,0,Normal
XSE,electrode_features_all,444,0,Normal
XSE,electrode_features_all,445,0,Normal
XSE,electrode_features_all,446,0,Normal
XSE,electrode_features_all,447,0,Normal
XSE,electrode_features_all,448,0,Normal
XSE,electrode_features_all,449,0,Normal
XSE,electrode_features_all,450,0,Normal
XSE,electrode_features_all,451,0,Normal
XSE,electrode_features_all,452,0,Normal
XSE,electrode_features_all,453,0,Normal
XSE,electrode_features_all,454,0,Normal
XSE,electrode_features_all,455,0,Normal
XSE,electrode_features_all,456,1,Dyslexic
XSE,electrode_features_all,457,1,Dyslexic
XSE,electrode_features_all,458,0,Normal
XSE,electrode_features_all,459,0,Normal
XSE,electrode_features_all,460,0,Normal
XSE,electrode_features_all,461,0,Normal
XSE,electrode_features_all,462,0,Normal
XSE,electrode_features_all,463,0,Normal
XSE,electrode_features_all,464,0,Normal
XSE,electrode_features_all,465,0,Normal
XSE,electrode_features_all,466,0,Normal
XSE,electrode_features_all,467,0,Normal
XSE,electrode_features_all,468,1,Dyslexic
XSE,electrode_features_all,469,0,Normal
XSE,electrode_features_all,470,0,Normal
XSE,electrode_features_all,471,0,Normal
XSE,electrode_features_all,472,0,Normal
XSE,electrode_features_all,473,0,Normal
XSE,electrode_features_all,474,1,Dyslexic
XSE,electrode_features_all,475,0,Normal
XSE,electrode_features_all,476,0,Normal
XSE,electrode_features_all,477,0,Normal
XSE,electrode_features_all,478,0,Normal
XSE,electrode_features_all,479,0,Normal
XSE,electrode_features_all,480,0,Normal
XSE,electrode_features_all,481,0,Normal
XSE,electrode_features_all,482,0,Normal
XSE,electrode_features_all,483,0,Normal
XSE,electrode_features_all,484,0,Normal
XSE,electrode_features_all,485,0,Normal
XSE,electrode_features_all,486,0,Normal
XSE,electrode_features_all,487,1,Dyslexic
XSE,electrode_features_all,488,0,Normal
XSE,electrode_features_all,489,0,Normal
XSE,electrode_features_all,490,0,Normal
XSE,electrode_features_all,491,0,Normal
XSE,electrode_features_all,492,0,Normal
XSE,electrode_features_all,493,0,Normal
XSE,electrode_features_all,494,0,Normal
XSE,electrode_features_all,495,0,Normal
XSE,electrode_features_all,496,0,Normal
XSE,electrode_features_all,497,0,Normal
XSE,electrode_features_all,498,0,Normal
XSE,electrode_features_all,499,0,Normal
XSE,electrode_features_all,500,0,Normal
XTR,electrode_features_all,0,0,Normal
XTR,electrode_features_all,1,0,Normal
XTR,electrode_features_all,2,0,Normal
XTR,electrode_features_all,3,0,Normal
XTR,electrode_features_all,4,0,Normal
XTR,electrode_features_all,5,0,Normal
XTR,electrode_features_all,6,0,Normal
XTR,electrode_features_all,7,0,Normal
XTR,electrode_features_all,8,0,Normal
XTR,electrode_features_all,9,0,Normal
XTR,electrode_features_all,10,0,Normal
XTR,electrode_features_all,11,0,Normal
XTR,electrode_features_all,12,0,Normal
XTR,electrode_features_all,13,0,Normal
XTR,electrode_features_all,14,0,Normal
XTR,electrode_features_all,15,0,Normal
XTR,electrode_features_all,16,0,Normal
XTR,electrode_features_all,17,0,Normal
XTR,electrode_features_all,18,0,Normal
XTR,electrode_features_all,19,0,Normal
XTR,electrode_features_all,20,0,Normal
XTR,electrode_features_all,21,0,Normal
XTR,electrode_features_all,22,0,Normal
XTR,electrode_features_all,23,0,Normal
XTR,electrode_features_all,24,0,Normal
XTR,electrode_features_all,25,0,Normal
XTR,electrode_features_all,26,0,Normal
XTR,electrode_features_all,27,0,Normal
XTR,electrode_features_all,28,0,Normal
XTR,electrode_features_all,29,0,Normal
XTR,electrode_features_all,30,0,Normal
XTR,electrode_features_all,31,0,Normal
XTR,electrode_features_all,32,0,Normal
XTR,electrode_features_all,33,0,Normal
XTR,electrode_features_all,34,0,Normal
XTR,electrode_features_all,35,0,Normal
XTR,electrode_features_all,36,0,Normal
XTR,electrode_features_all,37,0,Normal
XTR,electrode_features_all,38,0,Normal
XTR,electrode_features_all,39,0,Normal
XTR,electrode_features_all,40,0,Normal
XTR,electrode_features_all,41,0,Normal
XTR,electrode_features_all,42,0,Normal
XTR,electrode_features_all,43,0,Normal
XTR,electrode_features_all,44,0,Normal
XTR,electrode_features_all,45,0,Normal
XTR,electrode_features_all,46,0,Normal
XTR,electrode_features_all,47,0,Normal
XTR,electrode_features_all,48,0,Normal
XTR,electrode_features_all,49,0,Normal
XTR,electrode_features_all,50,0,Normal
XTR,electrode_features_all,51,0,Normal
XTR,electrode_features_all,52,0,Normal
XTR,electrode_features_all,53,0,Normal
XTR,electrode_features_all,54,0,Normal
XTR,electrode_features_all,55,0,Normal
XTR,electrode_features_all,56,0,Normal
XTR,electrode_features_all,57,0,Normal
XTR,electrode_features_all,58,0,Normal
XTR,electrode_features_all,59,0,Normal
XTR,electrode_features_all,60,0,Normal
XTR,electrode_features_all,61,0,Normal
XTR,electrode_features_all,62,0,Normal
XTR,electrode_features_all,63,0,Normal
XTR,electrode_features_all,64,0,Normal
XTR,electrode_features_all,65,0,Normal
XTR,electrode_features_all,66,0,Normal
XTR,electrode_features_all,67,0,Normal
XTR,electrode_features_all,68,0,Normal
XTR,electrode_features_all,69,0,Normal
XTR,electrode_features_all,70,0,Normal
XTR,electrode_features_all,71,0,Normal
XTR,electrode_features_all,72,0,Normal
XTR,electrode_features_all,73,0,Normal
XTR,electrode_features_all,74,0,Normal
XTR,electrode_features_all,75,0,Normal
XTR,electrode_features_all,76,0,Normal
XTR,electrode_features_all,77,0,Normal
XTR,electrode_features_all,78,0,Normal
XTR,electrode_features_all,79,0,Normal
XTR,electrode_features_all,80,0,Normal
XTR,electrode_features_all,81,0,Normal
XTR,electrode_features_all,82,0,Normal
XTR,electrode_features_all,83,0,Normal
XTR,electrode_features_all,84,0,Normal
XTR,electrode_features_all,85,0,Normal
XTR,electrode_features_all,86,0,Normal
XTR,electrode_features_all,87,0,Normal
XTR,electrode_features_all,88,0,Normal
XTR,electrode_features_all,89,0,Normal
XTR,electrode_features_all,90,0,Normal
XTR,electrode_features_all,91,0,Normal
XTR,electrode_features_all,92,0,Normal
XTR,electrode_features_all,93,0,Normal
XTR,electrode_features_all,94,0,Normal
XTR,electrode_features_all,95,0,Normal
XTR,electrode_features_all,96,0,Normal
XTR,electrode_features_all,97,0,Normal
XTR,electrode_features_all,98,0,Normal
XTR,electrode_features_all,99,0,Normal
XTR,electrode_features_all,100,0,Normal
XTR,electrode_features_all,101,0,Normal
XTR,electrode_features_all,102,0,Normal
XTR,electrode_features_all,103,0,Normal
XTR,electrode_features_all,104,0,Normal
XTR,electrode_features_all,105,0,Normal
XTR,electrode_features_all,106,0,Normal
XTR,electrode_features_all,107,0,Normal
XTR,electrode_features_all,108,0,Normal
XTR,electrode_features_all,109,0,Normal
XTR,electrode_features_all,110,0,Normal
XTR,electrode_features_all,111,0,Normal
XTR,electrode_features_all,112,0,Normal
XTR,electrode_features_all,113,0,Normal
XTR,electrode_features_all,114,0,Normal
XTR,electrode_features_all,115,0,Normal
XTR,electrode_features_all,116,0,Normal
XTR,electrode_features_all,117,0,Normal
XTR,electrode_features_all,118,0,Normal
XTR,electrode_features_all,119,0,Normal
XTR,electrode_features_all,120,0,Normal
XTR,electrode_features_all,121,0,Normal
XTR,electrode_features_all,122,0,Normal
XTR,electrode_features_all,123,0,Normal
XTR,electrode_features_all,124,0,Normal
XTR,electrode_features_all,125,0,Normal
XTR,electrode_features_all,126,0,Normal
XTR,electrode_features_all,127,0,Normal
XTR,electrode_features_all,128,0,Normal
XTR,electrode_features_all,129,0,Normal
XTR,electrode_features_all,130,0,Normal
XTR,electrode_features_all,131,0,Normal
XTR,electrode_features_all,132,0,Normal
XTR,electrode_features_all,133,0,Normal
XTR,electrode_features_all,134,0,Normal
XTR,electrode_features_all,135,0,Normal
XTR,electrode_features_all,136,0,Normal
XTR,electrode_features_all,137,0,Normal
XTR,electrode_features_all,138,0,Normal
XTR,electrode_features_all,139,0,Normal
XTR,electrode_features_all,140,0,Normal
XTR,electrode_features_all,141,0,Normal
XTR,electrode_features_all,142,0,Normal
XTR,electrode_features_all,143,0,Normal
XTR,electrode_features_all,144,0,Normal
XTR,electrode_features_all,145,0,Normal
XTR,electrode_features_all,146,0,Normal
XTR,electrode_features_all,147,0,Normal
XTR,electrode_features_all,148,0,Normal
XTR,electrode_features_all,149,0,Normal
XTR,electrode_features_all,150,0,Normal
XTR,electrode_features_all,151,0,Normal
XTR,electrode_features_all,152,0,Normal
XTR,electrode_features_all,153,0,Normal
XTR,electrode_features_all,154,0,Normal
XTR,electrode_features_all,155,0,Normal
XTR,electrode_features_all,156,0,Normal
XTR,electrode_features_all,157,0,Normal
XTR,electrode_features_all,158,0,Normal
XTR,electrode_features_all,159,0,Normal
XTR,electrode_features_all,160,0,Normal
XTR,electrode_features_all,161,0,Normal
XTR,electrode_features_all,162,0,Normal
XTR,electrode_features_all,163,0,Normal
XTR,electrode_features_all,164,0,Normal
XTR,electrode_features_all,165,0,Normal
XTR,electrode_features_all,166,0,Normal
XTR,electrode_features_all,167,0,Normal
XTR,electrode_features_all,168,0,Normal
XTR,electrode_features_all,169,0,Normal
XTR,electrode_features_all,170,0,Normal
XTR,electrode_features_all,171,0,Normal
XTR,electrode_features_all,172,0,Normal
XTR,electrode_features_all,173,0,Normal
XTR,electrode_features_all,174,0,Normal
XTR,electrode_features_all,175,0,Normal
XTR,electrode_features_all,176,0,Normal
XTR,electrode_features_all,177,0,Normal
XTR,electrode_features_all,178,0,Normal
XTR,electrode_features_all,179,0,Normal
XTR,electrode_features_all,180,0,Normal
XTR,electrode_features_all,181,0,Normal
XTR,electrode_features_all,182,0,Normal
XTR,electrode_features_all,183,0,Normal
XTR,electrode_features_all,184,0,Normal
XTR,electrode_features_all,185,0,Normal
XTR,electrode_features_all,186,0,Normal
XTR,electrode_features_all,187,0,Normal
XTR,electrode_features_all,188,0,Normal
XTR,electrode_features_all,189,0,Normal
XTR,electrode_features_all,190,0,Normal
XTR,electrode_features_all,191,0,Normal
XTR,electrode_features_all,192,0,Normal
XTR,electrode_features_all,193,0,Normal
XTR,electrode_features_all,194,0,Normal
XTR,electrode_features_all,195,0,Normal
XTR,electrode_features_all,196,0,Normal
XTR,electrode_features_all,197,0,Normal
XTR,electrode_features_all,198,0,Normal
XTR,electrode_features_all,199,0,Normal
XTR,electrode_features_all,200,0,Normal
XTR,electrode_features_all,201,0,Normal
XTR,electrode_features_all,202,0,Normal
XTR,electrode_features_all,203,0,Normal
XTR,electrode_features_all,204,0,Normal
XTR,electrode_features_all,205,0,Normal
XTR,electrode_features_all,206,0,Normal
XTR,electrode_features_all,207,0,Normal
XTR,electrode_features_all,208,0,Normal
XTR,electrode_features_all,209,0,Normal
XTR,electrode_features_all,210,0,Normal
XTR,electrode_features_all,211,0,Normal
XTR,electrode_features_all,212,0,Normal
XTR,electrode_features_all,213,0,Normal
XTR,electrode_features_all,214,0,Normal
XTR,electrode_features_all,215,0,Normal
XTR,electrode_features_all,216,0,Normal
XTR,electrode_features_all,217,0,Normal
XTR,electrode_features_all,218,0,Normal
XTR,electrode_features_all,219,0,Normal
XTR,electrode_features_all,220,0,Normal
XTR,electrode_features_all,221,0,Normal
XTR,electrode_features_all,222,0,Normal
XTR,electrode_features_all,223,0,Normal
XTR,electrode_features_all,224,0,Normal
XTR,electrode_features_all,225,0,Normal
XTR,electrode_features_all,226,0,Normal
XTR,electrode_features_all,227,0,Normal
XTR,electrode_features_all,228,0,Normal
XTR,electrode_features_all,229,0,Normal
XTR,electrode_features_all,230,0,Normal
XTR,electrode_features_all,231,0,Normal
XTR,electrode_features_all,232,0,Normal
XTR,electrode_features_all,233,0,Normal
XTR,electrode_features_all,234,0,Normal
XTR,electrode_features_all,235,0,Normal
XTR,electrode_features_all,236,0,Normal
XTR,electrode_features_all,237,0,Normal
XTR,electrode_features_all,238,0,Normal
XTR,electrode_features_all,239,0,Normal
XTR,electrode_features_all,240,0,Normal
XTR,electrode_features_all,241,0,Normal
XTR,electrode_features_all,242,0,Normal
XTR,electrode_features_all,243,0,Normal
XTR,electrode_features_all,244,0,Normal
XTR,electrode_features_all,245,0,Normal
XTR,electrode_features_all,246,0,Normal
XTR,electrode_features_all,247,0,Normal
XTR,electrode_features_all,248,0,Normal
XTR,electrode_features_all,249,0,Normal
XTR,electrode_features_all,250,0,Normal
XTR,electrode_features_all,251,0,Normal
XTR,electrode_features_all,252,0,Normal
XTR,electrode_features_all,253,0,Normal
XTR,electrode_features_all,254,0,Normal
XTR,electrode_features_all,255,0,Normal
XTR,electrode_features_all,256,0,Normal
XTR,electrode_features_all,257,0,Normal
XTR,electrode_features_all,258,0,Normal
XTR,electrode_features_all,259,0,Normal
XTR,electrode_features_all,260,0,Normal
XTR,electrode_features_all,261,0,Normal
XTR,electrode_features_all,262,0,Normal
XTR,electrode_features_all,263,0,Normal
XTR,electrode_features_all,264,0,Normal
XTR,electrode_features_all,265,0,Normal
XTR,electrode_features_all,266,0,Normal
XTR,electrode_features_all,267,0,Normal
XTR,electrode_features_all,268,0,Normal
XTR,electrode_features_all,269,0,Normal
XTR,electrode_features_all,270,0,Normal
XTR,electrode_features_all,271,0,Normal
XTR,electrode_features_all,272,0,Normal
XTR,electrode_features_all,273,0,Normal
XTR,electrode_features_all,274,0,Normal
XTR,electrode_features_all,275,0,Normal
XTR,electrode_features_all,276,0,Normal
XTR,electrode_features_all,277,0,Normal
XTR,electrode_features_all,278,0,Normal
XTR,electrode_features_all,279,0,Normal
XTR,electrode_features_all,280,0,Normal
XTR,electrode_features_all,281,0,Normal
XTR,electrode_features_all,282,0,Normal
XTR,electrode_features_all,283,0,Normal
XTR,electrode_features_all,284,0,Normal
XTR,electrode_features_all,285,0,Normal
XTR,electrode_features_all,286,0,Normal
XTR,electrode_features_all,287,0,Normal
XTR,electrode_features_all,288,0,Normal
XTR,electrode_features_all,289,0,Normal
XTR,electrode_features_all,290,0,Normal
XTR,electrode_features_all,291,0,Normal
XTR,electrode_features_all,292,0,Normal
XTR,electrode_features_all,293,0,Normal
XTR,electrode_features_all,294,0,Normal
XTR,electrode_features_all,295,0,Normal
XTR,electrode_features_all,296,0,Normal
XTR,electrode_features_all,297,0,Normal
XTR,electrode_features_all,298,0,Normal
XTR,electrode_features_all,299,0,Normal
XTR,electrode_features_all,300,0,Normal
XTR,electrode_features_all,301,0,Normal
XTR,electrode_features_all,302,0,Normal
XTR,electrode_features_all,303,0,Normal
XTR,electrode_features_all,304,0,Normal
XTR,electrode_features_all,305,0,Normal
XTR,electrode_features_all,306,0,Normal
XTR,electrode_features_all,307,0,Normal
XTR,electrode_features_all,308,0,Normal
XTR,electrode_features_all,309,0,Normal
XTR,electrode_features_all,310,0,Normal
XTR,electrode_features_all,311,0,Normal
XTR,electrode_features_all,312,0,Normal
XTR,electrode_features_all,313,0,Normal
XTR,electrode_features_all,314,0,Normal
XTR,electrode_features_all,315,0,Normal
XTR,electrode_features_all,316,0,Normal
XTR,electrode_features_all,317,0,Normal
XTR,electrode_features_all,318,0,Normal
XTR,electrode_features_all,319,0,Normal
XTR,electrode_features_all,320,0,Normal
XTR,electrode_features_all,321,0,Normal
XTR,electrode_features_all,322,0,Normal
XTR,electrode_features_all,323,0,Normal
XTR,electrode_features_all,324,0,Normal
XTR,electrode_features_all,325,0,Normal
XTR,electrode_features_all,326,0,Normal
XTR,electrode_features_all,327,0,Normal
XTR,electrode_features_all,328,0,Normal
XTR,electrode_features_all,329,0,Normal
XTR,electrode_features_all,330,0,Normal
XTR,electrode_features_all,331,0,Normal
XTR,electrode_features_all,332,0,Normal
XTR,electrode_features_all,333,0,Normal
XTR,electrode_features_all,334,0,Normal
XTR,electrode_features_all,335,0,Normal
XTR,electrode_features_all,336,0,Normal
XTR,electrode_features_all,337,0,Normal
XTR,electrode_features_all,338,0,Normal
XTR,electrode_features_all,339,0,Normal
XTR,electrode_features_all,340,0,Normal
XTR,electrode_features_all,341,0,Normal
XTR,electrode_features_all,342,0,Normal
XTR,electrode_features_all,343,0,Normal
XTR,electrode_features_all,344,0,Normal
XTR,electrode_features_all,345,0,Normal
XTR,electrode_features_all,346,0,Normal
XTR,electrode_features_all,347,0,Normal
XTR,electrode_features_all,348,0,Normal
XTR,electrode_features_all,349,0,Normal
XTR,electrode_features_all,350,0,Normal
XTR,electrode_features_all,351,0,Normal
XTR,electrode_features_all,352,0,Normal
XTR,electrode_features_all,353,0,Normal
XTR,electrode_features_all,354,0,Normal
XTR,electrode_features_all,355,0,Normal
XTR,electrode_features_all,356,0,Normal
XTR,electrode_features_all,357,0,Normal
XTR,electrode_features_all,358,0,Normal
XTR,electrode_features_all,359,0,Normal
XTR,electrode_features_all,360,0,Normal
XTR,electrode_features_all,361,0,Normal
XTR,electrode_features_all,362,0,Normal
XTR,electrode_features_all,363,0,Normal
XTR,electrode_features_all,364,0,Normal
XTR,electrode_features_all,365,0,Normal
XTR,electrode_features_all,366,0,Normal
XTR,electrode_features_all,367,0,Normal
XTR,electrode_features_all,368,0,Normal
XTR,electrode_features_all,369,0,Normal
XTR,electrode_features_all,370,0,Normal
XTR,electrode_features_all,371,0,Normal
XTR,electrode_features_all,372,0,Normal
XTR,electrode_features_all,373,0,Normal
XTR,electrode_features_all,374,0,Normal
XTR,electrode_features_all,375,0,Normal
XTR,electrode_features_all,376,0,Normal
XTR,electrode_features_all,377,0,Normal
XTR,electrode_features_all,378,0,Normal
XTR,electrode_features_all,379,0,Normal
XTR,electrode_features_all,380,0,Normal
XTR,electrode_features_all,381,0,Normal
XTR,electrode_features_all,382,0,Normal
XTR,electrode_features_all,383,0,Normal
XTR,electrode_features_all,384,0,Normal
XTR,electrode_features_all,385,0,Normal
XTR,electrode_features_all,386,0,Normal
XTR,electrode_features_all,387,0,Normal
XTR,electrode_features_all,388,0,Normal
XTR,electrode_features_all,389,0,Normal
XTR,electrode_features_all,390,0,Normal
XTR,electrode_features_all,391,0,Normal
XTR,electrode_features_all,392,0,Normal
XTR,electrode_features_all,393,0,Normal
XTR,electrode_features_all,394,0,Normal
XTR,electrode_features_all,395,0,Normal
XTR,electrode_features_all,396,0,Normal
XTR,electrode_features_all,397,0,Normal
XTR,electrode_features_all,398,0,Normal
XTR,electrode_features_all,399,0,Normal
XTR,electrode_features_all,400,0,Normal
XTR,electrode_features_all,401,0,Normal
XTR,electrode_features_all,402,0,Normal
XTR,electrode_features_all,403,0,Normal
XTR,electrode_features_all,404,0,Normal
XTR,electrode_features_all,405,0,Normal
XTR,electrode_features_all,406,0,Normal
XTR,electrode_features_all,407,0,Normal
XTR,electrode_features_all,408,0,Normal
XTR,electrode_features_all,409,0,Normal
XTR,electrode_features_all,410,0,Normal
XTR,electrode_features_all,411,0,Normal
XTR,electrode_features_all,412,0,Normal
XTR,electrode_features_all,413,0,Normal
XTR,electrode_features_all,414,0,Normal
XTR,electrode_features_all,415,0,Normal
XTR,electrode_features_all,416,0,Normal
XTR,electrode_features_all,417,0,Normal
XTR,electrode_features_all,418,0,Normal
XTR,electrode_features_all,419,0,Normal
XTR,electrode_features_all,420,0,Normal
XTR,electrode_features_all,421,0,Normal
XTR,electrode_features_all,422,0,Normal
XTR,electrode_features_all,423,0,Normal
XTR,electrode_features_all,424,0,Normal
XTR,electrode_features_all,425,0,Normal
XTR,electrode_features_all,426,0,Normal
XTR,electrode_features_all,427,0,Normal
XTR,electrode_features_all,428,0,Normal
XTR,electrode_features_all,429,0,Normal
XTR,electrode_features_all,430,0,Normal
XTR,electrode_features_all,431,0,Normal
XTR,electrode_features_all,432,0,Normal
XTR,electrode_features_all,433,0,Normal
XTR,electrode_features_all,434,0,Normal
XTR,electrode_features_all,435,0,Normal
XTR,electrode_features_all,436,0,Normal
XTR,electrode_features_all,437,0,Normal
XTR,electrode_features_all,438,0,Normal
XTR,electrode_features_all,439,0,Normal
XTR,electrode_features_all,440,0,Normal
XTR,electrode_features_all,441,0,Normal
XTR,electrode_features_all,442,0,Normal
XTR,electrode_features_all,443,0,Normal
XTR,electrode_features_all,444,0,Normal
XTR,electrode_features_all,445,0,Normal
XTR,electrode_features_all,446,0,Normal
XTR,electrode_features_all,447,0,Normal
XTR,electrode_features_all,448,0,Normal
XTR,electrode_features_all,449,0,Normal
XTR,electrode_features_all,450,0,Normal
XTR,electrode_features_all,451,0,Normal
XTR,electrode_features_all,452,0,Normal
XTR,electrode_features_all,453,0,Normal
XTR,electrode_features_all,454,0,Normal
XTR,electrode_features_all,455,0,Normal
XTR,electrode_features_all,456,0,Normal
XTR,electrode_features_all,457,0,Normal
XTR,electrode_features_all,458,0,Normal
XTR,electrode_features_all,459,0,Normal
XTR,electrode_features_all,460,0,Normal
XTR,electrode_features_all,461,0,Normal
XTR,electrode_features_all,462,0,Normal
XTR,electrode_features_all,463,0,Normal
XTR,electrode_features_all,464,0,Normal
XTR,electrode_features_all,465,0,Normal
XTR,electrode_features_all,466,0,Normal
XTR,electrode_features_all,467,0,Normal
XTR,electrode_features_all,468,0,Normal
XTR,electrode_features_all,469,0,Normal
XTR,electrode_features_all,470,0,Normal
XTR,electrode_features_all,471,0,Normal
XTR,electrode_features_all,472,0,Normal
XTR,electrode_features_all,473,0,Normal
XTR,electrode_features_all,474,0,Normal
XTR,electrode_features_all,475,0,Normal
XTR,electrode_features_all,476,0,Normal
XTR,electrode_features_all,477,0,Normal
XTR,electrode_features_all,478,0,Normal
XTR,electrode_features_all,479,0,Normal
XTR,electrode_features_all,480,0,Normal
XTR,electrode_features_all,481,0,Normal
XTR,electrode_features_all,482,0,Normal
XTR,electrode_features_all,483,0,Normal
XTR,electrode_features_all,484,0,Normal
XTR,electrode_features_all,485,0,Normal
XTR,electrode_features_all,486,0,Normal
XTR,electrode_features_all,487,0,Normal
XTR,electrode_features_all,488,0,Normal
XTR,electrode_features_all,489,0,Normal
XTR,electrode_features_all,490,0,Normal
XTR,electrode_features_all,491,0,Normal
XTR,electrode_features_all,492,0,Normal
XTR,electrode_features_all,493,0,Normal
XTR,electrode_features_all,494,0,Normal
XTR,electrode_features_all,495,0,Normal
XTR,electrode_features_all,496,0,Normal
XTR,electrode_features_all,497,0,Normal
XTR,electrode_features_all,498,0,Normal
XTR,electrode_features_all,499,0,Normal
XTR,electrode_features_all,500,0,Normal
XTR,electrode_features_all,501,0,Normal
XTR,electrode_features_all,502,0,Normal
XTR,electrode_features_all,503,0,Normal
XTR,electrode_features_all,504,0,Normal
XTR,electrode_features_all,505,0,Normal
XTR,electrode_features_all,506,0,Normal
XTR,electrode_features_all,507,0,Normal
XTR,electrode_features_all,508,0,Normal
XTR,electrode_features_all,509,0,Normal
XTR,electrode_features_all,510,0,Normal
XTR,electrode_features_all,511,0,Normal
XTR,electrode_features_all,512,0,Normal
XTR,electrode_features_all,513,0,Normal
XTR,electrode_features_all,514,0,Normal
XTR,electrode_features_all,515,0,Normal
XTR,electrode_features_all,516,0,Normal
XTR,electrode_features_all,517,0,Normal
XTR,electrode_features_all,518,0,Normal
XTR,electrode_features_all,519,0,Normal
XTR,electrode_features_all,520,0,Normal
XTR,electrode_features_all,521,0,Normal
XTR,electrode_features_all,522,0,Normal
XTR,electrode_features_all,523,0,Normal
XTR,electrode_features_all,524,0,Normal
XTR,electrode_features_all,525,0,Normal
XTR,electrode_features_all,526,0,Normal
XTR,electrode_features_all,527,0,Normal
XTR,electrode_features_all,528,0,Normal
XTR,electrode_features_all,529,0,Normal
XTR,electrode_features_all,530,0,Normal
XTR,electrode_features_all,531,0,Normal
XTR,electrode_features_all,532,0,Normal
XWS,electrode_features_all,0,0,Normal
XWS,electrode_features_all,1,0,Normal
XWS,electrode_features_all,2,0,Normal
XWS,electrode_features_all,3,0,Normal
XWS,electrode_features_all,4,0,Normal
XWS,electrode_features_all,5,0,Normal
XWS,electrode_features_all,6,0,Normal
XWS,electrode_features_all,7,0,Normal
XWS,electrode_features_all,8,0,Normal
XWS,electrode_features_all,9,0,Normal
XWS,electrode_features_all,10,0,Normal
XWS,electrode_features_all,11,0,Normal
XWS,electrode_features_all,12,0,Normal
XWS,electrode_features_all,13,0,Normal
XWS,electrode_features_all,14,0,Normal
XWS,electrode_features_all,15,0,Normal
XWS,electrode_features_all,16,0,Normal
XWS,electrode_features_all,17,0,Normal
XWS,electrode_features_all,18,0,Normal
XWS,electrode_features_all,19,0,Normal
XWS,electrode_features_all,20,0,Normal
XWS,electrode_features_all,21,0,Normal
XWS,electrode_features_all,22,0,Normal
XWS,electrode_features_all,23,0,Normal
XWS,electrode_features_all,24,0,Normal
XWS,electrode_features_all,25,0,Normal
XWS,electrode_features_all,26,0,Normal
XWS,electrode_features_all,27,0,Normal
XWS,electrode_features_all,28,0,Normal
XWS,electrode_features_all,29,0,Normal
XWS,electrode_features_all,30,0,Normal
XWS,electrode_features_all,31,0,Normal
XWS,electrode_features_all,32,0,Normal
XWS,electrode_features_all,33,0,Normal
XWS,electrode_features_all,34,0,Normal
XWS,electrode_features_all,35,0,Normal
XWS,electrode_features_all,36,0,Normal
XWS,electrode_features_all,37,0,Normal
XWS,electrode_features_all,38,0,Normal
XWS,electrode_features_all,39,0,Normal
XWS,electrode_features_all,40,0,Normal
XWS,electrode_features_all,41,0,Normal
XWS,electrode_features_all,42,0,Normal
XWS,electrode_features_all,43,0,Normal
XWS,electrode_features_all,44,0,Normal
XWS,electrode_features_all,45,0,Normal
XWS,electrode_features_all,46,0,Normal
XWS,electrode_features_all,47,0,Normal
XWS,electrode_features_all,48,0,Normal
XWS,electrode_features_all,49,0,Normal
XWS,electrode_features_all,50,0,Normal
XWS,electrode_features_all,51,0,Normal
XWS,electrode_features_all,52,0,Normal
XWS,electrode_features_all,53,0,Normal
XWS,electrode_features_all,54,0,Normal
XWS,electrode_features_all,55,0,Normal
XWS,electrode_features_all,56,0,Normal
XWS,electrode_features_all,57,0,Normal
XWS,electrode_features_all,58,0,Normal
XWS,electrode_features_all,59,0,Normal
XWS,electrode_features_all,60,0,Normal
XWS,electrode_features_all,61,0,Normal
XWS,electrode_features_all,62,0,Normal
XWS,electrode_features_all,63,0,Normal
XWS,electrode_features_all,64,0,Normal
XWS,electrode_features_all,65,0,Normal
XWS,electrode_features_all,66,0,Normal
XWS,electrode_features_all,67,0,Normal
XWS,electrode_features_all,68,0,Normal
XWS,electrode_features_all,69,0,Normal
XWS,electrode_features_all,70,0,Normal
XWS,electrode_features_all,71,0,Normal
XWS,electrode_features_all,72,0,Normal
XWS,electrode_features_all,73,0,Normal
XWS,electrode_features_all,74,0,Normal
XWS,electrode_features_all,75,0,Normal
XWS,electrode_features_all,76,0,Normal
XWS,electrode_features_all,77,0,Normal
XWS,electrode_features_all,78,0,Normal
XWS,electrode_features_all,79,0,Normal
XWS,electrode_features_all,80,0,Normal
XWS,electrode_features_all,81,0,Normal
XWS,electrode_features_all,82,0,Normal
XWS,electrode_features_all,83,0,Normal
XWS,electrode_features_all,84,0,Normal
XWS,electrode_features_all,85,0,Normal
XWS,electrode_features_all,86,0,Normal
XWS,electrode_features_all,87,0,Normal
XWS,electrode_features_all,88,0,Normal
XWS,electrode_features_all,89,0,Normal
XWS,electrode_features_all,90,0,Normal
XWS,electrode_features_all,91,0,Normal
XWS,electrode_features_all,92,0,Normal
XWS,electrode_features_all,93,0,Normal
XWS,electrode_features_all,94,0,Normal
XWS,electrode_features_all,95,0,Normal
XWS,electrode_features_all,96,0,Normal
XWS,electrode_features_all,97,0,Normal
XWS,electrode_features_all,98,0,Normal
XWS,electrode_features_all,99,0,Normal
XWS,electrode_features_all,100,0,Normal
XWS,electrode_features_all,101,0,Normal
XWS,electrode_features_all,102,0,Normal
XWS,electrode_features_all,103,0,Normal
XWS,electrode_features_all,104,0,Normal
XWS,electrode_features_all,105,0,Normal
XWS,electrode_features_all,106,0,Normal
XWS,electrode_features_all,107,0,Normal
XWS,electrode_features_all,108,0,Normal
XWS,electrode_features_all,109,0,Normal
XWS,electrode_features_all,110,0,Normal
XWS,electrode_features_all,111,0,Normal
XWS,electrode_features_all,112,0,Normal
XWS,electrode_features_all,113,0,Normal
XWS,electrode_features_all,114,0,Normal
XWS,electrode_features_all,115,0,Normal
XWS,electrode_features_all,116,0,Normal
XWS,electrode_features_all,117,0,Normal
XWS,electrode_features_all,118,0,Normal
XWS,electrode_features_all,119,0,Normal
XWS,electrode_features_all,120,0,Normal
XWS,electrode_features_all,121,0,Normal
XWS,electrode_features_all,122,0,Normal
XWS,electrode_features_all,123,0,Normal
XWS,electrode_features_all,124,0,Normal
XWS,electrode_features_all,125,0,Normal
XWS,electrode_features_all,126,0,Normal
XWS,electrode_features_all,127,0,Normal
XWS,electrode_features_all,128,0,Normal
XWS,electrode_features_all,129,0,Normal
XWS,electrode_features_all,130,0,Normal
XWS,electrode_features_all,131,0,Normal
XWS,electrode_features_all,132,0,Normal
XWS,electrode_features_all,133,0,Normal
XWS,electrode_features_all,134,0,Normal
XWS,electrode_features_all,135,0,Normal
XWS,electrode_features_all,136,0,Normal
XWS,electrode_features_all,137,0,Normal
XWS,electrode_features_all,138,0,Normal
XWS,electrode_features_all,139,0,Normal
XWS,electrode_features_all,140,0,Normal
XWS,electrode_features_all,141,0,Normal
XWS,electrode_features_all,142,0,Normal
XWS,electrode_features_all,143,0,Normal
XWS,electrode_features_all,144,0,Normal
XWS,electrode_features_all,145,0,Normal
XWS,electrode_features_all,146,0,Normal
XWS,electrode_features_all,147,0,Normal
XWS,electrode_features_all,148,0,Normal
XWS,electrode_features_all,149,0,Normal
XWS,electrode_features_all,150,0,Normal
XWS,electrode_features_all,151,0,Normal
XWS,electrode_features_all,152,0,Normal
XWS,electrode_features_all,153,0,Normal
XWS,electrode_features_all,154,0,Normal
XWS,electrode_features_all,155,0,Normal
XWS,electrode_features_all,156,0,Normal
XWS,electrode_features_all,157,0,Normal
XWS,electrode_features_all,158,0,Normal
XWS,electrode_features_all,159,0,Normal
XWS,electrode_features_all,160,0,Normal
XWS,electrode_features_all,161,0,Normal
XWS,electrode_features_all,162,0,Normal
XWS,electrode_features_all,163,0,Normal
XWS,electrode_features_all,164,0,Normal
XWS,electrode_features_all,165,0,Normal
XWS,electrode_features_all,166,0,Normal
XWS,electrode_features_all,167,0,Normal
XWS,electrode_features_all,168,0,Normal
XWS,electrode_features_all,169,0,Normal
XWS,electrode_features_all,170,0,Normal
XWS,electrode_features_all,171,0,Normal
XWS,electrode_features_all,172,0,Normal
XWS,electrode_features_all,173,0,Normal
XWS,electrode_features_all,174,0,Normal
XWS,electrode_features_all,175,0,Normal
XWS,electrode_features_all,176,0,Normal
XWS,electrode_features_all,177,0,Normal
XWS,electrode_features_all,178,0,Normal
XWS,electrode_features_all,179,0,Normal
XWS,electrode_features_all,180,0,Normal
XWS,electrode_features_all,181,0,Normal
XWS,electrode_features_all,182,0,Normal
XWS,electrode_features_all,183,0,Normal
XWS,electrode_features_all,184,0,Normal
XWS,electrode_features_all,185,0,Normal
XWS,electrode_features_all,186,0,Normal
XWS,electrode_features_all,187,0,Normal
XWS,electrode_features_all,188,0,Normal
XWS,electrode_features_all,189,0,Normal
XWS,electrode_features_all,190,0,Normal
XWS,electrode_features_all,191,0,Normal
XWS,electrode_features_all,192,0,Normal
XWS,electrode_features_all,193,0,Normal
XWS,electrode_features_all,194,0,Normal
XWS,electrode_features_all,195,0,Normal
XWS,electrode_features_all,196,0,Normal
XWS,electrode_features_all,197,0,Normal
XWS,electrode_features_all,198,0,Normal
XWS,electrode_features_all,199,0,Normal
XWS,electrode_features_all,200,0,Normal
XWS,electrode_features_all,201,0,Normal
XWS,electrode_features_all,202,0,Normal
XWS,electrode_features_all,203,0,Normal
XWS,electrode_features_all,204,0,Normal
XWS,electrode_features_all,205,0,Normal
XWS,electrode_features_all,206,0,Normal
XWS,electrode_features_all,207,0,Normal
XWS,electrode_features_all,208,0,Normal
XWS,electrode_features_all,209,0,Normal
XWS,electrode_features_all,210,0,Normal
XWS,electrode_features_all,211,0,Normal
XWS,electrode_features_all,212,0,Normal
XWS,electrode_features_all,213,0,Normal
XWS,electrode_features_all,214,0,Normal
XWS,electrode_features_all,215,0,Normal
XWS,electrode_features_all,216,0,Normal
XWS,electrode_features_all,217,0,Normal
XWS,electrode_features_all,218,0,Normal
XWS,electrode_features_all,219,0,Normal
XWS,electrode_features_all,220,0,Normal
XWS,electrode_features_all,221,0,Normal
XWS,electrode_features_all,222,0,Normal
XWS,electrode_features_all,223,0,Normal
XWS,electrode_features_all,224,0,Normal
XWS,electrode_features_all,225,0,Normal
XWS,electrode_features_all,226,0,Normal
XWS,electrode_features_all,227,0,Normal
XWS,electrode_features_all,228,0,Normal
XWS,electrode_features_all,229,0,Normal
XWS,electrode_features_all,230,0,Normal
XWS,electrode_features_all,231,0,Normal
XWS,electrode_features_all,232,0,Normal
XWS,electrode_features_all,233,0,Normal
XWS,electrode_features_all,234,0,Normal
XWS,electrode_features_all,235,0,Normal
XWS,electrode_features_all,236,0,Normal
XWS,electrode_features_all,237,0,Normal
XWS,electrode_features_all,238,0,Normal
XWS,electrode_features_all,239,0,Normal
XWS,electrode_features_all,240,0,Normal
XWS,electrode_features_all,241,0,Normal
XWS,electrode_features_all,242,0,Normal
XWS,electrode_features_all,243,0,Normal
XWS,electrode_features_all,244,0,Normal
XWS,electrode_features_all,245,0,Normal
XWS,electrode_features_all,246,0,Normal
XWS,electrode_features_all,247,0,Normal
XWS,electrode_features_all,248,0,Normal
XWS,electrode_features_all,249,0,Normal
XWS,electrode_features_all,250,0,Normal
XWS,electrode_features_all,251,0,Normal
XWS,electrode_features_all,252,0,Normal
XWS,electrode_features_all,253,0,Normal
XWS,electrode_features_all,254,0,Normal
XWS,electrode_features_all,255,0,Normal
XWS,electrode_features_all,256,0,Normal
XWS,electrode_features_all,257,0,Normal
XWS,electrode_features_all,258,0,Normal
XWS,electrode_features_all,259,0,Normal
XWS,electrode_features_all,260,0,Normal
XWS,electrode_features_all,261,0,Normal
XWS,electrode_features_all,262,0,Normal
XWS,electrode_features_all,263,0,Normal
XWS,electrode_features_all,264,0,Normal
XWS,electrode_features_all,265,0,Normal
XWS,electrode_features_all,266,0,Normal
XWS,electrode_features_all,267,0,Normal
XWS,electrode_features_all,268,0,Normal
XWS,electrode_features_all,269,0,Normal
XWS,electrode_features_all,270,0,Normal
XWS,electrode_features_all,271,0,Normal
XWS,electrode_features_all,272,0,Normal
XWS,electrode_features_all,273,0,Normal
XWS,electrode_features_all,274,0,Normal
XWS,electrode_features_all,275,0,Normal
XWS,electrode_features_all,276,0,Normal
XWS,electrode_features_all,277,0,Normal
XWS,electrode_features_all,278,0,Normal
XWS,electrode_features_all,279,0,Normal
XWS,electrode_features_all,280,0,Normal
XWS,electrode_features_all,281,0,Normal
XWS,electrode_features_all,282,0,Normal
XWS,electrode_features_all,283,0,Normal
XWS,electrode_features_all,284,0,Normal
XWS,electrode_features_all,285,0,Normal
XWS,electrode_features_all,286,0,Normal
XWS,electrode_features_all,287,0,Normal
XWS,electrode_features_all,288,0,Normal
XWS,electrode_features_all,289,0,Normal
XWS,electrode_features_all,290,0,Normal
XWS,electrode_features_all,291,0,Normal
XWS,electrode_features_all,292,0,Normal
XWS,electrode_features_all,293,0,Normal
XWS,electrode_features_all,294,0,Normal
XWS,electrode_features_all,295,0,Normal
XWS,electrode_features_all,296,0,Normal
XWS,electrode_features_all,297,0,Normal
XWS,electrode_features_all,298,0,Normal
XWS,electrode_features_all,299,0,Normal
XWS,electrode_features_all,300,0,Normal
XWS,electrode_features_all,301,0,Normal
XWS,electrode_features_all,302,0,Normal
XWS,electrode_features_all,303,0,Normal
XWS,electrode_features_all,304,0,Normal
XWS,electrode_features_all,305,0,Normal
XWS,electrode_features_all,306,0,Normal
XWS,electrode_features_all,307,0,Normal
XWS,electrode_features_all,308,0,Normal
XWS,electrode_features_all,309,0,Normal
XWS,electrode_features_all,310,0,Normal
XWS,electrode_features_all,311,0,Normal
XWS,electrode_features_all,312,0,Normal
XWS,electrode_features_all,313,0,Normal
XWS,electrode_features_all,314,0,Normal
XWS,electrode_features_all,315,0,Normal
XWS,electrode_features_all,316,0,Normal
XWS,electrode_features_all,317,0,Normal
XWS,electrode_features_all,318,0,Normal
XWS,electrode_features_all,319,0,Normal
XWS,electrode_features_all,320,0,Normal
XWS,electrode_features_all,321,0,Normal
XWS,electrode_features_all,322,0,Normal
XWS,electrode_features_all,323,0,Normal
XWS,electrode_features_all,324,0,Normal
XWS,electrode_features_all,325,0,Normal
XWS,electrode_features_all,326,0,Normal
XWS,electrode_features_all,327,0,Normal
XWS,electrode_features_all,328,0,Normal
XWS,electrode_features_all,329,0,Normal
XWS,electrode_features_all,330,0,Normal
XWS,electrode_features_all,331,0,Normal
XWS,electrode_features_all,332,0,Normal
XWS,electrode_features_all,333,0,Normal
XWS,electrode_features_all,334,0,Normal
XWS,electrode_features_all,335,0,Normal
XWS,electrode_features_all,336,0,Normal
XWS,electrode_features_all,337,0,Normal
XWS,electrode_features_all,338,0,Normal
XWS,electrode_features_all,339,0,Normal
XWS,electrode_features_all,340,0,Normal
XWS,electrode_features_all,341,0,Normal
XWS,electrode_features_all,342,0,Normal
XWS,electrode_features_all,343,0,Normal
XWS,electrode_features_all,344,0,Normal
XWS,electrode_features_all,345,0,Normal
XWS,electrode_features_all,346,0,Normal
XWS,electrode_features_all,347,0,Normal
XWS,electrode_features_all,348,0,Normal
XWS,electrode_features_all,349,0,Normal
XWS,electrode_features_all,350,0,Normal
XWS,electrode_features_all,351,0,Normal
XWS,electrode_features_all,352,0,Normal
XWS,electrode_features_all,353,0,Normal
XWS,electrode_features_all,354,0,Normal
XWS,electrode_features_all,355,0,Normal
XWS,electrode_features_all,356,0,Normal
XWS,electrode_features_all,357,0,Normal
XWS,electrode_features_all,358,0,Normal
XWS,electrode_features_all,359,0,Normal
XWS,electrode_features_all,360,0,Normal
XWS,electrode_features_all,361,0,Normal
XWS,electrode_features_all,362,0,Normal
XWS,electrode_features_all,363,0,Normal
XWS,electrode_features_all,364,0,Normal
XWS,electrode_features_all,365,0,Normal
XWS,electrode_features_all,366,0,Normal
XWS,electrode_features_all,367,0,Normal
XWS,electrode_features_all,368,0,Normal
XWS,electrode_features_all,369,0,Normal
XWS,electrode_features_all,370,0,Normal
XWS,electrode_features_all,371,0,Normal
XWS,electrode_features_all,372,0,Normal
XWS,electrode_features_all,373,0,Normal
XWS,electrode_features_all,374,0,Normal
XWS,electrode_features_all,375,0,Normal
XWS,electrode_features_all,376,0,Normal
XWS,electrode_features_all,377,0,Normal
XWS,electrode_features_all,378,0,Normal
XWS,electrode_features_all,379,0,Normal
XWS,electrode_features_all,380,0,Normal
XWS,electrode_features_all,381,0,Normal
XWS,electrode_features_all,382,0,Normal
XWS,electrode_features_all,383,0,Normal
XWS,electrode_features_all,384,0,Normal
XWS,electrode_features_all,385,0,Normal
XWS,electrode_features_all,386,0,Normal
XWS,electrode_features_all,387,0,Normal
XWS,electrode_features_all,388,0,Normal
XWS,electrode_features_all,389,0,Normal
XWS,electrode_features_all,390,0,Normal
XWS,electrode_features_all,391,0,Normal
XWS,electrode_features_all,392,0,Normal
XWS,electrode_features_all,393,0,Normal
XWS,electrode_features_all,394,0,Normal
XWS,electrode_features_all,395,0,Normal
XWS,electrode_features_all,396,0,Normal
XWS,electrode_features_all,397,0,Normal
XWS,electrode_features_all,398,0,Normal
XWS,electrode_features_all,399,0,Normal
XWS,electrode_features_all,400,0,Normal
XWS,electrode_features_all,401,0,Normal
XWS,electrode_features_all,402,0,Normal
XWS,electrode_features_all,403,0,Normal
XWS,electrode_features_all,404,0,Normal
XWS,electrode_features_all,405,0,Normal
XWS,electrode_features_all,406,0,Normal
XWS,electrode_features_all,407,0,Normal
XWS,electrode_features_all,408,0,Normal
XWS,electrode_features_all,409,0,Normal
XWS,electrode_features_all,410,0,Normal
XWS,electrode_features_all,411,0,Normal
XWS,electrode_features_all,412,0,Normal
XWS,electrode_features_all,413,0,Normal
XWS,electrode_features_all,414,0,Normal
XWS,electrode_features_all,415,0,Normal
XWS,electrode_features_all,416,0,Normal
XWS,electrode_features_all,417,0,Normal
XWS,electrode_features_all,418,0,Normal
XWS,electrode_features_all,419,0,Normal
XWS,electrode_features_all,420,0,Normal
XWS,electrode_features_all,421,0,Normal
XWS,electrode_features_all,422,0,Normal
XWS,electrode_features_all,423,0,Normal
XWS,electrode_features_all,424,0,Normal
XWS,electrode_features_all,425,0,Normal
XWS,electrode_features_all,426,0,Normal
XWS,electrode_features_all,427,0,Normal
XWS,electrode_features_all,428,0,Normal
XWS,electrode_features_all,429,0,Normal
XWS,electrode_features_all,430,0,Normal
XWS,electrode_features_all,431,0,Normal
XWS,electrode_features_all,432,0,Normal
XWS,electrode_features_all,433,0,Normal
XWS,electrode_features_all,434,0,Normal
XWS,electrode_features_all,435,0,Normal
XWS,electrode_features_all,436,0,Normal
XWS,electrode_features_all,437,0,Normal
XWS,electrode_features_all,438,0,Normal
XWS,electrode_features_all,439,0,Normal
XWS,electrode_features_all,440,0,Normal
XWS,electrode_features_all,441,0,Normal
XWS,electrode_features_all,442,0,Normal
XWS,electrode_features_all,443,0,Normal
XWS,electrode_features_all,444,0,Normal
XWS,electrode_features_all,445,0,Normal
XWS,electrode_features_all,446,0,Normal
XWS,electrode_features_all,447,0,Normal
XWS,electrode_features_all,448,0,Normal
XWS,electrode_features_all,449,0,Normal
XWS,electrode_features_all,450,0,Normal
XWS,electrode_features_all,451,0,Normal
XWS,electrode_features_all,452,0,Normal
XWS,electrode_features_all,453,0,Normal
XWS,electrode_features_all,454,0,Normal
XWS,electrode_features_all,455,0,Normal
XWS,electrode_features_all,456,0,Normal
XWS,electrode_features_all,457,0,Normal
XWS,electrode_features_all,458,0,Normal
XWS,electrode_features_all,459,0,Normal
XWS,electrode_features_all,460,0,Normal
XWS,electrode_features_all,461,0,Normal
XWS,electrode_features_all,462,0,Normal
XWS,electrode_features_all,463,0,Normal
XWS,electrode_features_all,464,0,Normal
XWS,electrode_features_all,465,0,Normal
XWS,electrode_features_all,466,0,Normal
XWS,electrode_features_all,467,0,Normal
XWS,electrode_features_all,468,0,Normal
XWS,electrode_features_all,469,0,Normal
XWS,electrode_features_all,470,0,Normal
XWS,electrode_features_all,471,0,Normal
XWS,electrode_features_all,472,0,Normal
XWS,electrode_features_all,473,0,Normal
XWS,electrode_features_all,474,0,Normal
XWS,electrode_features_all,475,0,Normal
XWS,electrode_features_all,476,0,Normal
XWS,electrode_features_all,477,0,Normal
XWS,electrode_features_all,478,0,Normal
XWS,electrode_features_all,479,0,Normal
XWS,electrode_features_all,480,0,Normal
XWS,electrode_features_all,481,0,Normal
XWS,electrode_features_all,482,0,Normal
XWS,electrode_features_all,483,0,Normal
XWS,electrode_features_all,484,0,Normal
XWS,electrode_features_all,485,0,Normal
XWS,electrode_features_all,486,0,Normal
XWS,electrode_features_all,487,0,Normal
XWS,electrode_features_all,488,0,Normal
XWS,electrode_features_all,489,0,Normal
XWS,electrode_features_all,490,0,Normal
XWS,electrode_features_all,491,0,Normal
XWS,electrode_features_all,492,0,Normal
XWS,electrode_features_all,493,0,Normal
XWS,electrode_features_all,494,0,Normal
XWS,electrode_features_all,495,0,Normal
XWS,electrode_features_all,496,0,Normal
XWS,electrode_features_all,497,0,Normal
XWS,electrode_features_all,498,0,Normal
XWS,electrode_features_all,499,0,Normal
XWS,electrode_features_all,500,0,Normal
XWS,electrode_features_all,501,0,Normal
XWS,electrode_features_all,502,0,Normal
XWS,electrode_features_all,503,0,Normal
XWS,electrode_features_all,504,0,Normal
XWS,electrode_features_all,505,0,Normal
XWS,electrode_features_all,506,0,Normal
XWS,electrode_features_all,507,0,Normal
XWS,electrode_features_all,508,0,Normal
XWS,electrode_features_all,509,0,Normal
XWS,electrode_features_all,510,0,Normal
XWS,electrode_features_all,511,0,Normal
XWS,electrode_features_all,512,0,Normal
XWS,electrode_features_all,513,0,Normal
XWS,electrode_features_all,514,0,Normal
XWS,electrode_features_all,515,0,Normal
XWS,electrode_features_all,516,0,Normal
XWS,electrode_features_all,517,0,Normal
XWS,electrode_features_all,518,0,Normal
XWS,electrode_features_all,519,0,Normal
XWS,electrode_features_all,520,0,Normal
XWS,electrode_features_all,521,0,Normal
XWS,electrode_features_all,522,0,Normal
XWS,electrode_features_all,523,0,Normal
XWS,electrode_features_all,524,0,Normal
XWS,electrode_features_all,525,0,Normal
XWS,electrode_features_all,526,0,Normal
XWS,electrode_features_all,527,0,Normal
XWS,electrode_features_all,528,0,Normal
XWS,electrode_features_all,529,0,Normal
XWS,electrode_features_all,530,0,Normal
XWS,electrode_features_all,531,0,Normal
XWS,electrode_features_all,532,0,Normal
XWS,electrode_features_all,533,0,Normal
XWS,electrode_features_all,534,0,Normal
XWS,electrode_features_all,535,0,Normal
XWS,electrode_features_all,536,0,Normal
XWS,electrode_features_all,537,0,Normal
XWS,electrode_features_all,538,0,Normal
XWS,electrode_features_all,539,0,Normal
XWS,electrode_features_all,540,0,Normal
XWS,electrode_features_all,541,0,Normal
XWS,electrode_features_all,542,0,Normal
XWS,electrode_features_all,543,0,Normal
XWS,electrode_features_all,544,0,Normal
XWS,electrode_features_all,545,0,Normal
XWS,electrode_features_all,546,0,Normal
XWS,electrode_features_all,547,0,Normal
XWS,electrode_features_all,548,0,Normal
XWS,electrode_features_all,549,0,Normal
XWS,electrode_features_all,550,0,Normal
XWS,electrode_features_all,551,0,Normal
XWS,electrode_features_all,552,0,Normal
XWS,electrode_features_all,553,0,Normal
XWS,electrode_features_all,554,0,Normal
XWS,electrode_features_all,555,0,Normal
XWS,electrode_features_all,556,0,Normal
XWS,electrode_features_all,557,0,Normal
XWS,electrode_features_all,558,0,Normal
XWS,electrode_features_all,559,0,Normal
XWS,electrode_features_all,560,0,Normal
XWS,electrode_features_all,561,0,Normal
XWS,electrode_features_all,562,0,Normal
XWS,electrode_features_all,563,0,Normal
XWS,electrode_features_all,564,0,Normal
XWS,electrode_features_all,565,0,Normal
XWS,electrode_features_all,566,0,Normal
XWS,electrode_features_all,567,0,Normal
XWS,electrode_features_all,568,0,Normal
XWS,electrode_features_all,569,0,Normal
XWS,electrode_features_all,570,0,Normal
XWS,electrode_features_all,571,0,Normal
XWS,electrode_features_all,572,0,Normal
XWS,electrode_features_all,573,0,Normal
XWS,electrode_features_all,574,0,Normal
XWS,electrode_features_all,575,0,Normal
XWS,electrode_features_all,576,0,Normal
XWS,electrode_features_all,577,0,Normal
XWS,electrode_features_all,578,0,Normal
XWS,electrode_features_all,579,0,Normal
XWS,electrode_features_all,580,0,Normal
XWS,electrode_features_all,581,0,Normal
XWS,electrode_features_all,582,0,Normal
XWS,electrode_features_all,583,0,Normal
XWS,electrode_features_all,584,0,Normal
XWS,electrode_features_all,585,0,Normal
XWS,electrode_features_all,586,0,Normal
XWS,electrode_features_all,587,0,Normal
XWS,electrode_features_all,588,0,Normal
XWS,electrode_features_all,589,0,Normal
XWS,electrode_features_all,590,0,Normal
XWS,electrode_features_all,591,0,Normal
XWS,electrode_features_all,592,0,Normal
XWS,electrode_features_all,593,0,Normal
XWS,electrode_features_all,594,0,Normal
XWS,electrode_features_all,595,0,Normal
XWS,electrode_features_all,596,0,Normal
XWS,electrode_features_all,597,0,Normal
XWS,electrode_features_all,598,0,Normal
XWS,electrode_features_all,599,0,Normal
XWS,electrode_features_all,600,0,Normal
XWS,electrode_features_all,601,0,Normal
XWS,electrode_features_all,602,0,Normal
XWS,electrode_features_all,603,0,Normal
XWS,electrode_features_all,604,0,Normal
XWS,electrode_features_all,605,0,Normal
XWS,electrode_features_all,606,0,Normal
XWS,electrode_features_all,607,0,Normal
XWS,electrode_features_all,608,0,Normal
XWS,electrode_features_all,609,0,Normal
XWS,electrode_features_all,610,0,Normal
XWS,electrode_features_all,611,0,Normal
XWS,electrode_features_all,612,0,Normal
XWS,electrode_features_all,613,0,Normal
XWS,electrode_features_all,614,0,Normal
XWS,electrode_features_all,615,0,Normal
XWS,electrode_features_all,616,0,Normal
XWS,electrode_features_all,617,0,Normal
XWS,electrode_features_all,618,0,Normal
XWS,electrode_features_all,619,0,Normal
XWS,electrode_features_all,620,0,Normal
XWS,electrode_features_all,621,0,Normal
XWS,electrode_features_all,622,0,Normal
XWS,electrode_features_all,623,0,Normal
XWS,electrode_features_all,624,0,Normal
XWS,electrode_features_all,625,0,Normal
XWS,electrode_features_all,626,0,Normal
XWS,electrode_features_all,627,0,Normal
XWS,electrode_features_all,628,0,Normal
XWS,electrode_features_all,629,0,Normal
XWS,electrode_features_all,630,0,Normal
XWS,electrode_features_all,631,0,Normal
XWS,electrode_features_all,632,0,Normal
XWS,electrode_features_all,633,0,Normal
XWS,electrode_features_all,634,0,Normal
XWS,electrode_features_all,635,0,Normal
XWS,electrode_features_all,636,0,Normal
XWS,electrode_features_all,637,0,Normal
XWS,electrode_features_all,638,0,Normal
XWS,electrode_features_all,639,0,Normal
XWS,electrode_features_all,640,0,Normal
XWS,electrode_features_all,641,0,Normal
XWS,electrode_features_all,642,0,Normal
XWS,electrode_features_all,643,0,Normal
XWS,electrode_features_all,644,0,Normal
XWS,electrode_features_all,645,0,Normal
XWS,electrode_features_all,646,0,Normal
XWS,electrode_features_all,647,0,Normal
XWS,electrode_features_all,648,0,Normal
XWS,electrode_features_all,649,0,Normal
XWS,electrode_features_all,650,0,Normal
XWS,electrode_features_all,651,0,Normal
XWS,electrode_features_all,652,0,Normal
XWS,electrode_features_all,653,0,Normal
XWS,electrode_features_all,654,0,Normal
XWS,electrode_features_all,655,0,Normal
XWS,electrode_features_all,656,0,Normal
XWS,electrode_features_all,657,0,Normal
XWS,electrode_features_all,658,0,Normal
XWS,electrode_features_all,659,0,Normal
XWS,electrode_features_all,660,0,Normal
XWS,electrode_features_all,661,0,Normal
XWS,electrode_features_all,662,0,Normal
XWS,electrode_features_all,663,0,Normal
XWS,electrode_features_all,664,0,Normal
XWS,electrode_features_all,665,0,Normal
XWS,electrode_features_all,666,0,Normal
XWS,electrode_features_all,667,0,Normal
XWS,electrode_features_all,668,0,Normal
XWS,electrode_features_all,669,0,Normal
XWS,electrode_features_all,670,0,Normal
XWS,electrode_features_all,671,0,Normal
XWS,electrode_features_all,672,0,Normal
XWS,electrode_features_all,673,0,Normal
XWS,electrode_features_all,674,0,Normal
XAH,electrode_features_all,0,1,Dyslexic
XAH,electrode_features_all,1,1,Dyslexic
XAH,electrode_features_all,2,1,Dyslexic
XAH,electrode_features_all,3,1,Dyslexic
XAH,electrode_features_all,4,1,Dyslexic
XAH,electrode_features_all,5,0,Normal
XAH,electrode_features_all,6,1,Dyslexic
XAH,electrode_features_all,7,1,Dyslexic
XAH,electrode_features_all,8,1,Dyslexic
XAH,electrode_features_all,9,1,Dyslexic
XAH,electrode_features_all,10,1,Dyslexic
XAH,electrode_features_all,11,0,Normal
XAH,electrode_features_all,12,1,Dyslexic
XAH,electrode_features_all,13,1,Dyslexic
XAH,electrode_features_all,14,0,Normal
XAH,electrode_features_all,15,1,Dyslexic
XAH,electrode_features_all,16,0,Normal
XAH,electrode_features_all,17,1,Dyslexic
XAH,electrode_features_all,18,1,Dyslexic
XAH,electrode_features_all,19,1,Dyslexic
XAH,electrode_features_all,20,1,Dyslexic
XAH,electrode_features_all,21,1,Dyslexic
XAH,electrode_features_all,22,0,Normal
XAH,electrode_features_all,23,0,Normal
XAH,electrode_features_all,24,1,Dyslexic
XAH,electrode_features_all,25,1,Dyslexic
XAH,electrode_features_all,26,1,Dyslexic
XAH,electrode_features_all,27,1,Dyslexic
XAH,electrode_features_all,28,1,Dyslexic
XAH,electrode_features_all,29,0,Normal
XAH,electrode_features_all,30,1,Dyslexic
XAH,electrode_features_all,31,1,Dyslexic
XAH,electrode_features_all,32,1,Dyslexic
XAH,electrode_features_all,33,1,Dyslexic
XAH,electrode_features_all,34,0,Normal
XAH,electrode_features_all,35,1,Dyslexic
XAH,electrode_features_all,36,0,Normal
XAH,electrode_features_all,37,0,Normal
XAH,electrode_features_all,38,0,Normal
XAH,electrode_features_all,39,1,Dyslexic
XAH,electrode_features_all,40,0,Normal
XAH,electrode_features_all,41,1,Dyslexic
XAH,electrode_features_all,42,0,Normal
XAH,electrode_features_all,43,0,Normal
XAH,electrode_features_all,44,1,Dyslexic
XAH,electrode_features_all,45,1,Dyslexic
XAH,electrode_features_all,46,1,Dyslexic
XAH,electrode_features_all,47,1,Dyslexic
XAH,electrode_features_all,48,1,Dyslexic
XAH,electrode_features_all,49,0,Normal
XAH,electrode_features_all,50,1,Dyslexic
XAH,electrode_features_all,51,1,Dyslexic
XAH,electrode_features_all,52,1,Dyslexic
XAH,electrode_features_all,53,0,Normal
XAH,electrode_features_all,54,0,Normal
XAH,electrode_features_all,55,0,Normal
XAH,electrode_features_all,56,1,Dyslexic
XAH,electrode_features_all,57,1,Dyslexic
XAH,electrode_features_all,58,1,Dyslexic
XAH,electrode_features_all,59,1,Dyslexic
XAH,electrode_features_all,60,1,Dyslexic
XAH,electrode_features_all,61,1,Dyslexic
XAH,electrode_features_all,62,1,Dyslexic
XAH,electrode_features_all,63,0,Normal
XAH,electrode_features_all,64,0,Normal
XAH,electrode_features_all,65,0,Normal
XAH,electrode_features_all,66,1,Dyslexic
XAH,electrode_features_all,67,1,Dyslexic
XAH,electrode_features_all,68,1,Dyslexic
XAH,electrode_features_all,69,1,Dyslexic
XAH,electrode_features_all,70,1,Dyslexic
XAH,electrode_features_all,71,0,Normal
XAH,electrode_features_all,72,1,Dyslexic
XAH,electrode_features_all,73,1,Dyslexic
XAH,electrode_features_all,74,1,Dyslexic
XAH,electrode_features_all,75,0,Normal
XAH,electrode_features_all,76,1,Dyslexic
XAH,electrode_features_all,77,1,Dyslexic
XAH,electrode_features_all,78,0,Normal
XAH,electrode_features_all,79,0,Normal
XAH,electrode_features_all,80,1,Dyslexic
XAH,electrode_features_all,81,1,Dyslexic
XAH,electrode_features_all,82,0,Normal
XAH,electrode_features_all,83,1,Dyslexic
XAH,electrode_features_all,84,0,Normal
XAH,electrode_features_all,85,1,Dyslexic
XAH,electrode_features_all,86,1,Dyslexic
XAH,electrode_features_all,87,1,Dyslexic
XAH,electrode_features_all,88,0,Normal
XAH,electrode_features_all,89,1,Dyslexic
XAH,electrode_features_all,90,1,Dyslexic
XAH,electrode_features_all,91,0,Normal
XAH,electrode_features_all,92,1,Dyslexic
XAH,electrode_features_all,93,1,Dyslexic
XAH,electrode_features_all,94,1,Dyslexic
XAH,electrode_features_all,95,1,Dyslexic
XAH,electrode_features_all,96,1,Dyslexic
XAH,electrode_features_all,97,1,Dyslexic
XAH,electrode_features_all,98,1,Dyslexic
XAH,electrode_features_all,99,0,Normal
XAH,electrode_features_all,100,0,Normal
XAH,electrode_features_all,101,1,Dyslexic
XAH,electrode_features_all,102,1,Dyslexic
XAH,electrode_features_all,103,0,Normal
XAH,electrode_features_all,104,0,Normal
XAH,electrode_features_all,105,1,Dyslexic
XAH,electrode_features_all,106,1,Dyslexic
XAH,electrode_features_all,107,0,Normal
XAH,electrode_features_all,108,0,Normal
XAH,electrode_features_all,109,1,Dyslexic
XAH,electrode_features_all,110,0,Normal
XAH,electrode_features_all,111,1,Dyslexic
XAH,electrode_features_all,112,0,Normal
XAH,electrode_features_all,113,1,Dyslexic
XAH,electrode_features_all,114,1,Dyslexic
XAH,electrode_features_all,115,1,Dyslexic
XAH,electrode_features_all,116,1,Dyslexic
XAH,electrode_features_all,117,0,Normal
XAH,electrode_features_all,118,1,Dyslexic
XAH,electrode_features_all,119,0,Normal
XAH,electrode_features_all,120,1,Dyslexic
XAH,electrode_features_all,121,0,Normal
XAH,electrode_features_all,122,0,Normal
XAH,electrode_features_all,123,1,Dyslexic
XAH,electrode_features_all,124,1,Dyslexic
XAH,electrode_features_all,125,1,Dyslexic
XAH,electrode_features_all,126,1,Dyslexic
XAH,electrode_features_all,127,1,Dyslexic
XAH,electrode_features_all,128,0,Normal
XAH,electrode_features_all,129,1,Dyslexic
XAH,electrode_features_all,130,1,Dyslexic
XAH,electrode_features_all,131,1,Dyslexic
XAH,electrode_features_all,132,0,Normal
XAH,electrode_features_all,133,1,Dyslexic
XAH,electrode_features_all,134,1,Dyslexic
XAH,electrode_features_all,135,0,Normal
XAH,electrode_features_all,136,1,Dyslexic
XAH,electrode_features_all,137,0,Normal
XAH,electrode_features_all,138,0,Normal
XAH,electrode_features_all,139,0,Normal
XAH,electrode_features_all,140,0,Normal
XAH,electrode_features_all,141,1,Dyslexic
XAH,electrode_features_all,142,1,Dyslexic
XAH,electrode_features_all,143,0,Normal
XAH,electrode_features_all,144,1,Dyslexic
XAH,electrode_features_all,145,1,Dyslexic
XAH,electrode_features_all,146,1,Dyslexic
XAH,electrode_features_all,147,0,Normal
XAH,electrode_features_all,148,1,Dyslexic
XAH,electrode_features_all,149,1,Dyslexic
XAH,electrode_features_all,150,1,Dyslexic
XAH,electrode_features_all,151,0,Normal
XAH,electrode_features_all,152,1,Dyslexic
XAH,electrode_features_all,153,1,Dyslexic
XAH,electrode_features_all,154,1,Dyslexic
XAH,electrode_features_all,155,0,Normal
XAH,electrode_features_all,156,0,Normal
XAH,electrode_features_all,157,1,Dyslexic
XAH,electrode_features_all,158,1,Dyslexic
XAH,electrode_features_all,159,1,Dyslexic
XAH,electrode_features_all,160,0,Normal
XAH,electrode_features_all,161,1,Dyslexic
XAH,electrode_features_all,162,0,Normal
XAH,electrode_features_all,163,1,Dyslexic
XAH,electrode_features_all,164,0,Normal
XAH,electrode_features_all,165,1,Dyslexic
XAH,electrode_features_all,166,1,Dyslexic
XAH,electrode_features_all,167,0,Normal
XAH,electrode_features_all,168,1,Dyslexic
XAH,electrode_features_all,169,0,Normal
XAH,electrode_features_all,170,0,Normal
XAH,electrode_features_all,171,0,Normal
XAH,electrode_features_all,172,1,Dyslexic
XAH,electrode_features_all,173,0,Normal
XAH,electrode_features_all,174,0,Normal
XAH,electrode_features_all,175,0,Normal
XAH,electrode_features_all,176,0,Normal
XAH,electrode_features_all,177,1,Dyslexic
XAH,electrode_features_all,178,0,Normal
XAH,electrode_features_all,179,1,Dyslexic
XAH,electrode_features_all,180,0,Normal
XAH,electrode_features_all,181,1,Dyslexic
XAH,electrode_features_all,182,1,Dyslexic
XAH,electrode_features_all,183,1,Dyslexic
XAH,electrode_features_all,184,0,Normal
XAH,electrode_features_all,185,0,Normal
XAH,electrode_features_all,186,0,Normal
XAH,electrode_features_all,187,0,Normal
XAH,electrode_features_all,188,0,Normal
XAH,electrode_features_all,189,1,Dyslexic
XAH,electrode_features_all,190,0,Normal
XAH,electrode_features_all,191,1,Dyslexic
XAH,electrode_features_all,192,0,Normal
XAH,electrode_features_all,193,0,Normal
XAH,electrode_features_all,194,1,Dyslexic
XAH,electrode_features_all,195,1,Dyslexic
XAH,electrode_features_all,196,1,Dyslexic
XAH,electrode_features_all,197,0,Normal
XAH,electrode_features_all,198,1,Dyslexic
XAH,electrode_features_all,199,1,Dyslexic
XAH,electrode_features_all,200,1,Dyslexic
XAH,electrode_features_all,201,1,Dyslexic
XAH,electrode_features_all,202,1,Dyslexic
XAH,electrode_features_all,203,0,Normal
XAH,electrode_features_all,204,1,Dyslexic
XAH,electrode_features_all,205,1,Dyslexic
XAH,electrode_features_all,206,1,Dyslexic
XAH,electrode_features_all,207,0,Normal
XAH,electrode_features_all,208,1,Dyslexic
XAH,electrode_features_all,209,1,Dyslexic
XAH,electrode_features_all,210,1,Dyslexic
XAH,electrode_features_all,211,0,Normal
XAH,electrode_features_all,212,1,Dyslexic
XAH,electrode_features_all,213,0,Normal
XAH,electrode_features_all,214,0,Normal
XAH,electrode_features_all,215,1,Dyslexic
XAH,electrode_features_all,216,1,Dyslexic
XAH,electrode_features_all,217,0,Normal
XAH,electrode_features_all,218,1,Dyslexic
XAH,electrode_features_all,219,1,Dyslexic
XAH,electrode_features_all,220,1,Dyslexic
XAH,electrode_features_all,221,1,Dyslexic
XAH,electrode_features_all,222,0,Normal
XAH,electrode_features_all,223,1,Dyslexic
XAH,electrode_features_all,224,1,Dyslexic
XAH,electrode_features_all,225,0,Normal
XAH,electrode_features_all,226,0,Normal
XAH,electrode_features_all,227,1,Dyslexic
XAH,electrode_features_all,228,0,Normal
XAH,electrode_features_all,229,1,Dyslexic
XAH,electrode_features_all,230,1,Dyslexic
XAH,electrode_features_all,231,1,Dyslexic
XAH,electrode_features_all,232,1,Dyslexic
XAH,electrode_features_all,233,1,Dyslexic
XAH,electrode_features_all,234,0,Normal
XAH,electrode_features_all,235,0,Normal
XAH,electrode_features_all,236,1,Dyslexic
XAH,electrode_features_all,237,1,Dyslexic
XAH,electrode_features_all,238,1,Dyslexic
XAH,electrode_features_all,239,0,Normal
XAH,electrode_features_all,240,0,Normal
XAH,electrode_features_all,241,0,Normal
XAH,electrode_features_all,242,1,Dyslexic
XAH,electrode_features_all,243,1,Dyslexic
XAH,electrode_features_all,244,1,Dyslexic
XAH,electrode_features_all,245,1,Dyslexic
XAH,electrode_features_all,246,1,Dyslexic
XAH,electrode_features_all,247,1,Dyslexic
XAH,electrode_features_all,248,0,Normal
XAH,electrode_features_all,249,1,Dyslexic
XAH,electrode_features_all,250,0,Normal
XAH,electrode_features_all,251,1,Dyslexic
XAH,electrode_features_all,252,1,Dyslexic
XAH,electrode_features_all,253,0,Normal
XAH,electrode_features_all,254,0,Normal
XAH,electrode_features_all,255,1,Dyslexic
XAH,electrode_features_all,256,1,Dyslexic
XAH,electrode_features_all,257,1,Dyslexic
XAH,electrode_features_all,258,0,Normal
XAH,electrode_features_all,259,0,Normal
XAH,electrode_features_all,260,1,Dyslexic
XAH,electrode_features_all,261,1,Dyslexic
XAH,electrode_features_all,262,1,Dyslexic
XAH,electrode_features_all,263,1,Dyslexic
XAH,electrode_features_all,264,1,Dyslexic
XAH,electrode_features_all,265,1,Dyslexic
XAH,electrode_features_all,266,1,Dyslexic
XAH,electrode_features_all,267,0,Normal
XAH,electrode_features_all,268,0,Normal
XAH,electrode_features_all,269,1,Dyslexic
XAH,electrode_features_all,270,0,Normal
XAH,electrode_features_all,271,0,Normal
XAH,electrode_features_all,272,1,Dyslexic
XAH,electrode_features_all,273,0,Normal
XAH,electrode_features_all,274,1,Dyslexic
XAH,electrode_features_all,275,1,Dyslexic
XAH,electrode_features_all,276,0,Normal
XAH,electrode_features_all,277,1,Dyslexic
XAH,electrode_features_all,278,1,Dyslexic
XAH,electrode_features_all,279,1,Dyslexic
XAH,electrode_features_all,280,0,Normal
XAH,electrode_features_all,281,0,Normal
XAH,electrode_features_all,282,1,Dyslexic
XAH,electrode_features_all,283,0,Normal
XAH,electrode_features_all,284,0,Normal
XAH,electrode_features_all,285,0,Normal
XAH,electrode_features_all,286,1,Dyslexic
XAH,electrode_features_all,287,1,Dyslexic
XAH,electrode_features_all,288,0,Normal
XAH,electrode_features_all,289,1,Dyslexic
XAH,electrode_features_all,290,1,Dyslexic
XAH,electrode_features_all,291,1,Dyslexic
XAH,electrode_features_all,292,0,Normal
XAH,electrode_features_all,293,0,Normal
XAH,electrode_features_all,294,1,Dyslexic
XAH,electrode_features_all,295,0,Normal
XAH,electrode_features_all,296,1,Dyslexic
XAH,electrode_features_all,297,0,Normal
XAH,electrode_features_all,298,0,Normal
XAH,electrode_features_all,299,0,Normal
XAH,electrode_features_all,300,0,Normal
XAH,electrode_features_all,301,1,Dyslexic
XAH,electrode_features_all,302,1,Dyslexic
XAH,electrode_features_all,303,1,Dyslexic
XAH,electrode_features_all,304,1,Dyslexic
XAH,electrode_features_all,305,1,Dyslexic
XAH,electrode_features_all,306,1,Dyslexic
XAH,electrode_features_all,307,1,Dyslexic
XAH,electrode_features_all,308,1,Dyslexic
XAH,electrode_features_all,309,1,Dyslexic
XAH,electrode_features_all,310,0,Normal
XAH,electrode_features_all,311,1,Dyslexic
XAH,electrode_features_all,312,1,Dyslexic
XAH,electrode_features_all,313,0,Normal
XAH,electrode_features_all,314,1,Dyslexic
XAH,electrode_features_all,315,0,Normal
XAH,electrode_features_all,316,1,Dyslexic
XAH,electrode_features_all,317,0,Normal
XAH,electrode_features_all,318,1,Dyslexic
XAH,electrode_features_all,319,1,Dyslexic
XAH,electrode_features_all,320,0,Normal
XAH,electrode_features_all,321,1,Dyslexic
XAH,electrode_features_all,322,1,Dyslexic
XAH,electrode_features_all,323,0,Normal
XAH,electrode_features_all,324,0,Normal
XAH,electrode_features_all,325,1,Dyslexic
XAH,electrode_features_all,326,1,Dyslexic
XAH,electrode_features_all,327,1,Dyslexic
XAH,electrode_features_all,328,1,Dyslexic
XAH,electrode_features_all,329,1,Dyslexic
XAH,electrode_features_all,330,1,Dyslexic
XAH,electrode_features_all,331,1,Dyslexic
XAH,electrode_features_all,332,0,Normal
XAH,electrode_features_all,333,1,Dyslexic
XAH,electrode_features_all,334,0,Normal
XAH,electrode_features_all,335,0,Normal
XAH,electrode_features_all,336,1,Dyslexic
XAH,electrode_features_all,337,0,Normal
XAH,electrode_features_all,338,0,Normal
XAH,electrode_features_all,339,0,Normal
XAH,electrode_features_all,340,1,Dyslexic
XAH,electrode_features_all,341,1,Dyslexic
XAH,electrode_features_all,342,0,Normal
XAH,electrode_features_all,343,1,Dyslexic
XAH,electrode_features_all,344,0,Normal
XAH,electrode_features_all,345,1,Dyslexic
XAH,electrode_features_all,346,1,Dyslexic
XAH,electrode_features_all,347,1,Dyslexic
XAH,electrode_features_all,348,1,Dyslexic
XAH,electrode_features_all,349,1,Dyslexic
XAH,electrode_features_all,350,1,Dyslexic
XAH,electrode_features_all,351,1,Dyslexic
XAH,electrode_features_all,352,1,Dyslexic
XAH,electrode_features_all,353,1,Dyslexic
XAH,electrode_features_all,354,1,Dyslexic
XAH,electrode_features_all,355,1,Dyslexic
XAH,electrode_features_all,356,0,Normal
XAH,electrode_features_all,357,1,Dyslexic
XAH,electrode_features_all,358,1,Dyslexic
XAH,electrode_features_all,359,1,Dyslexic
XAH,electrode_features_all,360,1,Dyslexic
XAH,electrode_features_all,361,0,Normal
XAH,electrode_features_all,362,1,Dyslexic
XAH,electrode_features_all,363,1,Dyslexic
XAH,electrode_features_all,364,1,Dyslexic
XAH,electrode_features_all,365,0,Normal
XAH,electrode_features_all,366,1,Dyslexic
XAH,electrode_features_all,367,1,Dyslexic
XAH,electrode_features_all,368,1,Dyslexic
XAH,electrode_features_all,369,0,Normal
XAH,electrode_features_all,370,1,Dyslexic
XAH,electrode_features_all,371,0,Normal
XAH,electrode_features_all,372,1,Dyslexic
XAH,electrode_features_all,373,1,Dyslexic
XAH,electrode_features_all,374,0,Normal
XAH,electrode_features_all,375,1,Dyslexic
XAH,electrode_features_all,376,1,Dyslexic
XAH,electrode_features_all,377,0,Normal
XAH,electrode_features_all,378,0,Normal
XAH,electrode_features_all,379,1,Dyslexic
XAH,electrode_features_all,380,0,Normal
XAH,electrode_features_all,381,0,Normal
XAH,electrode_features_all,382,1,Dyslexic
XAH,electrode_features_all,383,1,Dyslexic
XAH,electrode_features_all,384,0,Normal
XAH,electrode_features_all,385,1,Dyslexic
XAH,electrode_features_all,386,1,Dyslexic
XAH,electrode_features_all,387,0,Normal
XAH,electrode_features_all,388,1,Dyslexic
XAH,electrode_features_all,389,1,Dyslexic
XAH,electrode_features_all,390,0,Normal
XAH,electrode_features_all,391,1,Dyslexic
XAH,electrode_features_all,392,0,Normal
XAH,electrode_features_all,393,1,Dyslexic
XAH,electrode_features_all,394,1,Dyslexic
XAH,electrode_features_all,395,1,Dyslexic
XAH,electrode_features_all,396,1,Dyslexic
XAH,electrode_features_all,397,1,Dyslexic
XAH,electrode_features_all,398,1,Dyslexic
XAH,electrode_features_all,399,1,Dyslexic
XAH,electrode_features_all,400,1,Dyslexic
XAH,electrode_features_all,401,1,Dyslexic
XAH,electrode_features_all,402,1,Dyslexic
XAH,electrode_features_all,403,0,Normal
XAH,electrode_features_all,404,1,Dyslexic
XAH,electrode_features_all,405,1,Dyslexic
XAH,electrode_features_all,406,1,Dyslexic
XAH,electrode_features_all,407,1,Dyslexic
XAH,electrode_features_all,408,0,Normal
XAH,electrode_features_all,409,1,Dyslexic
XAH,electrode_features_all,410,1,Dyslexic
XAH,electrode_features_all,411,0,Normal
XAH,electrode_features_all,412,0,Normal
XAH,electrode_features_all,413,1,Dyslexic
XAH,electrode_features_all,414,0,Normal
XAH,electrode_features_all,415,1,Dyslexic
XAH,electrode_features_all,416,0,Normal
XAH,electrode_features_all,417,1,Dyslexic
XAH,electrode_features_all,418,0,Normal
XAH,electrode_features_all,419,1,Dyslexic
XAH,electrode_features_all,420,0,Normal
XAH,electrode_features_all,421,1,Dyslexic
XAH,electrode_features_all,422,0,Normal
XAH,electrode_features_all,423,1,Dyslexic
XAH,electrode_features_all,424,1,Dyslexic
XAH,electrode_features_all,425,1,Dyslexic
XAH,electrode_features_all,426,1,Dyslexic
XAH,electrode_features_all,427,1,Dyslexic
XAH,electrode_features_all,428,1,Dyslexic
XAH,electrode_features_all,429,1,Dyslexic
XAH,electrode_features_all,430,0,Normal
XAH,electrode_features_all,431,1,Dyslexic
XAH,electrode_features_all,432,1,Dyslexic
XAH,electrode_features_all,433,0,Normal
XAH,electrode_features_all,434,1,Dyslexic
XAH,electrode_features_all,435,0,Normal
XAH,electrode_features_all,436,0,Normal
XAH,electrode_features_all,437,0,Normal
XAH,electrode_features_all,438,1,Dyslexic
XAH,electrode_features_all,439,1,Dyslexic
XAH,electrode_features_all,440,1,Dyslexic
XAH,electrode_features_all,441,1,Dyslexic
XAH,electrode_features_all,442,1,Dyslexic
XAH,electrode_features_all,443,1,Dyslexic
XAH,electrode_features_all,444,1,Dyslexic
XAH,electrode_features_all,445,1,Dyslexic
XAH,electrode_features_all,446,0,Normal
XAH,electrode_features_all,447,1,Dyslexic
XAH,electrode_features_all,448,0,Normal
XAH,electrode_features_all,449,0,Normal
XAH,electrode_features_all,450,0,Normal
XAH,electrode_features_all,451,1,Dyslexic
XAH,electrode_features_all,452,0,Normal
XAH,electrode_features_all,453,0,Normal
XAH,electrode_features_all,454,0,Normal
XAH,electrode_features_all,455,0,Normal
XAH,electrode_features_all,456,1,Dyslexic
XAH,electrode_features_all,457,1,Dyslexic
XAH,electrode_features_all,458,1,Dyslexic
XAH,electrode_features_all,459,0,Normal
XAH,electrode_features_all,460,1,Dyslexic
XAH,electrode_features_all,461,1,Dyslexic
XAH,electrode_features_all,462,1,Dyslexic
XAH,electrode_features_all,463,0,Normal
XAH,electrode_features_all,464,1,Dyslexic
XAH,electrode_features_all,465,1,Dyslexic
XAH,electrode_features_all,466,0,Normal
XAH,electrode_features_all,467,0,Normal
XAH,electrode_features_all,468,1,Dyslexic
XAH,electrode_features_all,469,0,Normal
XAH,electrode_features_all,470,0,Normal
XAH,electrode_features_all,471,1,Dyslexic
XAH,electrode_features_all,472,1,Dyslexic
XAH,electrode_features_all,473,1,Dyslexic
XAH,electrode_features_all,474,0,Normal
XAH,electrode_features_all,475,0,Normal
XAH,electrode_features_all,476,0,Normal
XAH,electrode_features_all,477,1,Dyslexic
XAH,electrode_features_all,478,0,Normal
XAH,electrode_features_all,479,1,Dyslexic
XAH,electrode_features_all,480,1,Dyslexic
XAH,electrode_features_all,481,1,Dyslexic
XAH,electrode_features_all,482,0,Normal
XAH,electrode_features_all,483,1,Dyslexic
XAH,electrode_features_all,484,1,Dyslexic
XAH,electrode_features_all,485,1,Dyslexic
XAH,electrode_features_all,486,1,Dyslexic
XAH,electrode_features_all,487,1,Dyslexic
XAH,electrode_features_all,488,1,Dyslexic
XAH,electrode_features_all,489,0,Normal
XAH,electrode_features_all,490,1,Dyslexic
XAH,electrode_features_all,491,0,Normal
XAH,electrode_features_all,492,1,Dyslexic
XAH,electrode_features_all,493,1,Dyslexic
XAH,electrode_features_all,494,0,Normal
XAH,electrode_features_all,495,1,Dyslexic
XAH,electrode_features_all,496,1,Dyslexic
XAH,electrode_features_all,497,0,Normal
XAH,electrode_features_all,498,0,Normal
XAH,electrode_features_all,499,0,Normal
XAH,electrode_features_all,500,1,Dyslexic
XAH,electrode_features_all,501,1,Dyslexic
XAH,electrode_features_all,502,0,Normal
XAH,electrode_features_all,503,0,Normal
XAH,electrode_features_all,504,1,Dyslexic
XAH,electrode_features_all,505,1,Dyslexic
XAH,electrode_features_all,506,1,Dyslexic
XAH,electrode_features_all,507,1,Dyslexic
XAH,electrode_features_all,508,1,Dyslexic
XAH,electrode_features_all,509,1,Dyslexic
XAH,electrode_features_all,510,0,Normal
XAH,electrode_features_all,511,1,Dyslexic
XAH,electrode_features_all,512,1,Dyslexic
XAH,electrode_features_all,513,1,Dyslexic
XAH,electrode_features_all,514,0,Normal
XAH,electrode_features_all,515,1,Dyslexic
XAH,electrode_features_all,516,0,Normal
XAH,electrode_features_all,517,0,Normal
XAH,electrode_features_all,518,1,Dyslexic
XAH,electrode_features_all,519,0,Normal
XAH,electrode_features_all,520,1,Dyslexic
XAH,electrode_features_all,521,0,Normal
XAH,electrode_features_all,522,1,Dyslexic
XAH,electrode_features_all,523,1,Dyslexic
XAH,electrode_features_all,524,1,Dyslexic
XAH,electrode_features_all,525,0,Normal
XAH,electrode_features_all,526,1,Dyslexic
XAH,electrode_features_all,527,1,Dyslexic
XAH,electrode_features_all,528,1,Dyslexic
XAH,electrode_features_all,529,1,Dyslexic
XAH,electrode_features_all,530,0,Normal
XAH,electrode_features_all,531,1,Dyslexic
XAH,electrode_features_all,532,0,Normal
XAH,electrode_features_all,533,1,Dyslexic
XAH,electrode_features_all,534,0,Normal
XAH,electrode_features_all,535,0,Normal
XAH,electrode_features_all,536,0,Normal
XAH,electrode_features_all,537,0,Normal
XAH,electrode_features_all,538,1,Dyslexic
XAH,electrode_features_all,539,1,Dyslexic
XAH,electrode_features_all,540,1,Dyslexic
XAH,electrode_features_all,541,1,Dyslexic
XAH,electrode_features_all,542,1,Dyslexic
XAH,electrode_features_all,543,1,Dyslexic
XAH,electrode_features_all,544,0,Normal
XAH,electrode_features_all,545,1,Dyslexic
XAH,electrode_features_all,546,0,Normal
XAH,electrode_features_all,547,0,Normal
XAH,electrode_features_all,548,0,Normal
XAH,electrode_features_all,549,1,Dyslexic
XAH,electrode_features_all,550,1,Dyslexic
XAH,electrode_features_all,551,0,Normal
XAH,electrode_features_all,552,1,Dyslexic
XAH,electrode_features_all,553,1,Dyslexic
XAH,electrode_features_all,554,0,Normal
XAH,electrode_features_all,555,1,Dyslexic
XAH,electrode_features_all,556,1,Dyslexic
XAH,electrode_features_all,557,0,Normal
XAH,electrode_features_all,558,0,Normal
XAH,electrode_features_all,559,1,Dyslexic
XAH,electrode_features_all,560,1,Dyslexic
XAH,electrode_features_all,561,1,Dyslexic
XAH,electrode_features_all,562,1,Dyslexic
XAH,electrode_features_all,563,1,Dyslexic
XAH,electrode_features_all,564,1,Dyslexic
XAH,electrode_features_all,565,0,Normal
XAH,electrode_features_all,566,1,Dyslexic
XAH,electrode_features_all,567,1,Dyslexic
XAH,electrode_features_all,568,1,Dyslexic
XAH,electrode_features_all,569,0,Normal
XAH,electrode_features_all,570,1,Dyslexic
XAH,electrode_features_all,571,1,Dyslexic
XAH,electrode_features_all,572,1,Dyslexic
XAH,electrode_features_all,573,1,Dyslexic
XAH,electrode_features_all,574,0,Normal
XAH,electrode_features_all,575,1,Dyslexic
XAH,electrode_features_all,576,1,Dyslexic
XAH,electrode_features_all,577,0,Normal
XAH,electrode_features_all,578,1,Dyslexic
XAH,electrode_features_all,579,0,Normal
XAH,electrode_features_all,580,0,Normal
XAH,electrode_features_all,581,0,Normal
XAH,electrode_features_all,582,1,Dyslexic
XAH,electrode_features_all,583,0,Normal
XAH,electrode_features_all,584,0,Normal
XAH,electrode_features_all,585,0,Normal
XAH,electrode_features_all,586,1,Dyslexic
XAH,electrode_features_all,587,1,Dyslexic
XAH,electrode_features_all,588,0,Normal
XAH,electrode_features_all,589,0,Normal
XAH,electrode_features_all,590,1,Dyslexic
XAH,electrode_features_all,591,1,Dyslexic
XAH,electrode_features_all,592,1,Dyslexic
XAH,electrode_features_all,593,0,Normal
XAH,electrode_features_all,594,0,Normal
XAH,electrode_features_all,595,0,Normal
XAH,electrode_features_all,596,0,Normal
XAH,electrode_features_all,597,1,Dyslexic
XAH,electrode_features_all,598,1,Dyslexic
XAH,electrode_features_all,599,1,Dyslexic
XAH,electrode_features_all,600,0,Normal
XAH,electrode_features_all,601,1,Dyslexic
XAH,electrode_features_all,602,0,Normal
XAH,electrode_features_all,603,1,Dyslexic
XAH,electrode_features_all,604,0,Normal
XAH,electrode_features_all,605,0,Normal
XAH,electrode_features_all,606,1,Dyslexic
XAH,electrode_features_all,607,1,Dyslexic
XAH,electrode_features_all,608,1,Dyslexic
XAH,electrode_features_all,609,0,Normal
XBD,electrode_features_all,0,0,Normal
XBD,electrode_features_all,1,0,Normal
XBD,electrode_features_all,2,0,Normal
XBD,electrode_features_all,3,0,Normal
XBD,electrode_features_all,4,0,Normal
XBD,electrode_features_all,5,0,Normal
XBD,electrode_features_all,6,0,Normal
XBD,electrode_features_all,7,0,Normal
XBD,electrode_features_all,8,0,Normal
XBD,electrode_features_all,9,0,Normal
XBD,electrode_features_all,10,0,Normal
XBD,electrode_features_all,11,0,Normal
XBD,electrode_features_all,12,0,Normal
XBD,electrode_features_all,13,0,Normal
XBD,electrode_features_all,14,0,Normal
XBD,electrode_features_all,15,0,Normal
XBD,electrode_features_all,16,0,Normal
XBD,electrode_features_all,17,0,Normal
XBD,electrode_features_all,18,0,Normal
XBD,electrode_features_all,19,0,Normal
XBD,electrode_features_all,20,0,Normal
XBD,electrode_features_all,21,0,Normal
XBD,electrode_features_all,22,0,Normal
XBD,electrode_features_all,23,0,Normal
XBD,electrode_features_all,24,0,Normal
XBD,electrode_features_all,25,0,Normal
XBD,electrode_features_all,26,0,Normal
XBD,electrode_features_all,27,0,Normal
XBD,electrode_features_all,28,0,Normal
XBD,electrode_features_all,29,0,Normal
XBD,electrode_features_all,30,0,Normal
XBD,electrode_features_all,31,0,Normal
XBD,electrode_features_all,32,0,Normal
XBD,electrode_features_all,33,0,Normal
XBD,electrode_features_all,34,0,Normal
XBD,electrode_features_all,35,0,Normal
XBD,electrode_features_all,36,0,Normal
XBD,electrode_features_all,37,0,Normal
XBD,electrode_features_all,38,0,Normal
XBD,electrode_features_all,39,0,Normal
XBD,electrode_features_all,40,0,Normal
XBD,electrode_features_all,41,0,Normal
XBD,electrode_features_all,42,0,Normal
XBD,electrode_features_all,43,0,Normal
XBD,electrode_features_all,44,0,Normal
XBD,electrode_features_all,45,0,Normal
XBD,electrode_features_all,46,0,Normal
XBD,electrode_features_all,47,0,Normal
XBD,electrode_features_all,48,0,Normal
XBD,electrode_features_all,49,0,Normal
XBD,electrode_features_all,50,0,Normal
XBD,electrode_features_all,51,0,Normal
XBD,electrode_features_all,52,0,Normal
XBD,electrode_features_all,53,0,Normal
XBD,electrode_features_all,54,0,Normal
XBD,electrode_features_all,55,0,Normal
XBD,electrode_features_all,56,0,Normal
XBD,electrode_features_all,57,0,Normal
XBD,electrode_features_all,58,0,Normal
XBD,electrode_features_all,59,0,Normal
XBD,electrode_features_all,60,0,Normal
XBD,electrode_features_all,61,0,Normal
XBD,electrode_features_all,62,0,Normal
XBD,electrode_features_all,63,0,Normal
XBD,electrode_features_all,64,0,Normal
XBD,electrode_features_all,65,0,Normal
XBD,electrode_features_all,66,0,Normal
XBD,electrode_features_all,67,0,Normal
XBD,electrode_features_all,68,0,Normal
XBD,electrode_features_all,69,0,Normal
XBD,electrode_features_all,70,0,Normal
XBD,electrode_features_all,71,0,Normal
XBD,electrode_features_all,72,0,Normal
XBD,electrode_features_all,73,0,Normal
XBD,electrode_features_all,74,0,Normal
XBD,electrode_features_all,75,0,Normal
XBD,electrode_features_all,76,0,Normal
XBD,electrode_features_all,77,0,Normal
XBD,electrode_features_all,78,0,Normal
XBD,electrode_features_all,79,0,Normal
XBD,electrode_features_all,80,0,Normal
XBD,electrode_features_all,81,0,Normal
XBD,electrode_features_all,82,0,Normal
XBD,electrode_features_all,83,0,Normal
XBD,electrode_features_all,84,0,Normal
XBD,electrode_features_all,85,0,Normal
XBD,electrode_features_all,86,0,Normal
XBD,electrode_features_all,87,0,Normal
XBD,electrode_features_all,88,0,Normal
XBD,electrode_features_all,89,0,Normal
XBD,electrode_features_all,90,0,Normal
XBD,electrode_features_all,91,0,Normal
XBD,electrode_features_all,92,0,Normal
XBD,electrode_features_all,93,0,Normal
XBD,electrode_features_all,94,0,Normal
XBD,electrode_features_all,95,0,Normal
XBD,electrode_features_all,96,0,Normal
XBD,electrode_features_all,97,0,Normal
XBD,electrode_features_all,98,0,Normal
XBD,electrode_features_all,99,0,Normal
XBD,electrode_features_all,100,0,Normal
XBD,electrode_features_all,101,0,Normal
XBD,electrode_features_all,102,0,Normal
XBD,electrode_features_all,103,0,Normal
XBD,electrode_features_all,104,0,Normal
XBD,electrode_features_all,105,0,Normal
XBD,electrode_features_all,106,0,Normal
XBD,electrode_features_all,107,1,Dyslexic
XBD,electrode_features_all,108,0,Normal
XBD,electrode_features_all,109,0,Normal
XBD,electrode_features_all,110,0,Normal
XBD,electrode_features_all,111,0,Normal
XBD,electrode_features_all,112,0,Normal
XBD,electrode_features_all,113,0,Normal
XBD,electrode_features_all,114,0,Normal
XBD,electrode_features_all,115,0,Normal
XBD,electrode_features_all,116,0,Normal
XBD,electrode_features_all,117,0,Normal
XBD,electrode_features_all,118,0,Normal
XBD,electrode_features_all,119,0,Normal
XBD,electrode_features_all,120,0,Normal
XBD,electrode_features_all,121,0,Normal
XBD,electrode_features_all,122,0,Normal
XBD,electrode_features_all,123,0,Normal
XBD,electrode_features_all,124,0,Normal
XBD,electrode_features_all,125,0,Normal
XBD,electrode_features_all,126,0,Normal
XBD,electrode_features_all,127,0,Normal
XBD,electrode_features_all,128,0,Normal
XBD,electrode_features_all,129,0,Normal
XBD,electrode_features_all,130,0,Normal
XBD,electrode_features_all,131,0,Normal
XBD,electrode_features_all,132,0,Normal
XBD,electrode_features_all,133,0,Normal
XBD,electrode_features_all,134,0,Normal
XBD,electrode_features_all,135,0,Normal
XBD,electrode_features_all,136,0,Normal
XBD,electrode_features_all,137,0,Normal
XBD,electrode_features_all,138,0,Normal
XBD,electrode_features_all,139,0,Normal
XBD,electrode_features_all,140,0,Normal
XBD,electrode_features_all,141,0,Normal
XBD,electrode_features_all,142,0,Normal
XBD,electrode_features_all,143,0,Normal
XBD,electrode_features_all,144,0,Normal
XBD,electrode_features_all,145,0,Normal
XBD,electrode_features_all,146,0,Normal
XBD,electrode_features_all,147,0,Normal
XBD,electrode_features_all,148,0,Normal
XBD,electrode_features_all,149,0,Normal
XBD,electrode_features_all,150,0,Normal
XBD,electrode_features_all,151,0,Normal
XBD,electrode_features_all,152,0,Normal
XBD,electrode_features_all,153,0,Normal
XBD,electrode_features_all,154,0,Normal
XBD,electrode_features_all,155,0,Normal
XBD,electrode_features_all,156,0,Normal
XBD,electrode_features_all,157,0,Normal
XBD,electrode_features_all,158,0,Normal
XBD,electrode_features_all,159,0,Normal
XBD,electrode_features_all,160,0,Normal
XBD,electrode_features_all,161,0,Normal
XBD,electrode_features_all,162,0,Normal
XBD,electrode_features_all,163,0,Normal
XBD,electrode_features_all,164,0,Normal
XBD,electrode_features_all,165,0,Normal
XBD,electrode_features_all,166,0,Normal
XBD,electrode_features_all,167,0,Normal
XBD,electrode_features_all,168,0,Normal
XBD,electrode_features_all,169,0,Normal
XBD,electrode_features_all,170,0,Normal
XBD,electrode_features_all,171,0,Normal
XBD,electrode_features_all,172,0,Normal
XBD,electrode_features_all,173,0,Normal
XBD,electrode_features_all,174,0,Normal
XBD,electrode_features_all,175,0,Normal
XBD,electrode_features_all,176,0,Normal
XBD,electrode_features_all,177,0,Normal
XBD,electrode_features_all,178,0,Normal
XBD,electrode_features_all,179,0,Normal
XBD,electrode_features_all,180,0,Normal
XBD,electrode_features_all,181,0,Normal
XBD,electrode_features_all,182,0,Normal
XBD,electrode_features_all,183,0,Normal
XBD,electrode_features_all,184,0,Normal
XBD,electrode_features_all,185,0,Normal
XBD,electrode_features_all,186,0,Normal
XBD,electrode_features_all,187,0,Normal
XBD,electrode_features_all,188,0,Normal
XBD,electrode_features_all,189,0,Normal
XBD,electrode_features_all,190,0,Normal
XBD,electrode_features_all,191,0,Normal
XBD,electrode_features_all,192,0,Normal
XBD,electrode_features_all,193,0,Normal
XBD,electrode_features_all,194,0,Normal
XBD,electrode_features_all,195,0,Normal
XBD,electrode_features_all,196,0,Normal
XBD,electrode_features_all,197,0,Normal
XBD,electrode_features_all,198,0,Normal
XBD,electrode_features_all,199,0,Normal
XBD,electrode_features_all,200,0,Normal
XBD,electrode_features_all,201,0,Normal
XBD,electrode_features_all,202,0,Normal
XBD,electrode_features_all,203,0,Normal
XBD,electrode_features_all,204,0,Normal
XBD,electrode_features_all,205,0,Normal
XBD,electrode_features_all,206,0,Normal
XBD,electrode_features_all,207,0,Normal
XBD,electrode_features_all,208,0,Normal
XBD,electrode_features_all,209,0,Normal
XBD,electrode_features_all,210,0,Normal
XBD,electrode_features_all,211,0,Normal
XBD,electrode_features_all,212,0,Normal
XBD,electrode_features_all,213,0,Normal
XBD,electrode_features_all,214,0,Normal
XBD,electrode_features_all,215,0,Normal
XBD,electrode_features_all,216,0,Normal
XBD,electrode_features_all,217,0,Normal
XBD,electrode_features_all,218,0,Normal
XBD,electrode_features_all,219,0,Normal
XBD,electrode_features_all,220,0,Normal
XBD,electrode_features_all,221,0,Normal
XBD,electrode_features_all,222,0,Normal
XBD,electrode_features_all,223,0,Normal
XBD,electrode_features_all,224,0,Normal
XBD,electrode_features_all,225,0,Normal
XBD,electrode_features_all,226,0,Normal
XBD,electrode_features_all,227,0,Normal
XBD,electrode_features_all,228,0,Normal
XBD,electrode_features_all,229,0,Normal
XBD,electrode_features_all,230,0,Normal
XBD,electrode_features_all,231,0,Normal
XBD,electrode_features_all,232,0,Normal
XBD,electrode_features_all,233,0,Normal
XBD,electrode_features_all,234,0,Normal
XBD,electrode_features_all,235,0,Normal
XBD,electrode_features_all,236,0,Normal
XBD,electrode_features_all,237,0,Normal
XBD,electrode_features_all,238,0,Normal
XBD,electrode_features_all,239,0,Normal
XBD,electrode_features_all,240,0,Normal
XBD,electrode_features_all,241,0,Normal
XBD,electrode_features_all,242,0,Normal
XBD,electrode_features_all,243,0,Normal
XBD,electrode_features_all,244,0,Normal
XBD,electrode_features_all,245,0,Normal
XBD,electrode_features_all,246,0,Normal
XBD,electrode_features_all,247,0,Normal
XBD,electrode_features_all,248,0,Normal
XBD,electrode_features_all,249,0,Normal
XBD,electrode_features_all,250,0,Normal
XBD,electrode_features_all,251,0,Normal
XBD,electrode_features_all,252,0,Normal
XBD,electrode_features_all,253,0,Normal
XBD,electrode_features_all,254,0,Normal
XBD,electrode_features_all,255,0,Normal
XBD,electrode_features_all,256,0,Normal
XBD,electrode_features_all,257,0,Normal
XBD,electrode_features_all,258,0,Normal
XBD,electrode_features_all,259,0,Normal
XBD,electrode_features_all,260,0,Normal
XBD,electrode_features_all,261,0,Normal
XBD,electrode_features_all,262,0,Normal
XBD,electrode_features_all,263,0,Normal
XBD,electrode_features_all,264,0,Normal
XBD,electrode_features_all,265,0,Normal
XBD,electrode_features_all,266,0,Normal
XBD,electrode_features_all,267,0,Normal
XBD,electrode_features_all,268,0,Normal
XBD,electrode_features_all,269,0,Normal
XBD,electrode_features_all,270,0,Normal
XBD,electrode_features_all,271,0,Normal
XBD,electrode_features_all,272,0,Normal
XBD,electrode_features_all,273,0,Normal
XBD,electrode_features_all,274,0,Normal
XBD,electrode_features_all,275,0,Normal
XBD,electrode_features_all,276,0,Normal
XBD,electrode_features_all,277,0,Normal
XBD,electrode_features_all,278,0,Normal
XBD,electrode_features_all,279,0,Normal
XBD,electrode_features_all,280,0,Normal
XBD,electrode_features_all,281,0,Normal
XBD,electrode_features_all,282,0,Normal
XBD,electrode_features_all,283,0,Normal
XBD,electrode_features_all,284,0,Normal
XBD,electrode_features_all,285,0,Normal
XBD,electrode_features_all,286,0,Normal
XBD,electrode_features_all,287,0,Normal
XBD,electrode_features_all,288,0,Normal
XBD,electrode_features_all,289,0,Normal
XBD,electrode_features_all,290,0,Normal
XBD,electrode_features_all,291,0,Normal
XBD,electrode_features_all,292,0,Normal
XBD,electrode_features_all,293,0,Normal
XBD,electrode_features_all,294,0,Normal
XBD,electrode_features_all,295,0,Normal
XBD,electrode_features_all,296,0,Normal
XBD,electrode_features_all,297,0,Normal
XBD,electrode_features_all,298,0,Normal
XBD,electrode_features_all,299,0,Normal
XBD,electrode_features_all,300,0,Normal
XBD,electrode_features_all,301,0,Normal
XBD,electrode_features_all,302,0,Normal
XBD,electrode_features_all,303,0,Normal
XBD,electrode_features_all,304,0,Normal
XBD,electrode_features_all,305,0,Normal
XBD,electrode_features_all,306,0,Normal
XBD,electrode_features_all,307,0,Normal
XBD,electrode_features_all,308,0,Normal
XBD,electrode_features_all,309,0,Normal
XBD,electrode_features_all,310,0,Normal
XBD,electrode_features_all,311,0,Normal
XBD,electrode_features_all,312,0,Normal
XBD,electrode_features_all,313,0,Normal
XBD,electrode_features_all,314,0,Normal
XBD,electrode_features_all,315,0,Normal
XBD,electrode_features_all,316,0,Normal
XBD,electrode_features_all,317,0,Normal
XBD,electrode_features_all,318,0,Normal
XBD,electrode_features_all,319,0,Normal
XBD,electrode_features_all,320,0,Normal
XBD,electrode_features_all,321,0,Normal
XBD,electrode_features_all,322,0,Normal
XBD,electrode_features_all,323,0,Normal
XBD,electrode_features_all,324,0,Normal
XBD,electrode_features_all,325,0,Normal
XBD,electrode_features_all,326,0,Normal
XBD,electrode_features_all,327,0,Normal
XBD,electrode_features_all,328,0,Normal
XBD,electrode_features_all,329,0,Normal
XBD,electrode_features_all,330,0,Normal
XBD,electrode_features_all,331,0,Normal
XBD,electrode_features_all,332,0,Normal
XBD,electrode_features_all,333,0,Normal
XBD,electrode_features_all,334,0,Normal
XBD,electrode_features_all,335,0,Normal
XBD,electrode_features_all,336,0,Normal
XBD,electrode_features_all,337,0,Normal
XBD,electrode_features_all,338,0,Normal
XBD,electrode_features_all,339,0,Normal
XBD,electrode_features_all,340,0,Normal
XBD,electrode_features_all,341,0,Normal
XBD,electrode_features_all,342,0,Normal
XBD,electrode_features_all,343,0,Normal
XBD,electrode_features_all,344,0,Normal
XBD,electrode_features_all,345,0,Normal
XBD,electrode_features_all,346,0,Normal
XBD,electrode_features_all,347,0,Normal
XBD,electrode_features_all,348,0,Normal
XBD,electrode_features_all,349,0,Normal
XBD,electrode_features_all,350,0,Normal
XBD,electrode_features_all,351,0,Normal
XBD,electrode_features_all,352,0,Normal
XBD,electrode_features_all,353,0,Normal
XBD,electrode_features_all,354,0,Normal
XBD,electrode_features_all,355,0,Normal
XBD,electrode_features_all,356,0,Normal
XBD,electrode_features_all,357,0,Normal
XBD,electrode_features_all,358,0,Normal
XBD,electrode_features_all,359,0,Normal
XBD,electrode_features_all,360,0,Normal
XBD,electrode_features_all,361,0,Normal
XBD,electrode_features_all,362,0,Normal
XBD,electrode_features_all,363,0,Normal
XBD,electrode_features_all,364,0,Normal
XBD,electrode_features_all,365,0,Normal
XBD,electrode_features_all,366,0,Normal
XBD,electrode_features_all,367,0,Normal
XBD,electrode_features_all,368,0,Normal
XBD,electrode_features_all,369,0,Normal
XBD,electrode_features_all,370,0,Normal
XBD,electrode_features_all,371,0,Normal
XBD,electrode_features_all,372,0,Normal
XBD,electrode_features_all,373,0,Normal
XBD,electrode_features_all,374,0,Normal
XBD,electrode_features_all,375,0,Normal
XBD,electrode_features_all,376,0,Normal
XBD,electrode_features_all,377,0,Normal
XBD,electrode_features_all,378,0,Normal
XBD,electrode_features_all,379,0,Normal
XBD,electrode_features_all,380,0,Normal
XBD,electrode_features_all,381,0,Normal
XBD,electrode_features_all,382,0,Normal
XBD,electrode_features_all,383,0,Normal
XBD,electrode_features_all,384,0,Normal
XBD,electrode_features_all,385,0,Normal
XBD,electrode_features_all,386,0,Normal
XBD,electrode_features_all,387,0,Normal
XBD,electrode_features_all,388,0,Normal
XBD,electrode_features_all,389,0,Normal
XBD,electrode_features_all,390,0,Normal
XBD,electrode_features_all,391,0,Normal
XBD,electrode_features_all,392,0,Normal
XBD,electrode_features_all,393,0,Normal
XBD,electrode_features_all,394,0,Normal
XBD,electrode_features_all,395,0,Normal
XBD,electrode_features_all,396,0,Normal
XBD,electrode_features_all,397,0,Normal
XBD,electrode_features_all,398,0,Normal
XBD,electrode_features_all,399,0,Normal
XBD,electrode_features_all,400,0,Normal
XBD,electrode_features_all,401,0,Normal
XBD,electrode_features_all,402,0,Normal
XBD,electrode_features_all,403,0,Normal
XBD,electrode_features_all,404,0,Normal
XBD,electrode_features_all,405,0,Normal
XBD,electrode_features_all,406,0,Normal
XBD,electrode_features_all,407,0,Normal
XBD,electrode_features_all,408,0,Normal
XBD,electrode_features_all,409,0,Normal
XBD,electrode_features_all,410,0,Normal
XBD,electrode_features_all,411,0,Normal
XBD,electrode_features_all,412,0,Normal
XBD,electrode_features_all,413,0,Normal
XBD,electrode_features_all,414,0,Normal
XBD,electrode_features_all,415,0,Normal
XBD,electrode_features_all,416,0,Normal
XBD,electrode_features_all,417,0,Normal
XBD,electrode_features_all,418,0,Normal
XBD,electrode_features_all,419,0,Normal
XBD,electrode_features_all,420,0,Normal
XBD,electrode_features_all,421,0,Normal
XBD,electrode_features_all,422,0,Normal
XBD,electrode_features_all,423,0,Normal
XBD,electrode_features_all,424,0,Normal
XBD,electrode_features_all,425,0,Normal
XBD,electrode_features_all,426,0,Normal
XBD,electrode_features_all,427,0,Normal
XBD,electrode_features_all,428,0,Normal
XBD,electrode_features_all,429,0,Normal
XBD,electrode_features_all,430,0,Normal
XBD,electrode_features_all,431,0,Normal
XBD,electrode_features_all,432,0,Normal
XBD,electrode_features_all,433,0,Normal
XBD,electrode_features_all,434,0,Normal
XBD,electrode_features_all,435,0,Normal
XBD,electrode_features_all,436,0,Normal
XBD,electrode_features_all,437,0,Normal
XBD,electrode_features_all,438,0,Normal
XBD,electrode_features_all,439,0,Normal
XBD,electrode_features_all,440,0,Normal
XBD,electrode_features_all,441,0,Normal
XBD,electrode_features_all,442,0,Normal
XBD,electrode_features_all,443,0,Normal
XBD,electrode_features_all,444,0,Normal
XBD,electrode_features_all,445,0,Normal
XBD,electrode_features_all,446,0,Normal
XBD,electrode_features_all,447,0,Normal
XBD,electrode_features_all,448,0,Normal
XBD,electrode_features_all,449,0,Normal
XBD,electrode_features_all,450,0,Normal
XBD,electrode_features_all,451,0,Normal
XBD,electrode_features_all,452,0,Normal
XBD,electrode_features_all,453,0,Normal
XBD,electrode_features_all,454,0,Normal
XBD,electrode_features_all,455,0,Normal
XBD,electrode_features_all,456,0,Normal
XBD,electrode_features_all,457,0,Normal
XBD,electrode_features_all,458,0,Normal
XBD,electrode_features_all,459,0,Normal
XBD,electrode_features_all,460,0,Normal
XBD,electrode_features_all,461,0,Normal
XBD,electrode_features_all,462,0,Normal
XBD,electrode_features_all,463,0,Normal
XBD,electrode_features_all,464,0,Normal
XBD,electrode_features_all,465,0,Normal
XBD,electrode_features_all,466,0,Normal
XBD,electrode_features_all,467,0,Normal
XBD,electrode_features_all,468,0,Normal
XBD,electrode_features_all,469,0,Normal
XBD,electrode_features_all,470,0,Normal
XBD,electrode_features_all,471,0,Normal
XBD,electrode_features_all,472,0,Normal
XBD,electrode_features_all,473,0,Normal
XBD,electrode_features_all,474,0,Normal
XBD,electrode_features_all,475,0,Normal
XBD,electrode_features_all,476,0,Normal
XBD,electrode_features_all,477,0,Normal
XBD,electrode_features_all,478,0,Normal
XBD,electrode_features_all,479,0,Normal
XBD,electrode_features_all,480,0,Normal
XBD,electrode_features_all,481,0,Normal
XBD,electrode_features_all,482,0,Normal
XBD,electrode_features_all,483,0,Normal
XBD,electrode_features_all,484,0,Normal
XBD,electrode_features_all,485,0,Normal
XBD,electrode_features_all,486,0,Normal
XBD,electrode_features_all,487,0,Normal
XBD,electrode_features_all,488,0,Normal
XBD,electrode_features_all,489,0,Normal
XBD,electrode_features_all,490,0,Normal
XBD,electrode_features_all,491,0,Normal
XBD,electrode_features_all,492,1,Dyslexic
XBD,electrode_features_all,493,0,Normal
XBD,electrode_features_all,494,0,Normal
XBD,electrode_features_all,495,0,Normal
XBD,electrode_features_all,496,0,Normal
XBD,electrode_features_all,497,0,Normal
XBD,electrode_features_all,498,0,Normal
XBD,electrode_features_all,499,0,Normal
XBD,electrode_features_all,500,0,Normal
XBD,electrode_features_all,501,0,Normal
XBD,electrode_features_all,502,0,Normal
XBD,electrode_features_all,503,0,Normal
XBD,electrode_features_all,504,0,Normal
XBD,electrode_features_all,505,0,Normal
XBD,electrode_features_all,506,0,Normal
XBD,electrode_features_all,507,0,Normal
XBD,electrode_features_all,508,0,Normal
XBD,electrode_features_all,509,0,Normal
XBD,electrode_features_all,510,0,Normal
XBD,electrode_features_all,511,0,Normal
XBD,electrode_features_all,512,0,Normal
XBD,electrode_features_all,513,0,Normal
XBD,electrode_features_all,514,0,Normal
XBD,electrode_features_all,515,0,Normal
XBD,electrode_features_all,516,0,Normal
XBD,electrode_features_all,517,0,Normal
XBD,electrode_features_all,518,0,Normal
XBD,electrode_features_all,519,0,Normal
XBD,electrode_features_all,520,0,Normal
XBD,electrode_features_all,521,0,Normal
XBD,electrode_features_all,522,0,Normal
XBD,electrode_features_all,523,0,Normal
XBD,electrode_features_all,524,0,Normal
XBD,electrode_features_all,525,0,Normal
XBD,electrode_features_all,526,0,Normal
XBD,electrode_features_all,527,0,Normal
XBD,electrode_features_all,528,0,Normal
XBD,electrode_features_all,529,0,Normal
XBD,electrode_features_all,530,0,Normal
XBD,electrode_features_all,531,0,Normal
XBD,electrode_features_all,532,0,Normal
XBD,electrode_features_all,533,0,Normal
XBD,electrode_features_all,534,0,Normal
XBD,electrode_features_all,535,0,Normal
XBD,electrode_features_all,536,0,Normal
XBD,electrode_features_all,537,0,Normal
XBD,electrode_features_all,538,0,Normal
XBD,electrode_features_all,539,0,Normal
XBD,electrode_features_all,540,0,Normal
XBD,electrode_features_all,541,0,Normal
XSS,electrode_features_all,0,0,Normal
XSS,electrode_features_all,1,0,Normal
XSS,electrode_features_all,2,0,Normal
XSS,electrode_features_all,3,0,Normal
XSS,electrode_features_all,4,0,Normal
XSS,electrode_features_all,5,0,Normal
XSS,electrode_features_all,6,0,Normal
XSS,electrode_features_all,7,0,Normal
XSS,electrode_features_all,8,0,Normal
XSS,electrode_features_all,9,0,Normal
XSS,electrode_features_all,10,0,Normal
XSS,electrode_features_all,11,0,Normal
XSS,electrode_features_all,12,0,Normal
XSS,electrode_features_all,13,0,Normal
XSS,electrode_features_all,14,0,Normal
XSS,electrode_features_all,15,0,Normal
XSS,electrode_features_all,16,0,Normal
XSS,electrode_features_all,17,0,Normal
XSS,electrode_features_all,18,0,Normal
XSS,electrode_features_all,19,0,Normal
XSS,electrode_features_all,20,0,Normal
XSS,electrode_features_all,21,0,Normal
XSS,electrode_features_all,22,0,Normal
XSS,electrode_features_all,23,0,Normal
XSS,electrode_features_all,24,0,Normal
XSS,electrode_features_all,25,0,Normal
XSS,electrode_features_all,26,0,Normal
XSS,electrode_features_all,27,0,Normal
XSS,electrode_features_all,28,0,Normal
XSS,electrode_features_all,29,0,Normal
XSS,electrode_features_all,30,0,Normal
XSS,electrode_features_all,31,0,Normal
XSS,electrode_features_all,32,0,Normal
XSS,electrode_features_all,33,0,Normal
XSS,electrode_features_all,34,0,Normal
XSS,electrode_features_all,35,0,Normal
XSS,electrode_features_all,36,0,Normal
XSS,electrode_features_all,37,0,Normal
XSS,electrode_features_all,38,0,Normal
XSS,electrode_features_all,39,0,Normal
XSS,electrode_features_all,40,0,Normal
XSS,electrode_features_all,41,0,Normal
XSS,electrode_features_all,42,0,Normal
XSS,electrode_features_all,43,0,Normal
XSS,electrode_features_all,44,0,Normal
XSS,electrode_features_all,45,0,Normal
XSS,electrode_features_all,46,0,Normal
XSS,electrode_features_all,47,0,Normal
XSS,electrode_features_all,48,0,Normal
XSS,electrode_features_all,49,0,Normal
XSS,electrode_features_all,50,0,Normal
XSS,electrode_features_all,51,0,Normal
XSS,electrode_features_all,52,0,Normal
XSS,electrode_features_all,53,0,Normal
XSS,electrode_features_all,54,0,Normal
XSS,electrode_features_all,55,0,Normal
XSS,electrode_features_all,56,0,Normal
XSS,electrode_features_all,57,0,Normal
XSS,electrode_features_all,58,0,Normal
XSS,electrode_features_all,59,0,Normal
XSS,electrode_features_all,60,0,Normal
XSS,electrode_features_all,61,0,Normal
XSS,electrode_features_all,62,0,Normal
XSS,electrode_features_all,63,0,Normal
XSS,electrode_features_all,64,0,Normal
XSS,electrode_features_all,65,0,Normal
XSS,electrode_features_all,66,0,Normal
XSS,electrode_features_all,67,0,Normal
XSS,electrode_features_all,68,0,Normal
XSS,electrode_features_all,69,0,Normal
XSS,electrode_features_all,70,0,Normal
XSS,electrode_features_all,71,0,Normal
XSS,electrode_features_all,72,0,Normal
XSS,electrode_features_all,73,0,Normal
XSS,electrode_features_all,74,0,Normal
XSS,electrode_features_all,75,0,Normal
XSS,electrode_features_all,76,0,Normal
XSS,electrode_features_all,77,0,Normal
XSS,electrode_features_all,78,0,Normal
XSS,electrode_features_all,79,0,Normal
XSS,electrode_features_all,80,0,Normal
XSS,electrode_features_all,81,0,Normal
XSS,electrode_features_all,82,0,Normal
XSS,electrode_features_all,83,0,Normal
XSS,electrode_features_all,84,0,Normal
XSS,electrode_features_all,85,0,Normal
XSS,electrode_features_all,86,0,Normal
XSS,electrode_features_all,87,0,Normal
XSS,electrode_features_all,88,0,Normal
XSS,electrode_features_all,89,0,Normal
XSS,electrode_features_all,90,0,Normal
XSS,electrode_features_all,91,0,Normal
XSS,electrode_features_all,92,0,Normal
XSS,electrode_features_all,93,0,Normal
XSS,electrode_features_all,94,0,Normal
XSS,electrode_features_all,95,0,Normal
XSS,electrode_features_all,96,0,Normal
XSS,electrode_features_all,97,0,Normal
XSS,electrode_features_all,98,0,Normal
XSS,electrode_features_all,99,0,Normal
XSS,electrode_features_all,100,0,Normal
XSS,electrode_features_all,101,0,Normal
XSS,electrode_features_all,102,0,Normal
XSS,electrode_features_all,103,0,Normal
XSS,electrode_features_all,104,0,Normal
XSS,electrode_features_all,105,0,Normal
XSS,electrode_features_all,106,0,Normal
XSS,electrode_features_all,107,0,Normal
XSS,electrode_features_all,108,0,Normal
XSS,electrode_features_all,109,0,Normal
XSS,electrode_features_all,110,0,Normal
XSS,electrode_features_all,111,0,Normal
XSS,electrode_features_all,112,0,Normal
XSS,electrode_features_all,113,0,Normal
XSS,electrode_features_all,114,0,Normal
XSS,electrode_features_all,115,0,Normal
XSS,electrode_features_all,116,0,Normal
XSS,electrode_features_all,117,0,Normal
XSS,electrode_features_all,118,0,Normal
XSS,electrode_features_all,119,0,Normal
XSS,electrode_features_all,120,0,Normal
XSS,electrode_features_all,121,0,Normal
XSS,electrode_features_all,122,0,Normal
XSS,electrode_features_all,123,0,Normal
XSS,electrode_features_all,124,0,Normal
XSS,electrode_features_all,125,0,Normal
XSS,electrode_features_all,126,0,Normal
XSS,electrode_features_all,127,0,Normal
XSS,electrode_features_all,128,0,Normal
XSS,electrode_features_all,129,0,Normal
XSS,electrode_features_all,130,0,Normal
XSS,electrode_features_all,131,0,Normal
XSS,electrode_features_all,132,0,Normal
XSS,electrode_features_all,133,0,Normal
XSS,electrode_features_all,134,0,Normal
XSS,electrode_features_all,135,0,Normal
XSS,electrode_features_all,136,0,Normal
XSS,electrode_features_all,137,0,Normal
XSS,electrode_features_all,138,0,Normal
XSS,electrode_features_all,139,0,Normal
XSS,electrode_features_all,140,0,Normal
XSS,electrode_features_all,141,0,Normal
XSS,electrode_features_all,142,0,Normal
XSS,electrode_features_all,143,0,Normal
XSS,electrode_features_all,144,0,Normal
XSS,electrode_features_all,145,0,Normal
XSS,electrode_features_all,146,0,Normal
XSS,electrode_features_all,147,0,Normal
XSS,electrode_features_all,148,0,Normal
XSS,electrode_features_all,149,0,Normal
XSS,electrode_features_all,150,0,Normal
XSS,electrode_features_all,151,0,Normal
XSS,electrode_features_all,152,0,Normal
XSS,electrode_features_all,153,0,Normal
XSS,electrode_features_all,154,0,Normal
XSS,electrode_features_all,155,0,Normal
XSS,electrode_features_all,156,0,Normal
XSS,electrode_features_all,157,0,Normal
XSS,electrode_features_all,158,0,Normal
XSS,electrode_features_all,159,0,Normal
XSS,electrode_features_all,160,0,Normal
XSS,electrode_features_all,161,0,Normal
XSS,electrode_features_all,162,0,Normal
XSS,electrode_features_all,163,0,Normal
XSS,electrode_features_all,164,0,Normal
XSS,electrode_features_all,165,0,Normal
XSS,electrode_features_all,166,0,Normal
XSS,electrode_features_all,167,0,Normal
XSS,electrode_features_all,168,0,Normal
XSS,electrode_features_all,169,0,Normal
XSS,electrode_features_all,170,0,Normal
XSS,electrode_features_all,171,0,Normal
XSS,electrode_features_all,172,0,Normal
XSS,electrode_features_all,173,0,Normal
XSS,electrode_features_all,174,0,Normal
XSS,electrode_features_all,175,0,Normal
XSS,electrode_features_all,176,0,Normal
XSS,electrode_features_all,177,0,Normal
XSS,electrode_features_all,178,0,Normal
XSS,electrode_features_all,179,0,Normal
XSS,electrode_features_all,180,0,Normal
XSS,electrode_features_all,181,0,Normal
XSS,electrode_features_all,182,0,Normal
XSS,electrode_features_all,183,0,Normal
XSS,electrode_features_all,184,0,Normal
XSS,electrode_features_all,185,0,Normal
XSS,electrode_features_all,186,0,Normal
XSS,electrode_features_all,187,0,Normal
XSS,electrode_features_all,188,0,Normal
XSS,electrode_features_all,189,0,Normal
XSS,electrode_features_all,190,0,Normal
XSS,electrode_features_all,191,0,Normal
XSS,electrode_features_all,192,0,Normal
XSS,electrode_features_all,193,0,Normal
XSS,electrode_features_all,194,0,Normal
XSS,electrode_features_all,195,0,Normal
XSS,electrode_features_all,196,0,Normal
XSS,electrode_features_all,197,0,Normal
XSS,electrode_features_all,198,0,Normal
XSS,electrode_features_all,199,0,Normal
XSS,electrode_features_all,200,0,Normal
XSS,electrode_features_all,201,0,Normal
XSS,electrode_features_all,202,0,Normal
XSS,electrode_features_all,203,0,Normal
XSS,electrode_features_all,204,0,Normal
XSS,electrode_features_all,205,0,Normal
XSS,electrode_features_all,206,0,Normal
XSS,electrode_features_all,207,0,Normal
XSS,electrode_features_all,208,0,Normal
XSS,electrode_features_all,209,0,Normal
XSS,electrode_features_all,210,0,Normal
XSS,electrode_features_all,211,0,Normal
XSS,electrode_features_all,212,0,Normal
XSS,electrode_features_all,213,0,Normal
XSS,electrode_features_all,214,0,Normal
XSS,electrode_features_all,215,0,Normal
XSS,electrode_features_all,216,0,Normal
XSS,electrode_features_all,217,0,Normal
XSS,electrode_features_all,218,0,Normal
XSS,electrode_features_all,219,0,Normal
XSS,electrode_features_all,220,0,Normal
XSS,electrode_features_all,221,0,Normal
XSS,electrode_features_all,222,0,Normal
XSS,electrode_features_all,223,0,Normal
XSS,electrode_features_all,224,0,Normal
XSS,electrode_features_all,225,0,Normal
XSS,electrode_features_all,226,0,Normal
XSS,electrode_features_all,227,0,Normal
XSS,electrode_features_all,228,0,Normal
XSS,electrode_features_all,229,0,Normal
XSS,electrode_features_all,230,0,Normal
XSS,electrode_features_all,231,0,Normal
XSS,electrode_features_all,232,0,Normal
XSS,electrode_features_all,233,0,Normal
XSS,electrode_features_all,234,0,Normal
XSS,electrode_features_all,235,0,Normal
XSS,electrode_features_all,236,0,Normal
XSS,electrode_features_all,237,0,Normal
XSS,electrode_features_all,238,0,Normal
XSS,electrode_features_all,239,0,Normal
XSS,electrode_features_all,240,0,Normal
XSS,electrode_features_all,241,0,Normal
XSS,electrode_features_all,242,0,Normal
XSS,electrode_features_all,243,0,Normal
XSS,electrode_features_all,244,0,Normal
XSS,electrode_features_all,245,0,Normal
XSS,electrode_features_all,246,0,Normal
XSS,electrode_features_all,247,0,Normal
XSS,electrode_features_all,248,0,Normal
XSS,electrode_features_all,249,0,Normal
XSS,electrode_features_all,250,0,Normal
XSS,electrode_features_all,251,0,Normal
XSS,electrode_features_all,252,0,Normal
XSS,electrode_features_all,253,0,Normal
XSS,electrode_features_all,254,0,Normal
XSS,electrode_features_all,255,0,Normal
XSS,electrode_features_all,256,0,Normal
XSS,electrode_features_all,257,0,Normal
XSS,electrode_features_all,258,0,Normal
XSS,electrode_features_all,259,0,Normal
XSS,electrode_features_all,260,0,Normal
XSS,electrode_features_all,261,0,Normal
XSS,electrode_features_all,262,0,Normal
XSS,electrode_features_all,263,0,Normal
XSS,electrode_features_all,264,0,Normal
XSS,electrode_features_all,265,0,Normal
XSS,electrode_features_all,266,0,Normal
XSS,electrode_features_all,267,0,Normal
XSS,electrode_features_all,268,0,Normal
XSS,electrode_features_all,269,0,Normal
XSS,electrode_features_all,270,0,Normal
XSS,electrode_features_all,271,0,Normal
XSS,electrode_features_all,272,0,Normal
XSS,electrode_features_all,273,0,Normal
XSS,electrode_features_all,274,0,Normal
XSS,electrode_features_all,275,0,Normal
XSS,electrode_features_all,276,0,Normal
XSS,electrode_features_all,277,0,Normal
XSS,electrode_features_all,278,0,Normal
XSS,electrode_features_all,279,0,Normal
XSS,electrode_features_all,280,0,Normal
XSS,electrode_features_all,281,0,Normal
XSS,electrode_features_all,282,0,Normal
XSS,electrode_features_all,283,0,Normal
XSS,electrode_features_all,284,0,Normal
XSS,electrode_features_all,285,0,Normal
XSS,electrode_features_all,286,0,Normal
XSS,electrode_features_all,287,0,Normal
XSS,electrode_features_all,288,0,Normal
XSS,electrode_features_all,289,0,Normal
XSS,electrode_features_all,290,0,Normal
XSS,electrode_features_all,291,0,Normal
XSS,electrode_features_all,292,0,Normal
XSS,electrode_features_all,293,0,Normal
XSS,electrode_features_all,294,0,Normal
XSS,electrode_features_all,295,0,Normal
XSS,electrode_features_all,296,0,Normal
XSS,electrode_features_all,297,0,Normal
XSS,electrode_features_all,298,0,Normal
XSS,electrode_features_all,299,0,Normal
XSS,electrode_features_all,300,0,Normal
XSS,electrode_features_all,301,0,Normal
XSS,electrode_features_all,302,0,Normal
XSS,electrode_features_all,303,0,Normal
XSS,electrode_features_all,304,0,Normal
XSS,electrode_features_all,305,0,Normal
XSS,electrode_features_all,306,0,Normal
XSS,electrode_features_all,307,0,Normal
XSS,electrode_features_all,308,0,Normal
XSS,electrode_features_all,309,0,Normal
XSS,electrode_features_all,310,0,Normal
XSS,electrode_features_all,311,0,Normal
XSS,electrode_features_all,312,0,Normal
XSS,electrode_features_all,313,0,Normal
XSS,electrode_features_all,314,0,Normal
XSS,electrode_features_all,315,0,Normal
XSS,electrode_features_all,316,0,Normal
XSS,electrode_features_all,317,0,Normal
XSS,electrode_features_all,318,0,Normal
XSS,electrode_features_all,319,0,Normal
XSS,electrode_features_all,320,0,Normal
XSS,electrode_features_all,321,0,Normal
XSS,electrode_features_all,322,0,Normal
XSS,electrode_features_all,323,0,Normal
XSS,electrode_features_all,324,0,Normal
XSS,electrode_features_all,325,0,Normal
XSS,electrode_features_all,326,0,Normal
XSS,electrode_features_all,327,0,Normal
XSS,electrode_features_all,328,0,Normal
XSS,electrode_features_all,329,0,Normal
XSS,electrode_features_all,330,0,Normal
XSS,electrode_features_all,331,0,Normal
XSS,electrode_features_all,332,0,Normal
XBB,sent_gaze_sacc_eeg_means,0,0,Normal
XBB,sent_gaze_sacc_eeg_means,1,0,Normal
XBB,sent_gaze_sacc_eeg_means,2,0,Normal
XBB,sent_gaze_sacc_eeg_means,3,0,Normal
XBB,sent_gaze_sacc_eeg_means,4,0,Normal
XBB,sent_gaze_sacc_eeg_means,5,0,Normal
XBB,sent_gaze_sacc_eeg_means,6,0,Normal
XBB,sent_gaze_sacc_eeg_means,7,0,Normal
XBB,sent_gaze_sacc_eeg_means,8,0,Normal
XBB,sent_gaze_sacc_eeg_means,9,0,Normal
XBB,sent_gaze_sacc_eeg_means,10,0,Normal
XBB,sent_gaze_sacc_eeg_means,11,0,Normal
XBB,sent_gaze_sacc_eeg_means,12,0,Normal
XBB,sent_gaze_sacc_eeg_means,13,0,Normal
XBB,sent_gaze_sacc_eeg_means,14,0,Normal
XBB,sent_gaze_sacc_eeg_means,15,0,Normal
XBB,sent_gaze_sacc_eeg_means,16,0,Normal
XBB,sent_gaze_sacc_eeg_means,17,0,Normal
XBB,sent_gaze_sacc_eeg_means,18,0,Normal
XBB,sent_gaze_sacc_eeg_means,19,0,Normal
XBB,sent_gaze_sacc_eeg_means,20,0,Normal
XBB,sent_gaze_sacc_eeg_means,21,0,Normal
XBB,sent_gaze_sacc_eeg_means,22,0,Normal
XBB,sent_gaze_sacc_eeg_means,23,0,Normal
XBB,sent_gaze_sacc_eeg_means,24,0,Normal
XBB,sent_gaze_sacc_eeg_means,25,0,Normal
XBB,sent_gaze_sacc_eeg_means,26,0,Normal
XBB,sent_gaze_sacc_eeg_means,27,0,Normal
XBB,sent_gaze_sacc_eeg_means,28,0,Normal
XBB,sent_gaze_sacc_eeg_means,29,0,Normal
XBB,sent_gaze_sacc_eeg_means,30,0,Normal
XBB,sent_gaze_sacc_eeg_means,31,0,Normal
XBB,sent_gaze_sacc_eeg_means,32,0,Normal
XBB,sent_gaze_sacc_eeg_means,33,0,Normal
XBB,sent_gaze_sacc_eeg_means,34,0,Normal
XBB,sent_gaze_sacc_eeg_means,35,0,Normal
XBB,sent_gaze_sacc_eeg_means,36,0,Normal
XBB,sent_gaze_sacc_eeg_means,37,0,Normal
XBB,sent_gaze_sacc_eeg_means,38,0,Normal
XBB,sent_gaze_sacc_eeg_means,39,0,Normal
XBB,sent_gaze_sacc_eeg_means,40,0,Normal
XBB,sent_gaze_sacc_eeg_means,41,0,Normal
XBB,sent_gaze_sacc_eeg_means,42,0,Normal
XBB,sent_gaze_sacc_eeg_means,43,0,Normal
XBB,sent_gaze_sacc_eeg_means,44,0,Normal
XBB,sent_gaze_sacc_eeg_means,45,0,Normal
XBB,sent_gaze_sacc_eeg_means,46,0,Normal
XBB,sent_gaze_sacc_eeg_means,47,0,Normal
XBB,sent_gaze_sacc_eeg_means,48,0,Normal
XBB,sent_gaze_sacc_eeg_means,49,0,Normal
XBB,sent_gaze_sacc_eeg_means,50,0,Normal
XBB,sent_gaze_sacc_eeg_means,51,0,Normal
XBB,sent_gaze_sacc_eeg_means,52,0,Normal
XBB,sent_gaze_sacc_eeg_means,53,0,Normal
XBB,sent_gaze_sacc_eeg_means,54,0,Normal
XBB,sent_gaze_sacc_eeg_means,55,0,Normal
XBB,sent_gaze_sacc_eeg_means,56,0,Normal
XBB,sent_gaze_sacc_eeg_means,57,0,Normal
XBB,sent_gaze_sacc_eeg_means,58,0,Normal
XBB,sent_gaze_sacc_eeg_means,59,0,Normal
XBB,sent_gaze_sacc_eeg_means,60,0,Normal
XBB,sent_gaze_sacc_eeg_means,61,0,Normal
XBB,sent_gaze_sacc_eeg_means,62,0,Normal
XBB,sent_gaze_sacc_eeg_means,63,0,Normal
XBB,sent_gaze_sacc_eeg_means,64,0,Normal
XBB,sent_gaze_sacc_eeg_means,65,0,Normal
XBB,sent_gaze_sacc_eeg_means,66,0,Normal
XBB,sent_gaze_sacc_eeg_means,67,0,Normal
XBB,sent_gaze_sacc_eeg_means,68,0,Normal
XBB,sent_gaze_sacc_eeg_means,69,0,Normal
XBB,sent_gaze_sacc_eeg_means,70,0,Normal
XBB,sent_gaze_sacc_eeg_means,71,0,Normal
XBB,sent_gaze_sacc_eeg_means,72,0,Normal
XBB,sent_gaze_sacc_eeg_means,73,0,Normal
XBB,sent_gaze_sacc_eeg_means,74,0,Normal
XBB,sent_gaze_sacc_eeg_means,75,0,Normal
XBB,sent_gaze_sacc_eeg_means,76,0,Normal
XBB,sent_gaze_sacc_eeg_means,77,0,Normal
XBB,sent_gaze_sacc_eeg_means,78,0,Normal
XBB,sent_gaze_sacc_eeg_means,79,0,Normal
XBB,sent_gaze_sacc_eeg_means,80,0,Normal
XBB,sent_gaze_sacc_eeg_means,81,0,Normal
XBB,sent_gaze_sacc_eeg_means,82,0,Normal
XBB,sent_gaze_sacc_eeg_means,83,0,Normal
XBB,sent_gaze_sacc_eeg_means,84,0,Normal
XBB,sent_gaze_sacc_eeg_means,85,0,Normal
XBB,sent_gaze_sacc_eeg_means,86,0,Normal
XBB,sent_gaze_sacc_eeg_means,87,0,Normal
XBB,sent_gaze_sacc_eeg_means,88,0,Normal
XBB,sent_gaze_sacc_eeg_means,89,0,Normal
XBB,sent_gaze_sacc_eeg_means,90,0,Normal
XBB,sent_gaze_sacc_eeg_means,91,0,Normal
XBB,sent_gaze_sacc_eeg_means,92,0,Normal
XBB,sent_gaze_sacc_eeg_means,93,0,Normal
XBB,sent_gaze_sacc_eeg_means,94,0,Normal
XBB,sent_gaze_sacc_eeg_means,95,0,Normal
XBB,sent_gaze_sacc_eeg_means,96,0,Normal
XBB,sent_gaze_sacc_eeg_means,97,0,Normal
XBB,sent_gaze_sacc_eeg_means,98,0,Normal
XBB,sent_gaze_sacc_eeg_means,99,0,Normal
XBB,sent_gaze_sacc_eeg_means,100,0,Normal
XBB,sent_gaze_sacc_eeg_means,101,0,Normal
XBB,sent_gaze_sacc_eeg_means,102,0,Normal
XBB,sent_gaze_sacc_eeg_means,103,0,Normal
XBB,sent_gaze_sacc_eeg_means,104,0,Normal
XBB,sent_gaze_sacc_eeg_means,105,0,Normal
XBB,sent_gaze_sacc_eeg_means,106,0,Normal
XBB,sent_gaze_sacc_eeg_means,107,0,Normal
XBB,sent_gaze_sacc_eeg_means,108,0,Normal
XBB,sent_gaze_sacc_eeg_means,109,0,Normal
XBB,sent_gaze_sacc_eeg_means,110,0,Normal
XBB,sent_gaze_sacc_eeg_means,111,0,Normal
XBB,sent_gaze_sacc_eeg_means,112,0,Normal
XBB,sent_gaze_sacc_eeg_means,113,0,Normal
XBB,sent_gaze_sacc_eeg_means,114,0,Normal
XBB,sent_gaze_sacc_eeg_means,115,0,Normal
XBB,sent_gaze_sacc_eeg_means,116,0,Normal
XBB,sent_gaze_sacc_eeg_means,117,0,Normal
XBB,sent_gaze_sacc_eeg_means,118,0,Normal
XBB,sent_gaze_sacc_eeg_means,119,0,Normal
XBB,sent_gaze_sacc_eeg_means,120,0,Normal
XBB,sent_gaze_sacc_eeg_means,121,0,Normal
XBB,sent_gaze_sacc_eeg_means,122,0,Normal
XBB,sent_gaze_sacc_eeg_means,123,0,Normal
XBB,sent_gaze_sacc_eeg_means,124,0,Normal
XBB,sent_gaze_sacc_eeg_means,125,0,Normal
XBB,sent_gaze_sacc_eeg_means,126,0,Normal
XBB,sent_gaze_sacc_eeg_means,127,0,Normal
XBB,sent_gaze_sacc_eeg_means,128,0,Normal
XBB,sent_gaze_sacc_eeg_means,129,0,Normal
XBB,sent_gaze_sacc_eeg_means,130,0,Normal
XBB,sent_gaze_sacc_eeg_means,131,0,Normal
XBB,sent_gaze_sacc_eeg_means,132,0,Normal
XBB,sent_gaze_sacc_eeg_means,133,0,Normal
XBB,sent_gaze_sacc_eeg_means,134,0,Normal
XBB,sent_gaze_sacc_eeg_means,135,0,Normal
XBB,sent_gaze_sacc_eeg_means,136,0,Normal
XBB,sent_gaze_sacc_eeg_means,137,0,Normal
XBB,sent_gaze_sacc_eeg_means,138,0,Normal
XBB,sent_gaze_sacc_eeg_means,139,0,Normal
XBB,sent_gaze_sacc_eeg_means,140,0,Normal
XBB,sent_gaze_sacc_eeg_means,141,0,Normal
XBB,sent_gaze_sacc_eeg_means,142,0,Normal
XBB,sent_gaze_sacc_eeg_means,143,0,Normal
XBB,sent_gaze_sacc_eeg_means,144,0,Normal
XBB,sent_gaze_sacc_eeg_means,145,0,Normal
XBB,sent_gaze_sacc_eeg_means,146,0,Normal
XBB,sent_gaze_sacc_eeg_means,147,0,Normal
XBB,sent_gaze_sacc_eeg_means,148,0,Normal
XBB,sent_gaze_sacc_eeg_means,149,0,Normal
XBB,sent_gaze_sacc_eeg_means,150,0,Normal
XBB,sent_gaze_sacc_eeg_means,151,0,Normal
XBB,sent_gaze_sacc_eeg_means,152,0,Normal
XBB,sent_gaze_sacc_eeg_means,153,0,Normal
XBB,sent_gaze_sacc_eeg_means,154,0,Normal
XBB,sent_gaze_sacc_eeg_means,155,0,Normal
XBB,sent_gaze_sacc_eeg_means,156,0,Normal
XBB,sent_gaze_sacc_eeg_means,157,0,Normal
XBB,sent_gaze_sacc_eeg_means,158,0,Normal
XBB,sent_gaze_sacc_eeg_means,159,0,Normal
XBB,sent_gaze_sacc_eeg_means,160,0,Normal
XBB,sent_gaze_sacc_eeg_means,161,0,Normal
XBB,sent_gaze_sacc_eeg_means,162,0,Normal
XBB,sent_gaze_sacc_eeg_means,163,0,Normal
XBB,sent_gaze_sacc_eeg_means,164,0,Normal
XBB,sent_gaze_sacc_eeg_means,165,0,Normal
XBB,sent_gaze_sacc_eeg_means,166,0,Normal
XBB,sent_gaze_sacc_eeg_means,167,0,Normal
XBB,sent_gaze_sacc_eeg_means,168,0,Normal
XBB,sent_gaze_sacc_eeg_means,169,0,Normal
XBB,sent_gaze_sacc_eeg_means,170,0,Normal
XBB,sent_gaze_sacc_eeg_means,171,0,Normal
XBB,sent_gaze_sacc_eeg_means,172,0,Normal
XBB,sent_gaze_sacc_eeg_means,173,0,Normal
XBB,sent_gaze_sacc_eeg_means,174,0,Normal
XBB,sent_gaze_sacc_eeg_means,175,0,Normal
XBB,sent_gaze_sacc_eeg_means,176,0,Normal
XBB,sent_gaze_sacc_eeg_means,177,0,Normal
XBB,sent_gaze_sacc_eeg_means,178,0,Normal
XBB,sent_gaze_sacc_eeg_means,179,0,Normal
XBB,sent_gaze_sacc_eeg_means,180,0,Normal
XBB,sent_gaze_sacc_eeg_means,181,0,Normal
XBB,sent_gaze_sacc_eeg_means,182,0,Normal
XBB,sent_gaze_sacc_eeg_means,183,0,Normal
XBB,sent_gaze_sacc_eeg_means,184,0,Normal
XBB,sent_gaze_sacc_eeg_means,185,0,Normal
XBB,sent_gaze_sacc_eeg_means,186,0,Normal
XBB,sent_gaze_sacc_eeg_means,187,0,Normal
XBB,sent_gaze_sacc_eeg_means,188,0,Normal
XBB,sent_gaze_sacc_eeg_means,189,0,Normal
XBB,sent_gaze_sacc_eeg_means,190,0,Normal
XBB,sent_gaze_sacc_eeg_means,191,0,Normal
XBB,sent_gaze_sacc_eeg_means,192,0,Normal
XBB,sent_gaze_sacc_eeg_means,193,0,Normal
XBB,sent_gaze_sacc_eeg_means,194,0,Normal
XBB,sent_gaze_sacc_eeg_means,195,0,Normal
XBB,sent_gaze_sacc_eeg_means,196,0,Normal
XBB,sent_gaze_sacc_eeg_means,197,0,Normal
XBB,sent_gaze_sacc_eeg_means,198,0,Normal
XBB,sent_gaze_sacc_eeg_means,199,0,Normal
XBB,sent_gaze_sacc_eeg_means,200,0,Normal
XBB,sent_gaze_sacc_eeg_means,201,0,Normal
XBB,sent_gaze_sacc_eeg_means,202,0,Normal
XBB,sent_gaze_sacc_eeg_means,203,0,Normal
XBB,sent_gaze_sacc_eeg_means,204,0,Normal
XBB,sent_gaze_sacc_eeg_means,205,0,Normal
XBB,sent_gaze_sacc_eeg_means,206,0,Normal
XBB,sent_gaze_sacc_eeg_means,207,0,Normal
XBB,sent_gaze_sacc_eeg_means,208,0,Normal
XBB,sent_gaze_sacc_eeg_means,209,0,Normal
XBB,sent_gaze_sacc_eeg_means,210,0,Normal
XBB,sent_gaze_sacc_eeg_means,211,0,Normal
XBB,sent_gaze_sacc_eeg_means,212,0,Normal
XBB,sent_gaze_sacc_eeg_means,213,0,Normal
XBB,sent_gaze_sacc_eeg_means,214,0,Normal
XBB,sent_gaze_sacc_eeg_means,215,0,Normal
XBB,sent_gaze_sacc_eeg_means,216,0,Normal
XBB,sent_gaze_sacc_eeg_means,217,0,Normal
XBB,sent_gaze_sacc_eeg_means,218,0,Normal
XBB,sent_gaze_sacc_eeg_means,219,0,Normal
XBB,sent_gaze_sacc_eeg_means,220,0,Normal
XBB,sent_gaze_sacc_eeg_means,221,0,Normal
XBB,sent_gaze_sacc_eeg_means,222,0,Normal
XBB,sent_gaze_sacc_eeg_means,223,0,Normal
XBB,sent_gaze_sacc_eeg_means,224,0,Normal
XBB,sent_gaze_sacc_eeg_means,225,0,Normal
XBB,sent_gaze_sacc_eeg_means,226,0,Normal
XBB,sent_gaze_sacc_eeg_means,227,0,Normal
XBB,sent_gaze_sacc_eeg_means,228,0,Normal
XBB,sent_gaze_sacc_eeg_means,229,0,Normal
XBB,sent_gaze_sacc_eeg_means,230,0,Normal
XBB,sent_gaze_sacc_eeg_means,231,0,Normal
XBB,sent_gaze_sacc_eeg_means,232,0,Normal
XBB,sent_gaze_sacc_eeg_means,233,0,Normal
XBB,sent_gaze_sacc_eeg_means,234,0,Normal
XBB,sent_gaze_sacc_eeg_means,235,0,Normal
XBB,sent_gaze_sacc_eeg_means,236,0,Normal
XBB,sent_gaze_sacc_eeg_means,237,0,Normal
XBB,sent_gaze_sacc_eeg_means,238,0,Normal
XBB,sent_gaze_sacc_eeg_means,239,0,Normal
XBB,sent_gaze_sacc_eeg_means,240,0,Normal
XBB,sent_gaze_sacc_eeg_means,241,0,Normal
XBB,sent_gaze_sacc_eeg_means,242,0,Normal
XBB,sent_gaze_sacc_eeg_means,243,0,Normal
XBB,sent_gaze_sacc_eeg_means,244,0,Normal
XBB,sent_gaze_sacc_eeg_means,245,0,Normal
XBB,sent_gaze_sacc_eeg_means,246,0,Normal
XBB,sent_gaze_sacc_eeg_means,247,0,Normal
XBB,sent_gaze_sacc_eeg_means,248,0,Normal
XBB,sent_gaze_sacc_eeg_means,249,0,Normal
XBB,sent_gaze_sacc_eeg_means,250,0,Normal
XBB,sent_gaze_sacc_eeg_means,251,0,Normal
XBB,sent_gaze_sacc_eeg_means,252,0,Normal
XBB,sent_gaze_sacc_eeg_means,253,0,Normal
XBB,sent_gaze_sacc_eeg_means,254,0,Normal
XBB,sent_gaze_sacc_eeg_means,255,0,Normal
XBB,sent_gaze_sacc_eeg_means,256,0,Normal
XBB,sent_gaze_sacc_eeg_means,257,0,Normal
XBB,sent_gaze_sacc_eeg_means,258,0,Normal
XBB,sent_gaze_sacc_eeg_means,259,0,Normal
XBB,sent_gaze_sacc_eeg_means,260,0,Normal
XBB,sent_gaze_sacc_eeg_means,261,0,Normal
XBB,sent_gaze_sacc_eeg_means,262,0,Normal
XBB,sent_gaze_sacc_eeg_means,263,0,Normal
XBB,sent_gaze_sacc_eeg_means,264,0,Normal
XBB,sent_gaze_sacc_eeg_means,265,0,Normal
XBB,sent_gaze_sacc_eeg_means,266,0,Normal
XBB,sent_gaze_sacc_eeg_means,267,0,Normal
XBB,sent_gaze_sacc_eeg_means,268,0,Normal
XBB,sent_gaze_sacc_eeg_means,269,0,Normal
XBB,sent_gaze_sacc_eeg_means,270,0,Normal
XBB,sent_gaze_sacc_eeg_means,271,0,Normal
XBB,sent_gaze_sacc_eeg_means,272,0,Normal
XBB,sent_gaze_sacc_eeg_means,273,0,Normal
XBB,sent_gaze_sacc_eeg_means,274,0,Normal
XBB,sent_gaze_sacc_eeg_means,275,0,Normal
XBB,sent_gaze_sacc_eeg_means,276,0,Normal
XBB,sent_gaze_sacc_eeg_means,277,0,Normal
XBB,sent_gaze_sacc_eeg_means,278,0,Normal
XBB,sent_gaze_sacc_eeg_means,279,0,Normal
XBB,sent_gaze_sacc_eeg_means,280,0,Normal
XBB,sent_gaze_sacc_eeg_means,281,0,Normal
XBB,sent_gaze_sacc_eeg_means,282,0,Normal
XBB,sent_gaze_sacc_eeg_means,283,0,Normal
XBB,sent_gaze_sacc_eeg_means,284,0,Normal
XBB,sent_gaze_sacc_eeg_means,285,0,Normal
XBB,sent_gaze_sacc_eeg_means,286,0,Normal
XBB,sent_gaze_sacc_eeg_means,287,0,Normal
XBB,sent_gaze_sacc_eeg_means,288,0,Normal
XBB,sent_gaze_sacc_eeg_means,289,0,Normal
XBB,sent_gaze_sacc_eeg_means,290,0,Normal
XBB,sent_gaze_sacc_eeg_means,291,0,Normal
XBB,sent_gaze_sacc_eeg_means,292,0,Normal
XBB,sent_gaze_sacc_eeg_means,293,0,Normal
XBB,sent_gaze_sacc_eeg_means,294,0,Normal
XBB,sent_gaze_sacc_eeg_means,295,0,Normal
XBB,sent_gaze_sacc_eeg_means,296,0,Normal
XBB,sent_gaze_sacc_eeg_means,297,0,Normal
XBB,sent_gaze_sacc_eeg_means,298,0,Normal
XBB,sent_gaze_sacc_eeg_means,299,0,Normal
XBB,sent_gaze_sacc_eeg_means,300,0,Normal
XBB,sent_gaze_sacc_eeg_means,301,0,Normal
XBB,sent_gaze_sacc_eeg_means,302,0,Normal
XBB,sent_gaze_sacc_eeg_means,303,0,Normal
XBB,sent_gaze_sacc_eeg_means,304,0,Normal
XBB,sent_gaze_sacc_eeg_means,305,0,Normal
XBB,sent_gaze_sacc_eeg_means,306,0,Normal
XBB,sent_gaze_sacc_eeg_means,307,0,Normal
XBB,sent_gaze_sacc_eeg_means,308,0,Normal
XBB,sent_gaze_sacc_eeg_means,309,0,Normal
XBB,sent_gaze_sacc_eeg_means,310,0,Normal
XBB,sent_gaze_sacc_eeg_means,311,0,Normal
XBB,sent_gaze_sacc_eeg_means,312,0,Normal
XBB,sent_gaze_sacc_eeg_means,313,0,Normal
XBB,sent_gaze_sacc_eeg_means,314,0,Normal
XBB,sent_gaze_sacc_eeg_means,315,0,Normal
XBB,sent_gaze_sacc_eeg_means,316,0,Normal
XBB,sent_gaze_sacc_eeg_means,317,0,Normal
XBB,sent_gaze_sacc_eeg_means,318,0,Normal
XBB,sent_gaze_sacc_eeg_means,319,0,Normal
XBB,sent_gaze_sacc_eeg_means,320,0,Normal
XBB,sent_gaze_sacc_eeg_means,321,0,Normal
XBB,sent_gaze_sacc_eeg_means,322,0,Normal
XBB,sent_gaze_sacc_eeg_means,323,0,Normal
XBB,sent_gaze_sacc_eeg_means,324,0,Normal
XBB,sent_gaze_sacc_eeg_means,325,0,Normal
XBB,sent_gaze_sacc_eeg_means,326,0,Normal
XBB,sent_gaze_sacc_eeg_means,327,0,Normal
XBB,sent_gaze_sacc_eeg_means,328,0,Normal
XBB,sent_gaze_sacc_eeg_means,329,0,Normal
XBB,sent_gaze_sacc_eeg_means,330,0,Normal
XBB,sent_gaze_sacc_eeg_means,331,0,Normal
XBB,sent_gaze_sacc_eeg_means,332,0,Normal
XBB,sent_gaze_sacc_eeg_means,333,0,Normal
XBB,sent_gaze_sacc_eeg_means,334,0,Normal
XBB,sent_gaze_sacc_eeg_means,335,0,Normal
XBB,sent_gaze_sacc_eeg_means,336,0,Normal
XBB,sent_gaze_sacc_eeg_means,337,0,Normal
XBB,sent_gaze_sacc_eeg_means,338,0,Normal
XBB,sent_gaze_sacc_eeg_means,339,0,Normal
XBB,sent_gaze_sacc_eeg_means,340,0,Normal
XBB,sent_gaze_sacc_eeg_means,341,0,Normal
XBB,sent_gaze_sacc_eeg_means,342,0,Normal
XBB,sent_gaze_sacc_eeg_means,343,0,Normal
XBB,sent_gaze_sacc_eeg_means,344,0,Normal
XBB,sent_gaze_sacc_eeg_means,345,0,Normal
XBB,sent_gaze_sacc_eeg_means,346,0,Normal
XBB,sent_gaze_sacc_eeg_means,347,0,Normal
XBB,sent_gaze_sacc_eeg_means,348,0,Normal
XBB,sent_gaze_sacc_eeg_means,349,0,Normal
XBB,sent_gaze_sacc_eeg_means,350,0,Normal
XBB,sent_gaze_sacc_eeg_means,351,0,Normal
XBB,sent_gaze_sacc_eeg_means,352,0,Normal
XBB,sent_gaze_sacc_eeg_means,353,0,Normal
XBB,sent_gaze_sacc_eeg_means,354,0,Normal
XBB,sent_gaze_sacc_eeg_means,355,0,Normal
XBB,sent_gaze_sacc_eeg_means,356,0,Normal
XBB,sent_gaze_sacc_eeg_means,357,0,Normal
XBB,sent_gaze_sacc_eeg_means,358,0,Normal
XBB,sent_gaze_sacc_eeg_means,359,0,Normal
XBB,sent_gaze_sacc_eeg_means,360,0,Normal
XBB,sent_gaze_sacc_eeg_means,361,0,Normal
XBB,sent_gaze_sacc_eeg_means,362,0,Normal
XBB,sent_gaze_sacc_eeg_means,363,0,Normal
XBB,sent_gaze_sacc_eeg_means,364,0,Normal
XBB,sent_gaze_sacc_eeg_means,365,0,Normal
XBB,sent_gaze_sacc_eeg_means,366,0,Normal
XBB,sent_gaze_sacc_eeg_means,367,0,Normal
XBB,sent_gaze_sacc_eeg_means,368,0,Normal
XBB,sent_gaze_sacc_eeg_means,369,0,Normal
XBB,sent_gaze_sacc_eeg_means,370,0,Normal
XBB,sent_gaze_sacc_eeg_means,371,0,Normal
XBB,sent_gaze_sacc_eeg_means,372,0,Normal
XBB,sent_gaze_sacc_eeg_means,373,0,Normal
XBB,sent_gaze_sacc_eeg_means,374,0,Normal
XBB,sent_gaze_sacc_eeg_means,375,0,Normal
XBB,sent_gaze_sacc_eeg_means,376,0,Normal
XBB,sent_gaze_sacc_eeg_means,377,0,Normal
XBB,sent_gaze_sacc_eeg_means,378,0,Normal
XBB,sent_gaze_sacc_eeg_means,379,0,Normal
XBB,sent_gaze_sacc_eeg_means,380,0,Normal
XBB,sent_gaze_sacc_eeg_means,381,0,Normal
XBB,sent_gaze_sacc_eeg_means,382,0,Normal
XBB,sent_gaze_sacc_eeg_means,383,0,Normal
XBB,sent_gaze_sacc_eeg_means,384,0,Normal
XBB,sent_gaze_sacc_eeg_means,385,0,Normal
XBB,sent_gaze_sacc_eeg_means,386,0,Normal
XBB,sent_gaze_sacc_eeg_means,387,0,Normal
XBB,sent_gaze_sacc_eeg_means,388,0,Normal
XBB,sent_gaze_sacc_eeg_means,389,0,Normal
XBB,sent_gaze_sacc_eeg_means,390,0,Normal
XBB,sent_gaze_sacc_eeg_means,391,0,Normal
XBB,sent_gaze_sacc_eeg_means,392,0,Normal
XBB,sent_gaze_sacc_eeg_means,393,0,Normal
XBB,sent_gaze_sacc_eeg_means,394,0,Normal
XBB,sent_gaze_sacc_eeg_means,395,0,Normal
XBB,sent_gaze_sacc_eeg_means,396,0,Normal
XBB,sent_gaze_sacc_eeg_means,397,0,Normal
XBB,sent_gaze_sacc_eeg_means,398,0,Normal
XBB,sent_gaze_sacc_eeg_means,399,0,Normal
XBB,sent_gaze_sacc_eeg_means,400,0,Normal
XBB,sent_gaze_sacc_eeg_means,401,0,Normal
XBB,sent_gaze_sacc_eeg_means,402,0,Normal
XBB,sent_gaze_sacc_eeg_means,403,0,Normal
XBB,sent_gaze_sacc_eeg_means,404,0,Normal
XBB,sent_gaze_sacc_eeg_means,405,0,Normal
XBB,sent_gaze_sacc_eeg_means,406,0,Normal
XBB,sent_gaze_sacc_eeg_means,407,0,Normal
XBB,sent_gaze_sacc_eeg_means,408,0,Normal
XBB,sent_gaze_sacc_eeg_means,409,0,Normal
XBB,sent_gaze_sacc_eeg_means,410,0,Normal
XBB,sent_gaze_sacc_eeg_means,411,0,Normal
XBB,sent_gaze_sacc_eeg_means,412,0,Normal
XBB,sent_gaze_sacc_eeg_means,413,0,Normal
XBB,sent_gaze_sacc_eeg_means,414,0,Normal
XBB,sent_gaze_sacc_eeg_means,415,0,Normal
XBB,sent_gaze_sacc_eeg_means,416,0,Normal
XBB,sent_gaze_sacc_eeg_means,417,0,Normal
XBB,sent_gaze_sacc_eeg_means,418,0,Normal
XBB,sent_gaze_sacc_eeg_means,419,0,Normal
XBB,sent_gaze_sacc_eeg_means,420,0,Normal
XBB,sent_gaze_sacc_eeg_means,421,0,Normal
XBB,sent_gaze_sacc_eeg_means,422,0,Normal
XBB,sent_gaze_sacc_eeg_means,423,0,Normal
XBB,sent_gaze_sacc_eeg_means,424,0,Normal
XBB,sent_gaze_sacc_eeg_means,425,0,Normal
XBB,sent_gaze_sacc_eeg_means,426,0,Normal
XBB,sent_gaze_sacc_eeg_means,427,0,Normal
XBB,sent_gaze_sacc_eeg_means,428,0,Normal
XBB,sent_gaze_sacc_eeg_means,429,0,Normal
XBB,sent_gaze_sacc_eeg_means,430,0,Normal
XBB,sent_gaze_sacc_eeg_means,431,0,Normal
XBB,sent_gaze_sacc_eeg_means,432,0,Normal
XBB,sent_gaze_sacc_eeg_means,433,0,Normal
XBB,sent_gaze_sacc_eeg_means,434,0,Normal
XBB,sent_gaze_sacc_eeg_means,435,0,Normal
XBB,sent_gaze_sacc_eeg_means,436,0,Normal
XBB,sent_gaze_sacc_eeg_means,437,0,Normal
XBB,sent_gaze_sacc_eeg_means,438,0,Normal
XBB,sent_gaze_sacc_eeg_means,439,0,Normal
XBB,sent_gaze_sacc_eeg_means,440,0,Normal
XBB,sent_gaze_sacc_eeg_means,441,0,Normal
XBB,sent_gaze_sacc_eeg_means,442,0,Normal
XBB,sent_gaze_sacc_eeg_means,443,0,Normal
XBB,sent_gaze_sacc_eeg_means,444,0,Normal
XBB,sent_gaze_sacc_eeg_means,445,0,Normal
XBB,sent_gaze_sacc_eeg_means,446,0,Normal
XBB,sent_gaze_sacc_eeg_means,447,0,Normal
XBB,sent_gaze_sacc_eeg_means,448,0,Normal
XBB,sent_gaze_sacc_eeg_means,449,0,Normal
XBB,sent_gaze_sacc_eeg_means,450,0,Normal
XBB,sent_gaze_sacc_eeg_means,451,0,Normal
XBB,sent_gaze_sacc_eeg_means,452,0,Normal
XBB,sent_gaze_sacc_eeg_means,453,0,Normal
XBB,sent_gaze_sacc_eeg_means,454,0,Normal
XBB,sent_gaze_sacc_eeg_means,455,0,Normal
XBB,sent_gaze_sacc_eeg_means,456,0,Normal
XBB,sent_gaze_sacc_eeg_means,457,0,Normal
XBB,sent_gaze_sacc_eeg_means,458,0,Normal
XBB,sent_gaze_sacc_eeg_means,459,0,Normal
XBB,sent_gaze_sacc_eeg_means,460,0,Normal
XBB,sent_gaze_sacc_eeg_means,461,0,Normal
XBB,sent_gaze_sacc_eeg_means,462,0,Normal
XBB,sent_gaze_sacc_eeg_means,463,0,Normal
XBB,sent_gaze_sacc_eeg_means,464,0,Normal
XBB,sent_gaze_sacc_eeg_means,465,0,Normal
XBB,sent_gaze_sacc_eeg_means,466,0,Normal
XBB,sent_gaze_sacc_eeg_means,467,0,Normal
XBB,sent_gaze_sacc_eeg_means,468,0,Normal
XBB,sent_gaze_sacc_eeg_means,469,0,Normal
XBB,sent_gaze_sacc_eeg_means,470,0,Normal
XBB,sent_gaze_sacc_eeg_means,471,0,Normal
XBB,sent_gaze_sacc_eeg_means,472,0,Normal
XBB,sent_gaze_sacc_eeg_means,473,0,Normal
XBB,sent_gaze_sacc_eeg_means,474,0,Normal
XBB,sent_gaze_sacc_eeg_means,475,0,Normal
XBB,sent_gaze_sacc_eeg_means,476,0,Normal
XBB,sent_gaze_sacc_eeg_means,477,0,Normal
XBB,sent_gaze_sacc_eeg_means,478,0,Normal
XBB,sent_gaze_sacc_eeg_means,479,0,Normal
XBB,sent_gaze_sacc_eeg_means,480,0,Normal
XBB,sent_gaze_sacc_eeg_means,481,0,Normal
XBB,sent_gaze_sacc_eeg_means,482,0,Normal
XBB,sent_gaze_sacc_eeg_means,483,0,Normal
XBB,sent_gaze_sacc_eeg_means,484,0,Normal
XBB,sent_gaze_sacc_eeg_means,485,0,Normal
XBB,sent_gaze_sacc_eeg_means,486,0,Normal
XBB,sent_gaze_sacc_eeg_means,487,0,Normal
XBB,sent_gaze_sacc_eeg_means,488,0,Normal
XBB,sent_gaze_sacc_eeg_means,489,0,Normal
XBB,sent_gaze_sacc_eeg_means,490,0,Normal
XBB,sent_gaze_sacc_eeg_means,491,0,Normal
XBB,sent_gaze_sacc_eeg_means,492,0,Normal
XBB,sent_gaze_sacc_eeg_means,493,0,Normal
XBB,sent_gaze_sacc_eeg_means,494,0,Normal
XBB,sent_gaze_sacc_eeg_means,495,0,Normal
XBB,sent_gaze_sacc_eeg_means,496,0,Normal
XBB,sent_gaze_sacc_eeg_means,497,0,Normal
XBB,sent_gaze_sacc_eeg_means,498,0,Normal
XBB,sent_gaze_sacc_eeg_means,499,0,Normal
XBB,sent_gaze_sacc_eeg_means,500,0,Normal
XBB,sent_gaze_sacc_eeg_means,501,0,Normal
XBB,sent_gaze_sacc_eeg_means,502,0,Normal
XBB,sent_gaze_sacc_eeg_means,503,0,Normal
XBB,sent_gaze_sacc_eeg_means,504,0,Normal
XBB,sent_gaze_sacc_eeg_means,505,0,Normal
XBB,sent_gaze_sacc_eeg_means,506,0,Normal
XBB,sent_gaze_sacc_eeg_means,507,0,Normal
XBB,sent_gaze_sacc_eeg_means,508,0,Normal
XBB,sent_gaze_sacc_eeg_means,509,0,Normal
XBB,sent_gaze_sacc_eeg_means,510,0,Normal
XBB,sent_gaze_sacc_eeg_means,511,0,Normal
XBB,sent_gaze_sacc_eeg_means,512,0,Normal
XBB,sent_gaze_sacc_eeg_means,513,0,Normal
XBB,sent_gaze_sacc_eeg_means,514,0,Normal
XBB,sent_gaze_sacc_eeg_means,515,0,Normal
XBB,sent_gaze_sacc_eeg_means,516,0,Normal
XBB,sent_gaze_sacc_eeg_means,517,0,Normal
XBB,sent_gaze_sacc_eeg_means,518,0,Normal
XBB,sent_gaze_sacc_eeg_means,519,0,Normal
XBB,sent_gaze_sacc_eeg_means,520,0,Normal
XBB,sent_gaze_sacc_eeg_means,521,0,Normal
XBB,sent_gaze_sacc_eeg_means,522,0,Normal
XBB,sent_gaze_sacc_eeg_means,523,0,Normal
XBB,sent_gaze_sacc_eeg_means,524,0,Normal
XBB,sent_gaze_sacc_eeg_means,525,0,Normal
XBB,sent_gaze_sacc_eeg_means,526,0,Normal
XBB,sent_gaze_sacc_eeg_means,527,0,Normal
XBB,sent_gaze_sacc_eeg_means,528,0,Normal
XBB,sent_gaze_sacc_eeg_means,529,0,Normal
XBB,sent_gaze_sacc_eeg_means,530,0,Normal
XBB,sent_gaze_sacc_eeg_means,531,0,Normal
XBB,sent_gaze_sacc_eeg_means,532,0,Normal
XBB,sent_gaze_sacc_eeg_means,533,0,Normal
XBB,sent_gaze_sacc_eeg_means,534,0,Normal
XBB,sent_gaze_sacc_eeg_means,535,0,Normal
XBB,sent_gaze_sacc_eeg_means,536,0,Normal
XBB,sent_gaze_sacc_eeg_means,537,0,Normal
XBB,sent_gaze_sacc_eeg_means,538,0,Normal
XBB,sent_gaze_sacc_eeg_means,539,0,Normal
XBB,sent_gaze_sacc_eeg_means,540,0,Normal
XBB,sent_gaze_sacc_eeg_means,541,0,Normal
XBB,sent_gaze_sacc_eeg_means,542,0,Normal
XBB,sent_gaze_sacc_eeg_means,543,0,Normal
XBB,sent_gaze_sacc_eeg_means,544,0,Normal
XBB,sent_gaze_sacc_eeg_means,545,0,Normal
XBB,sent_gaze_sacc_eeg_means,546,0,Normal
XBB,sent_gaze_sacc_eeg_means,547,0,Normal
XBB,sent_gaze_sacc_eeg_means,548,0,Normal
XBB,sent_gaze_sacc_eeg_means,549,0,Normal
XBB,sent_gaze_sacc_eeg_means,550,0,Normal
XBB,sent_gaze_sacc_eeg_means,551,0,Normal
XBB,sent_gaze_sacc_eeg_means,552,0,Normal
XBB,sent_gaze_sacc_eeg_means,553,0,Normal
XBB,sent_gaze_sacc_eeg_means,554,0,Normal
XBB,sent_gaze_sacc_eeg_means,555,0,Normal
XBB,sent_gaze_sacc_eeg_means,556,0,Normal
XBB,sent_gaze_sacc_eeg_means,557,0,Normal
XBB,sent_gaze_sacc_eeg_means,558,0,Normal
XBB,sent_gaze_sacc_eeg_means,559,0,Normal
XBB,sent_gaze_sacc_eeg_means,560,0,Normal
XBB,sent_gaze_sacc_eeg_means,561,0,Normal
XBB,sent_gaze_sacc_eeg_means,562,0,Normal
XBB,sent_gaze_sacc_eeg_means,563,0,Normal
XBB,sent_gaze_sacc_eeg_means,564,0,Normal
XBB,sent_gaze_sacc_eeg_means,565,0,Normal
XBB,sent_gaze_sacc_eeg_means,566,0,Normal
XBB,sent_gaze_sacc_eeg_means,567,0,Normal
XBB,sent_gaze_sacc_eeg_means,568,0,Normal
XBB,sent_gaze_sacc_eeg_means,569,0,Normal
XBB,sent_gaze_sacc_eeg_means,570,0,Normal
XBB,sent_gaze_sacc_eeg_means,571,0,Normal
XBB,sent_gaze_sacc_eeg_means,572,0,Normal
XBB,sent_gaze_sacc_eeg_means,573,0,Normal
XBB,sent_gaze_sacc_eeg_means,574,0,Normal
XBB,sent_gaze_sacc_eeg_means,575,0,Normal
XBB,sent_gaze_sacc_eeg_means,576,0,Normal
XBB,sent_gaze_sacc_eeg_means,577,0,Normal
XBB,sent_gaze_sacc_eeg_means,578,0,Normal
XBB,sent_gaze_sacc_eeg_means,579,0,Normal
XBB,sent_gaze_sacc_eeg_means,580,0,Normal
XBB,sent_gaze_sacc_eeg_means,581,0,Normal
XBB,sent_gaze_sacc_eeg_means,582,0,Normal
XBB,sent_gaze_sacc_eeg_means,583,0,Normal
XBB,sent_gaze_sacc_eeg_means,584,0,Normal
XBB,sent_gaze_sacc_eeg_means,585,0,Normal
XBB,sent_gaze_sacc_eeg_means,586,0,Normal
XBB,sent_gaze_sacc_eeg_means,587,0,Normal
XBB,sent_gaze_sacc_eeg_means,588,0,Normal
XBB,sent_gaze_sacc_eeg_means,589,0,Normal
XBB,sent_gaze_sacc_eeg_means,590,0,Normal
XBB,sent_gaze_sacc_eeg_means,591,0,Normal
XBB,sent_gaze_sacc_eeg_means,592,0,Normal
XBB,sent_gaze_sacc_eeg_means,593,0,Normal
XBB,sent_gaze_sacc_eeg_means,594,0,Normal
XBB,sent_gaze_sacc_eeg_means,595,0,Normal
XBB,sent_gaze_sacc_eeg_means,596,0,Normal
XBB,sent_gaze_sacc_eeg_means,597,0,Normal
XBB,sent_gaze_sacc_eeg_means,598,0,Normal
XBB,sent_gaze_sacc_eeg_means,599,0,Normal
XBB,sent_gaze_sacc_eeg_means,600,0,Normal
XBB,sent_gaze_sacc_eeg_means,601,0,Normal
XBB,sent_gaze_sacc_eeg_means,602,0,Normal
XBB,sent_gaze_sacc_eeg_means,603,0,Normal
XBB,sent_gaze_sacc_eeg_means,604,0,Normal
XBB,sent_gaze_sacc_eeg_means,605,0,Normal
XBB,sent_gaze_sacc_eeg_means,606,0,Normal
XBB,sent_gaze_sacc_eeg_means,607,0,Normal
XBB,sent_gaze_sacc_eeg_means,608,0,Normal
XBB,sent_gaze_sacc_eeg_means,609,0,Normal
XBB,sent_gaze_sacc_eeg_means,610,0,Normal
XBB,sent_gaze_sacc_eeg_means,611,0,Normal
XBB,sent_gaze_sacc_eeg_means,612,0,Normal
XBB,sent_gaze_sacc_eeg_means,613,0,Normal
XBB,sent_gaze_sacc_eeg_means,614,0,Normal
XBB,sent_gaze_sacc_eeg_means,615,0,Normal
XBB,sent_gaze_sacc_eeg_means,616,0,Normal
XBB,sent_gaze_sacc_eeg_means,617,0,Normal
XBB,sent_gaze_sacc_eeg_means,618,0,Normal
XBB,sent_gaze_sacc_eeg_means,619,0,Normal
XBB,sent_gaze_sacc_eeg_means,620,0,Normal
XBB,sent_gaze_sacc_eeg_means,621,0,Normal
XBB,sent_gaze_sacc_eeg_means,622,0,Normal
XBB,sent_gaze_sacc_eeg_means,623,0,Normal
XBB,sent_gaze_sacc_eeg_means,624,0,Normal
XBB,sent_gaze_sacc_eeg_means,625,0,Normal
XBB,sent_gaze_sacc_eeg_means,626,0,Normal
XBB,sent_gaze_sacc_eeg_means,627,0,Normal
XBB,sent_gaze_sacc_eeg_means,628,0,Normal
XBB,sent_gaze_sacc_eeg_means,629,0,Normal
XBB,sent_gaze_sacc_eeg_means,630,0,Normal
XBB,sent_gaze_sacc_eeg_means,631,0,Normal
XBB,sent_gaze_sacc_eeg_means,632,0,Normal
XBB,sent_gaze_sacc_eeg_means,633,0,Normal
XBB,sent_gaze_sacc_eeg_means,634,0,Normal
XBB,sent_gaze_sacc_eeg_means,635,0,Normal
XBB,sent_gaze_sacc_eeg_means,636,0,Normal
XBB,sent_gaze_sacc_eeg_means,637,0,Normal
XBB,sent_gaze_sacc_eeg_means,638,0,Normal
XBB,sent_gaze_sacc_eeg_means,639,0,Normal
XBB,sent_gaze_sacc_eeg_means,640,0,Normal
XBB,sent_gaze_sacc_eeg_means,641,0,Normal
XBB,sent_gaze_sacc_eeg_means,642,0,Normal
XBB,sent_gaze_sacc_eeg_means,643,0,Normal
XBB,sent_gaze_sacc_eeg_means,644,0,Normal
XBB,sent_gaze_sacc_eeg_means,645,0,Normal
XBB,sent_gaze_sacc_eeg_means,646,0,Normal
XBB,sent_gaze_sacc_eeg_means,647,0,Normal
XBB,sent_gaze_sacc_eeg_means,648,0,Normal
XBB,sent_gaze_sacc_eeg_means,649,0,Normal
XBB,sent_gaze_sacc_eeg_means,650,0,Normal
XBB,sent_gaze_sacc_eeg_means,651,0,Normal
XBB,sent_gaze_sacc_eeg_means,652,0,Normal
XBB,sent_gaze_sacc_eeg_means,653,0,Normal
XBB,sent_gaze_sacc_eeg_means,654,0,Normal
XBB,sent_gaze_sacc_eeg_means,655,0,Normal
XBB,sent_gaze_sacc_eeg_means,656,0,Normal
XBB,sent_gaze_sacc_eeg_means,657,0,Normal
XBB,sent_gaze_sacc_eeg_means,658,0,Normal
XBB,sent_gaze_sacc_eeg_means,659,0,Normal
XBB,sent_gaze_sacc_eeg_means,660,0,Normal
XBB,sent_gaze_sacc_eeg_means,661,0,Normal
XBB,sent_gaze_sacc_eeg_means,662,0,Normal
XBB,sent_gaze_sacc_eeg_means,663,0,Normal
XBB,sent_gaze_sacc_eeg_means,664,0,Normal
XBB,sent_gaze_sacc_eeg_means,665,0,Normal
XBB,sent_gaze_sacc_eeg_means,666,0,Normal
XBB,sent_gaze_sacc_eeg_means,667,0,Normal
XBB,sent_gaze_sacc_eeg_means,668,0,Normal
XBB,sent_gaze_sacc_eeg_means,669,0,Normal
XBB,sent_gaze_sacc_eeg_means,670,0,Normal
XBB,sent_gaze_sacc_eeg_means,671,0,Normal
XBB,sent_gaze_sacc_eeg_means,672,0,Normal
XBB,sent_gaze_sacc_eeg_means,673,0,Normal
XBB,sent_gaze_sacc_eeg_means,674,0,Normal
XBB,sent_gaze_sacc_eeg_means,675,0,Normal
XBB,sent_gaze_sacc_eeg_means,676,0,Normal
XBB,sent_gaze_sacc_eeg_means,677,0,Normal
XBB,sent_gaze_sacc_eeg_means,678,0,Normal
XBB,sent_gaze_sacc_eeg_means,679,0,Normal
XBB,sent_gaze_sacc_eeg_means,680,0,Normal
XBB,sent_gaze_sacc_eeg_means,681,0,Normal
XBB,sent_gaze_sacc_eeg_means,682,0,Normal
XBB,sent_gaze_sacc_eeg_means,683,0,Normal
XBB,sent_gaze_sacc_eeg_means,684,0,Normal
XBB,sent_gaze_sacc_eeg_means,685,0,Normal
XBB,sent_gaze_sacc_eeg_means,686,0,Normal
XBB,sent_gaze_sacc_eeg_means,687,0,Normal
XBB,sent_gaze_sacc_eeg_means,688,0,Normal
XDT,sent_gaze_sacc_eeg_means,0,0,Normal
XDT,sent_gaze_sacc_eeg_means,1,0,Normal
XDT,sent_gaze_sacc_eeg_means,2,0,Normal
XDT,sent_gaze_sacc_eeg_means,3,0,Normal
XDT,sent_gaze_sacc_eeg_means,4,0,Normal
XDT,sent_gaze_sacc_eeg_means,5,0,Normal
XDT,sent_gaze_sacc_eeg_means,6,0,Normal
XDT,sent_gaze_sacc_eeg_means,7,0,Normal
XDT,sent_gaze_sacc_eeg_means,8,0,Normal
XDT,sent_gaze_sacc_eeg_means,9,0,Normal
XDT,sent_gaze_sacc_eeg_means,10,0,Normal
XDT,sent_gaze_sacc_eeg_means,11,0,Normal
XDT,sent_gaze_sacc_eeg_means,12,0,Normal
XDT,sent_gaze_sacc_eeg_means,13,0,Normal
XDT,sent_gaze_sacc_eeg_means,14,0,Normal
XDT,sent_gaze_sacc_eeg_means,15,0,Normal
XDT,sent_gaze_sacc_eeg_means,16,0,Normal
XDT,sent_gaze_sacc_eeg_means,17,0,Normal
XDT,sent_gaze_sacc_eeg_means,18,0,Normal
XDT,sent_gaze_sacc_eeg_means,19,0,Normal
XDT,sent_gaze_sacc_eeg_means,20,0,Normal
XDT,sent_gaze_sacc_eeg_means,21,0,Normal
XDT,sent_gaze_sacc_eeg_means,22,0,Normal
XDT,sent_gaze_sacc_eeg_means,23,0,Normal
XDT,sent_gaze_sacc_eeg_means,24,0,Normal
XDT,sent_gaze_sacc_eeg_means,25,0,Normal
XDT,sent_gaze_sacc_eeg_means,26,0,Normal
XDT,sent_gaze_sacc_eeg_means,27,0,Normal
XDT,sent_gaze_sacc_eeg_means,28,0,Normal
XDT,sent_gaze_sacc_eeg_means,29,0,Normal
XDT,sent_gaze_sacc_eeg_means,30,0,Normal
XDT,sent_gaze_sacc_eeg_means,31,0,Normal
XDT,sent_gaze_sacc_eeg_means,32,0,Normal
XDT,sent_gaze_sacc_eeg_means,33,0,Normal
XDT,sent_gaze_sacc_eeg_means,34,0,Normal
XDT,sent_gaze_sacc_eeg_means,35,0,Normal
XDT,sent_gaze_sacc_eeg_means,36,0,Normal
XDT,sent_gaze_sacc_eeg_means,37,0,Normal
XDT,sent_gaze_sacc_eeg_means,38,0,Normal
XDT,sent_gaze_sacc_eeg_means,39,0,Normal
XDT,sent_gaze_sacc_eeg_means,40,0,Normal
XDT,sent_gaze_sacc_eeg_means,41,0,Normal
XDT,sent_gaze_sacc_eeg_means,42,0,Normal
XDT,sent_gaze_sacc_eeg_means,43,0,Normal
XDT,sent_gaze_sacc_eeg_means,44,0,Normal
XDT,sent_gaze_sacc_eeg_means,45,0,Normal
XDT,sent_gaze_sacc_eeg_means,46,0,Normal
XDT,sent_gaze_sacc_eeg_means,47,0,Normal
XDT,sent_gaze_sacc_eeg_means,48,0,Normal
XDT,sent_gaze_sacc_eeg_means,49,0,Normal
XDT,sent_gaze_sacc_eeg_means,50,0,Normal
XDT,sent_gaze_sacc_eeg_means,51,0,Normal
XDT,sent_gaze_sacc_eeg_means,52,0,Normal
XDT,sent_gaze_sacc_eeg_means,53,0,Normal
XDT,sent_gaze_sacc_eeg_means,54,0,Normal
XDT,sent_gaze_sacc_eeg_means,55,0,Normal
XDT,sent_gaze_sacc_eeg_means,56,0,Normal
XDT,sent_gaze_sacc_eeg_means,57,0,Normal
XDT,sent_gaze_sacc_eeg_means,58,0,Normal
XDT,sent_gaze_sacc_eeg_means,59,0,Normal
XDT,sent_gaze_sacc_eeg_means,60,0,Normal
XDT,sent_gaze_sacc_eeg_means,61,0,Normal
XDT,sent_gaze_sacc_eeg_means,62,0,Normal
XDT,sent_gaze_sacc_eeg_means,63,0,Normal
XDT,sent_gaze_sacc_eeg_means,64,0,Normal
XDT,sent_gaze_sacc_eeg_means,65,0,Normal
XDT,sent_gaze_sacc_eeg_means,66,0,Normal
XDT,sent_gaze_sacc_eeg_means,67,0,Normal
XDT,sent_gaze_sacc_eeg_means,68,0,Normal
XDT,sent_gaze_sacc_eeg_means,69,0,Normal
XDT,sent_gaze_sacc_eeg_means,70,0,Normal
XDT,sent_gaze_sacc_eeg_means,71,0,Normal
XDT,sent_gaze_sacc_eeg_means,72,0,Normal
XDT,sent_gaze_sacc_eeg_means,73,0,Normal
XDT,sent_gaze_sacc_eeg_means,74,0,Normal
XDT,sent_gaze_sacc_eeg_means,75,0,Normal
XDT,sent_gaze_sacc_eeg_means,76,0,Normal
XDT,sent_gaze_sacc_eeg_means,77,0,Normal
XDT,sent_gaze_sacc_eeg_means,78,0,Normal
XDT,sent_gaze_sacc_eeg_means,79,0,Normal
XDT,sent_gaze_sacc_eeg_means,80,0,Normal
XDT,sent_gaze_sacc_eeg_means,81,0,Normal
XDT,sent_gaze_sacc_eeg_means,82,0,Normal
XDT,sent_gaze_sacc_eeg_means,83,0,Normal
XDT,sent_gaze_sacc_eeg_means,84,0,Normal
XDT,sent_gaze_sacc_eeg_means,85,0,Normal
XDT,sent_gaze_sacc_eeg_means,86,0,Normal
XDT,sent_gaze_sacc_eeg_means,87,0,Normal
XDT,sent_gaze_sacc_eeg_means,88,0,Normal
XDT,sent_gaze_sacc_eeg_means,89,0,Normal
XDT,sent_gaze_sacc_eeg_means,90,0,Normal
XDT,sent_gaze_sacc_eeg_means,91,0,Normal
XDT,sent_gaze_sacc_eeg_means,92,0,Normal
XDT,sent_gaze_sacc_eeg_means,93,0,Normal
XDT,sent_gaze_sacc_eeg_means,94,0,Normal
XDT,sent_gaze_sacc_eeg_means,95,0,Normal
XDT,sent_gaze_sacc_eeg_means,96,0,Normal
XDT,sent_gaze_sacc_eeg_means,97,0,Normal
XDT,sent_gaze_sacc_eeg_means,98,0,Normal
XDT,sent_gaze_sacc_eeg_means,99,0,Normal
XDT,sent_gaze_sacc_eeg_means,100,0,Normal
XDT,sent_gaze_sacc_eeg_means,101,0,Normal
XDT,sent_gaze_sacc_eeg_means,102,0,Normal
XDT,sent_gaze_sacc_eeg_means,103,0,Normal
XDT,sent_gaze_sacc_eeg_means,104,0,Normal
XDT,sent_gaze_sacc_eeg_means,105,0,Normal
XDT,sent_gaze_sacc_eeg_means,106,0,Normal
XDT,sent_gaze_sacc_eeg_means,107,0,Normal
XDT,sent_gaze_sacc_eeg_means,108,0,Normal
XDT,sent_gaze_sacc_eeg_means,109,0,Normal
XDT,sent_gaze_sacc_eeg_means,110,0,Normal
XDT,sent_gaze_sacc_eeg_means,111,0,Normal
XDT,sent_gaze_sacc_eeg_means,112,0,Normal
XDT,sent_gaze_sacc_eeg_means,113,0,Normal
XDT,sent_gaze_sacc_eeg_means,114,0,Normal
XDT,sent_gaze_sacc_eeg_means,115,0,Normal
XDT,sent_gaze_sacc_eeg_means,116,0,Normal
XDT,sent_gaze_sacc_eeg_means,117,0,Normal
XDT,sent_gaze_sacc_eeg_means,118,0,Normal
XDT,sent_gaze_sacc_eeg_means,119,0,Normal
XDT,sent_gaze_sacc_eeg_means,120,0,Normal
XDT,sent_gaze_sacc_eeg_means,121,0,Normal
XDT,sent_gaze_sacc_eeg_means,122,0,Normal
XDT,sent_gaze_sacc_eeg_means,123,0,Normal
XDT,sent_gaze_sacc_eeg_means,124,0,Normal
XDT,sent_gaze_sacc_eeg_means,125,0,Normal
XDT,sent_gaze_sacc_eeg_means,126,0,Normal
XDT,sent_gaze_sacc_eeg_means,127,0,Normal
XDT,sent_gaze_sacc_eeg_means,128,0,Normal
XDT,sent_gaze_sacc_eeg_means,129,0,Normal
XDT,sent_gaze_sacc_eeg_means,130,0,Normal
XDT,sent_gaze_sacc_eeg_means,131,0,Normal
XDT,sent_gaze_sacc_eeg_means,132,0,Normal
XDT,sent_gaze_sacc_eeg_means,133,0,Normal
XDT,sent_gaze_sacc_eeg_means,134,0,Normal
XDT,sent_gaze_sacc_eeg_means,135,0,Normal
XDT,sent_gaze_sacc_eeg_means,136,0,Normal
XDT,sent_gaze_sacc_eeg_means,137,0,Normal
XDT,sent_gaze_sacc_eeg_means,138,0,Normal
XDT,sent_gaze_sacc_eeg_means,139,0,Normal
XDT,sent_gaze_sacc_eeg_means,140,0,Normal
XDT,sent_gaze_sacc_eeg_means,141,0,Normal
XDT,sent_gaze_sacc_eeg_means,142,0,Normal
XDT,sent_gaze_sacc_eeg_means,143,0,Normal
XDT,sent_gaze_sacc_eeg_means,144,0,Normal
XDT,sent_gaze_sacc_eeg_means,145,0,Normal
XDT,sent_gaze_sacc_eeg_means,146,0,Normal
XDT,sent_gaze_sacc_eeg_means,147,0,Normal
XDT,sent_gaze_sacc_eeg_means,148,0,Normal
XDT,sent_gaze_sacc_eeg_means,149,0,Normal
XDT,sent_gaze_sacc_eeg_means,150,0,Normal
XDT,sent_gaze_sacc_eeg_means,151,0,Normal
XDT,sent_gaze_sacc_eeg_means,152,0,Normal
XDT,sent_gaze_sacc_eeg_means,153,0,Normal
XDT,sent_gaze_sacc_eeg_means,154,0,Normal
XDT,sent_gaze_sacc_eeg_means,155,0,Normal
XDT,sent_gaze_sacc_eeg_means,156,0,Normal
XDT,sent_gaze_sacc_eeg_means,157,0,Normal
XDT,sent_gaze_sacc_eeg_means,158,0,Normal
XDT,sent_gaze_sacc_eeg_means,159,0,Normal
XDT,sent_gaze_sacc_eeg_means,160,0,Normal
XDT,sent_gaze_sacc_eeg_means,161,0,Normal
XDT,sent_gaze_sacc_eeg_means,162,0,Normal
XDT,sent_gaze_sacc_eeg_means,163,0,Normal
XDT,sent_gaze_sacc_eeg_means,164,0,Normal
XDT,sent_gaze_sacc_eeg_means,165,0,Normal
XDT,sent_gaze_sacc_eeg_means,166,0,Normal
XDT,sent_gaze_sacc_eeg_means,167,0,Normal
XDT,sent_gaze_sacc_eeg_means,168,0,Normal
XDT,sent_gaze_sacc_eeg_means,169,0,Normal
XDT,sent_gaze_sacc_eeg_means,170,0,Normal
XDT,sent_gaze_sacc_eeg_means,171,0,Normal
XDT,sent_gaze_sacc_eeg_means,172,0,Normal
XDT,sent_gaze_sacc_eeg_means,173,0,Normal
XDT,sent_gaze_sacc_eeg_means,174,0,Normal
XDT,sent_gaze_sacc_eeg_means,175,0,Normal
XDT,sent_gaze_sacc_eeg_means,176,0,Normal
XDT,sent_gaze_sacc_eeg_means,177,0,Normal
XDT,sent_gaze_sacc_eeg_means,178,0,Normal
XDT,sent_gaze_sacc_eeg_means,179,0,Normal
XDT,sent_gaze_sacc_eeg_means,180,0,Normal
XDT,sent_gaze_sacc_eeg_means,181,0,Normal
XDT,sent_gaze_sacc_eeg_means,182,0,Normal
XDT,sent_gaze_sacc_eeg_means,183,0,Normal
XDT,sent_gaze_sacc_eeg_means,184,0,Normal
XDT,sent_gaze_sacc_eeg_means,185,0,Normal
XDT,sent_gaze_sacc_eeg_means,186,0,Normal
XDT,sent_gaze_sacc_eeg_means,187,0,Normal
XDT,sent_gaze_sacc_eeg_means,188,0,Normal
XDT,sent_gaze_sacc_eeg_means,189,0,Normal
XDT,sent_gaze_sacc_eeg_means,190,0,Normal
XDT,sent_gaze_sacc_eeg_means,191,0,Normal
XDT,sent_gaze_sacc_eeg_means,192,0,Normal
XDT,sent_gaze_sacc_eeg_means,193,0,Normal
XDT,sent_gaze_sacc_eeg_means,194,0,Normal
XDT,sent_gaze_sacc_eeg_means,195,0,Normal
XDT,sent_gaze_sacc_eeg_means,196,0,Normal
XDT,sent_gaze_sacc_eeg_means,197,0,Normal
XDT,sent_gaze_sacc_eeg_means,198,0,Normal
XDT,sent_gaze_sacc_eeg_means,199,0,Normal
XDT,sent_gaze_sacc_eeg_means,200,0,Normal
XDT,sent_gaze_sacc_eeg_means,201,0,Normal
XDT,sent_gaze_sacc_eeg_means,202,0,Normal
XDT,sent_gaze_sacc_eeg_means,203,0,Normal
XDT,sent_gaze_sacc_eeg_means,204,0,Normal
XDT,sent_gaze_sacc_eeg_means,205,0,Normal
XDT,sent_gaze_sacc_eeg_means,206,0,Normal
XDT,sent_gaze_sacc_eeg_means,207,0,Normal
XDT,sent_gaze_sacc_eeg_means,208,0,Normal
XDT,sent_gaze_sacc_eeg_means,209,0,Normal
XDT,sent_gaze_sacc_eeg_means,210,0,Normal
XDT,sent_gaze_sacc_eeg_means,211,0,Normal
XDT,sent_gaze_sacc_eeg_means,212,0,Normal
XDT,sent_gaze_sacc_eeg_means,213,0,Normal
XDT,sent_gaze_sacc_eeg_means,214,0,Normal
XDT,sent_gaze_sacc_eeg_means,215,0,Normal
XDT,sent_gaze_sacc_eeg_means,216,0,Normal
XDT,sent_gaze_sacc_eeg_means,217,0,Normal
XDT,sent_gaze_sacc_eeg_means,218,0,Normal
XDT,sent_gaze_sacc_eeg_means,219,0,Normal
XDT,sent_gaze_sacc_eeg_means,220,0,Normal
XDT,sent_gaze_sacc_eeg_means,221,0,Normal
XDT,sent_gaze_sacc_eeg_means,222,0,Normal
XDT,sent_gaze_sacc_eeg_means,223,0,Normal
XDT,sent_gaze_sacc_eeg_means,224,0,Normal
XDT,sent_gaze_sacc_eeg_means,225,0,Normal
XDT,sent_gaze_sacc_eeg_means,226,0,Normal
XDT,sent_gaze_sacc_eeg_means,227,0,Normal
XDT,sent_gaze_sacc_eeg_means,228,0,Normal
XDT,sent_gaze_sacc_eeg_means,229,0,Normal
XDT,sent_gaze_sacc_eeg_means,230,0,Normal
XDT,sent_gaze_sacc_eeg_means,231,0,Normal
XDT,sent_gaze_sacc_eeg_means,232,0,Normal
XDT,sent_gaze_sacc_eeg_means,233,0,Normal
XDT,sent_gaze_sacc_eeg_means,234,0,Normal
XDT,sent_gaze_sacc_eeg_means,235,0,Normal
XDT,sent_gaze_sacc_eeg_means,236,0,Normal
XDT,sent_gaze_sacc_eeg_means,237,0,Normal
XDT,sent_gaze_sacc_eeg_means,238,0,Normal
XDT,sent_gaze_sacc_eeg_means,239,0,Normal
XDT,sent_gaze_sacc_eeg_means,240,0,Normal
XDT,sent_gaze_sacc_eeg_means,241,0,Normal
XDT,sent_gaze_sacc_eeg_means,242,0,Normal
XDT,sent_gaze_sacc_eeg_means,243,0,Normal
XDT,sent_gaze_sacc_eeg_means,244,0,Normal
XDT,sent_gaze_sacc_eeg_means,245,0,Normal
XDT,sent_gaze_sacc_eeg_means,246,0,Normal
XDT,sent_gaze_sacc_eeg_means,247,0,Normal
XDT,sent_gaze_sacc_eeg_means,248,0,Normal
XDT,sent_gaze_sacc_eeg_means,249,0,Normal
XDT,sent_gaze_sacc_eeg_means,250,0,Normal
XDT,sent_gaze_sacc_eeg_means,251,0,Normal
XDT,sent_gaze_sacc_eeg_means,252,0,Normal
XDT,sent_gaze_sacc_eeg_means,253,0,Normal
XDT,sent_gaze_sacc_eeg_means,254,0,Normal
XDT,sent_gaze_sacc_eeg_means,255,0,Normal
XDT,sent_gaze_sacc_eeg_means,256,0,Normal
XDT,sent_gaze_sacc_eeg_means,257,0,Normal
XDT,sent_gaze_sacc_eeg_means,258,0,Normal
XDT,sent_gaze_sacc_eeg_means,259,0,Normal
XDT,sent_gaze_sacc_eeg_means,260,0,Normal
XDT,sent_gaze_sacc_eeg_means,261,0,Normal
XDT,sent_gaze_sacc_eeg_means,262,0,Normal
XDT,sent_gaze_sacc_eeg_means,263,0,Normal
XDT,sent_gaze_sacc_eeg_means,264,0,Normal
XDT,sent_gaze_sacc_eeg_means,265,0,Normal
XDT,sent_gaze_sacc_eeg_means,266,0,Normal
XDT,sent_gaze_sacc_eeg_means,267,0,Normal
XDT,sent_gaze_sacc_eeg_means,268,0,Normal
XDT,sent_gaze_sacc_eeg_means,269,0,Normal
XDT,sent_gaze_sacc_eeg_means,270,0,Normal
XDT,sent_gaze_sacc_eeg_means,271,0,Normal
XDT,sent_gaze_sacc_eeg_means,272,0,Normal
XDT,sent_gaze_sacc_eeg_means,273,0,Normal
XDT,sent_gaze_sacc_eeg_means,274,0,Normal
XDT,sent_gaze_sacc_eeg_means,275,0,Normal
XDT,sent_gaze_sacc_eeg_means,276,0,Normal
XDT,sent_gaze_sacc_eeg_means,277,0,Normal
XDT,sent_gaze_sacc_eeg_means,278,0,Normal
XDT,sent_gaze_sacc_eeg_means,279,0,Normal
XDT,sent_gaze_sacc_eeg_means,280,0,Normal
XDT,sent_gaze_sacc_eeg_means,281,0,Normal
XDT,sent_gaze_sacc_eeg_means,282,0,Normal
XDT,sent_gaze_sacc_eeg_means,283,0,Normal
XDT,sent_gaze_sacc_eeg_means,284,0,Normal
XDT,sent_gaze_sacc_eeg_means,285,0,Normal
XDT,sent_gaze_sacc_eeg_means,286,0,Normal
XDT,sent_gaze_sacc_eeg_means,287,0,Normal
XDT,sent_gaze_sacc_eeg_means,288,0,Normal
XDT,sent_gaze_sacc_eeg_means,289,0,Normal
XDT,sent_gaze_sacc_eeg_means,290,0,Normal
XDT,sent_gaze_sacc_eeg_means,291,0,Normal
XDT,sent_gaze_sacc_eeg_means,292,0,Normal
XDT,sent_gaze_sacc_eeg_means,293,0,Normal
XDT,sent_gaze_sacc_eeg_means,294,0,Normal
XDT,sent_gaze_sacc_eeg_means,295,0,Normal
XDT,sent_gaze_sacc_eeg_means,296,0,Normal
XDT,sent_gaze_sacc_eeg_means,297,0,Normal
XDT,sent_gaze_sacc_eeg_means,298,0,Normal
XDT,sent_gaze_sacc_eeg_means,299,0,Normal
XDT,sent_gaze_sacc_eeg_means,300,0,Normal
XDT,sent_gaze_sacc_eeg_means,301,0,Normal
XDT,sent_gaze_sacc_eeg_means,302,0,Normal
XDT,sent_gaze_sacc_eeg_means,303,0,Normal
XDT,sent_gaze_sacc_eeg_means,304,0,Normal
XDT,sent_gaze_sacc_eeg_means,305,0,Normal
XDT,sent_gaze_sacc_eeg_means,306,0,Normal
XDT,sent_gaze_sacc_eeg_means,307,0,Normal
XDT,sent_gaze_sacc_eeg_means,308,0,Normal
XDT,sent_gaze_sacc_eeg_means,309,0,Normal
XDT,sent_gaze_sacc_eeg_means,310,0,Normal
XDT,sent_gaze_sacc_eeg_means,311,0,Normal
XDT,sent_gaze_sacc_eeg_means,312,0,Normal
XDT,sent_gaze_sacc_eeg_means,313,0,Normal
XDT,sent_gaze_sacc_eeg_means,314,0,Normal
XDT,sent_gaze_sacc_eeg_means,315,0,Normal
XDT,sent_gaze_sacc_eeg_means,316,0,Normal
XDT,sent_gaze_sacc_eeg_means,317,0,Normal
XDT,sent_gaze_sacc_eeg_means,318,0,Normal
XDT,sent_gaze_sacc_eeg_means,319,0,Normal
XDT,sent_gaze_sacc_eeg_means,320,0,Normal
XDT,sent_gaze_sacc_eeg_means,321,0,Normal
XDT,sent_gaze_sacc_eeg_means,322,0,Normal
XDT,sent_gaze_sacc_eeg_means,323,0,Normal
XDT,sent_gaze_sacc_eeg_means,324,0,Normal
XDT,sent_gaze_sacc_eeg_means,325,0,Normal
XDT,sent_gaze_sacc_eeg_means,326,0,Normal
XDT,sent_gaze_sacc_eeg_means,327,0,Normal
XDT,sent_gaze_sacc_eeg_means,328,0,Normal
XDT,sent_gaze_sacc_eeg_means,329,0,Normal
XDT,sent_gaze_sacc_eeg_means,330,0,Normal
XDT,sent_gaze_sacc_eeg_means,331,0,Normal
XDT,sent_gaze_sacc_eeg_means,332,0,Normal
XDT,sent_gaze_sacc_eeg_means,333,0,Normal
XDT,sent_gaze_sacc_eeg_means,334,0,Normal
XDT,sent_gaze_sacc_eeg_means,335,0,Normal
XDT,sent_gaze_sacc_eeg_means,336,0,Normal
XDT,sent_gaze_sacc_eeg_means,337,0,Normal
XDT,sent_gaze_sacc_eeg_means,338,0,Normal
XDT,sent_gaze_sacc_eeg_means,339,0,Normal
XDT,sent_gaze_sacc_eeg_means,340,0,Normal
XDT,sent_gaze_sacc_eeg_means,341,0,Normal
XDT,sent_gaze_sacc_eeg_means,342,0,Normal
XDT,sent_gaze_sacc_eeg_means,343,0,Normal
XDT,sent_gaze_sacc_eeg_means,344,0,Normal
XDT,sent_gaze_sacc_eeg_means,345,0,Normal
XDT,sent_gaze_sacc_eeg_means,346,0,Normal
XDT,sent_gaze_sacc_eeg_means,347,0,Normal
XDT,sent_gaze_sacc_eeg_means,348,0,Normal
XDT,sent_gaze_sacc_eeg_means,349,0,Normal
XDT,sent_gaze_sacc_eeg_means,350,0,Normal
XDT,sent_gaze_sacc_eeg_means,351,0,Normal
XDT,sent_gaze_sacc_eeg_means,352,0,Normal
XDT,sent_gaze_sacc_eeg_means,353,0,Normal
XDT,sent_gaze_sacc_eeg_means,354,0,Normal
XDT,sent_gaze_sacc_eeg_means,355,0,Normal
XDT,sent_gaze_sacc_eeg_means,356,0,Normal
XDT,sent_gaze_sacc_eeg_means,357,0,Normal
XDT,sent_gaze_sacc_eeg_means,358,0,Normal
XDT,sent_gaze_sacc_eeg_means,359,0,Normal
XDT,sent_gaze_sacc_eeg_means,360,0,Normal
XDT,sent_gaze_sacc_eeg_means,361,0,Normal
XDT,sent_gaze_sacc_eeg_means,362,0,Normal
XDT,sent_gaze_sacc_eeg_means,363,0,Normal
XDT,sent_gaze_sacc_eeg_means,364,0,Normal
XDT,sent_gaze_sacc_eeg_means,365,0,Normal
XDT,sent_gaze_sacc_eeg_means,366,0,Normal
XDT,sent_gaze_sacc_eeg_means,367,0,Normal
XDT,sent_gaze_sacc_eeg_means,368,0,Normal
XDT,sent_gaze_sacc_eeg_means,369,0,Normal
XDT,sent_gaze_sacc_eeg_means,370,0,Normal
XDT,sent_gaze_sacc_eeg_means,371,0,Normal
XDT,sent_gaze_sacc_eeg_means,372,0,Normal
XDT,sent_gaze_sacc_eeg_means,373,0,Normal
XDT,sent_gaze_sacc_eeg_means,374,0,Normal
XDT,sent_gaze_sacc_eeg_means,375,0,Normal
XDT,sent_gaze_sacc_eeg_means,376,0,Normal
XDT,sent_gaze_sacc_eeg_means,377,0,Normal
XDT,sent_gaze_sacc_eeg_means,378,0,Normal
XDT,sent_gaze_sacc_eeg_means,379,0,Normal
XDT,sent_gaze_sacc_eeg_means,380,0,Normal
XDT,sent_gaze_sacc_eeg_means,381,0,Normal
XDT,sent_gaze_sacc_eeg_means,382,0,Normal
XDT,sent_gaze_sacc_eeg_means,383,0,Normal
XDT,sent_gaze_sacc_eeg_means,384,0,Normal
XDT,sent_gaze_sacc_eeg_means,385,0,Normal
XDT,sent_gaze_sacc_eeg_means,386,0,Normal
XDT,sent_gaze_sacc_eeg_means,387,0,Normal
XDT,sent_gaze_sacc_eeg_means,388,0,Normal
XDT,sent_gaze_sacc_eeg_means,389,0,Normal
XDT,sent_gaze_sacc_eeg_means,390,0,Normal
XDT,sent_gaze_sacc_eeg_means,391,0,Normal
XDT,sent_gaze_sacc_eeg_means,392,0,Normal
XDT,sent_gaze_sacc_eeg_means,393,0,Normal
XDT,sent_gaze_sacc_eeg_means,394,0,Normal
XDT,sent_gaze_sacc_eeg_means,395,0,Normal
XDT,sent_gaze_sacc_eeg_means,396,0,Normal
XDT,sent_gaze_sacc_eeg_means,397,0,Normal
XDT,sent_gaze_sacc_eeg_means,398,0,Normal
XDT,sent_gaze_sacc_eeg_means,399,0,Normal
XDT,sent_gaze_sacc_eeg_means,400,0,Normal
XDT,sent_gaze_sacc_eeg_means,401,0,Normal
XDT,sent_gaze_sacc_eeg_means,402,0,Normal
XDT,sent_gaze_sacc_eeg_means,403,0,Normal
XDT,sent_gaze_sacc_eeg_means,404,0,Normal
XDT,sent_gaze_sacc_eeg_means,405,0,Normal
XDT,sent_gaze_sacc_eeg_means,406,0,Normal
XDT,sent_gaze_sacc_eeg_means,407,0,Normal
XDT,sent_gaze_sacc_eeg_means,408,0,Normal
XDT,sent_gaze_sacc_eeg_means,409,0,Normal
XDT,sent_gaze_sacc_eeg_means,410,0,Normal
XDT,sent_gaze_sacc_eeg_means,411,0,Normal
XDT,sent_gaze_sacc_eeg_means,412,0,Normal
XDT,sent_gaze_sacc_eeg_means,413,0,Normal
XDT,sent_gaze_sacc_eeg_means,414,0,Normal
XDT,sent_gaze_sacc_eeg_means,415,0,Normal
XDT,sent_gaze_sacc_eeg_means,416,0,Normal
XDT,sent_gaze_sacc_eeg_means,417,0,Normal
XDT,sent_gaze_sacc_eeg_means,418,0,Normal
XDT,sent_gaze_sacc_eeg_means,419,0,Normal
XDT,sent_gaze_sacc_eeg_means,420,0,Normal
XDT,sent_gaze_sacc_eeg_means,421,0,Normal
XDT,sent_gaze_sacc_eeg_means,422,0,Normal
XDT,sent_gaze_sacc_eeg_means,423,0,Normal
XDT,sent_gaze_sacc_eeg_means,424,0,Normal
XDT,sent_gaze_sacc_eeg_means,425,0,Normal
XDT,sent_gaze_sacc_eeg_means,426,0,Normal
XDT,sent_gaze_sacc_eeg_means,427,0,Normal
XDT,sent_gaze_sacc_eeg_means,428,0,Normal
XDT,sent_gaze_sacc_eeg_means,429,0,Normal
XDT,sent_gaze_sacc_eeg_means,430,0,Normal
XDT,sent_gaze_sacc_eeg_means,431,0,Normal
XDT,sent_gaze_sacc_eeg_means,432,0,Normal
XDT,sent_gaze_sacc_eeg_means,433,0,Normal
XDT,sent_gaze_sacc_eeg_means,434,0,Normal
XDT,sent_gaze_sacc_eeg_means,435,0,Normal
XDT,sent_gaze_sacc_eeg_means,436,0,Normal
XDT,sent_gaze_sacc_eeg_means,437,0,Normal
XDT,sent_gaze_sacc_eeg_means,438,0,Normal
XDT,sent_gaze_sacc_eeg_means,439,0,Normal
XDT,sent_gaze_sacc_eeg_means,440,0,Normal
XDT,sent_gaze_sacc_eeg_means,441,0,Normal
XDT,sent_gaze_sacc_eeg_means,442,0,Normal
XDT,sent_gaze_sacc_eeg_means,443,0,Normal
XDT,sent_gaze_sacc_eeg_means,444,0,Normal
XDT,sent_gaze_sacc_eeg_means,445,0,Normal
XDT,sent_gaze_sacc_eeg_means,446,0,Normal
XDT,sent_gaze_sacc_eeg_means,447,0,Normal
XDT,sent_gaze_sacc_eeg_means,448,0,Normal
XDT,sent_gaze_sacc_eeg_means,449,0,Normal
XDT,sent_gaze_sacc_eeg_means,450,0,Normal
XDT,sent_gaze_sacc_eeg_means,451,0,Normal
XDT,sent_gaze_sacc_eeg_means,452,0,Normal
XDT,sent_gaze_sacc_eeg_means,453,0,Normal
XDT,sent_gaze_sacc_eeg_means,454,0,Normal
XDT,sent_gaze_sacc_eeg_means,455,0,Normal
XDT,sent_gaze_sacc_eeg_means,456,0,Normal
XDT,sent_gaze_sacc_eeg_means,457,0,Normal
XDT,sent_gaze_sacc_eeg_means,458,0,Normal
XDT,sent_gaze_sacc_eeg_means,459,0,Normal
XDT,sent_gaze_sacc_eeg_means,460,0,Normal
XDT,sent_gaze_sacc_eeg_means,461,0,Normal
XDT,sent_gaze_sacc_eeg_means,462,0,Normal
XDT,sent_gaze_sacc_eeg_means,463,0,Normal
XDT,sent_gaze_sacc_eeg_means,464,0,Normal
XDT,sent_gaze_sacc_eeg_means,465,0,Normal
XDT,sent_gaze_sacc_eeg_means,466,0,Normal
XDT,sent_gaze_sacc_eeg_means,467,0,Normal
XDT,sent_gaze_sacc_eeg_means,468,0,Normal
XDT,sent_gaze_sacc_eeg_means,469,0,Normal
XDT,sent_gaze_sacc_eeg_means,470,0,Normal
XDT,sent_gaze_sacc_eeg_means,471,0,Normal
XDT,sent_gaze_sacc_eeg_means,472,0,Normal
XDT,sent_gaze_sacc_eeg_means,473,0,Normal
XDT,sent_gaze_sacc_eeg_means,474,0,Normal
XDT,sent_gaze_sacc_eeg_means,475,0,Normal
XDT,sent_gaze_sacc_eeg_means,476,0,Normal
XDT,sent_gaze_sacc_eeg_means,477,0,Normal
XDT,sent_gaze_sacc_eeg_means,478,0,Normal
XDT,sent_gaze_sacc_eeg_means,479,0,Normal
XDT,sent_gaze_sacc_eeg_means,480,0,Normal
XDT,sent_gaze_sacc_eeg_means,481,0,Normal
XDT,sent_gaze_sacc_eeg_means,482,0,Normal
XDT,sent_gaze_sacc_eeg_means,483,0,Normal
XDT,sent_gaze_sacc_eeg_means,484,0,Normal
XDT,sent_gaze_sacc_eeg_means,485,0,Normal
XDT,sent_gaze_sacc_eeg_means,486,0,Normal
XDT,sent_gaze_sacc_eeg_means,487,0,Normal
XDT,sent_gaze_sacc_eeg_means,488,0,Normal
XDT,sent_gaze_sacc_eeg_means,489,0,Normal
XDT,sent_gaze_sacc_eeg_means,490,0,Normal
XDT,sent_gaze_sacc_eeg_means,491,0,Normal
XDT,sent_gaze_sacc_eeg_means,492,0,Normal
XDT,sent_gaze_sacc_eeg_means,493,0,Normal
XDT,sent_gaze_sacc_eeg_means,494,0,Normal
XDT,sent_gaze_sacc_eeg_means,495,0,Normal
XDT,sent_gaze_sacc_eeg_means,496,0,Normal
XDT,sent_gaze_sacc_eeg_means,497,0,Normal
XDT,sent_gaze_sacc_eeg_means,498,0,Normal
XDT,sent_gaze_sacc_eeg_means,499,0,Normal
XDT,sent_gaze_sacc_eeg_means,500,0,Normal
XDT,sent_gaze_sacc_eeg_means,501,0,Normal
XDT,sent_gaze_sacc_eeg_means,502,0,Normal
XDT,sent_gaze_sacc_eeg_means,503,0,Normal
XDT,sent_gaze_sacc_eeg_means,504,0,Normal
XDT,sent_gaze_sacc_eeg_means,505,0,Normal
XDT,sent_gaze_sacc_eeg_means,506,0,Normal
XDT,sent_gaze_sacc_eeg_means,507,0,Normal
XDT,sent_gaze_sacc_eeg_means,508,0,Normal
XDT,sent_gaze_sacc_eeg_means,509,0,Normal
XDT,sent_gaze_sacc_eeg_means,510,0,Normal
XDT,sent_gaze_sacc_eeg_means,511,0,Normal
XDT,sent_gaze_sacc_eeg_means,512,0,Normal
XDT,sent_gaze_sacc_eeg_means,513,0,Normal
XDT,sent_gaze_sacc_eeg_means,514,0,Normal
XDT,sent_gaze_sacc_eeg_means,515,0,Normal
XDT,sent_gaze_sacc_eeg_means,516,0,Normal
XDT,sent_gaze_sacc_eeg_means,517,0,Normal
XDT,sent_gaze_sacc_eeg_means,518,0,Normal
XDT,sent_gaze_sacc_eeg_means,519,0,Normal
XDT,sent_gaze_sacc_eeg_means,520,0,Normal
XDT,sent_gaze_sacc_eeg_means,521,0,Normal
XDT,sent_gaze_sacc_eeg_means,522,0,Normal
XDT,sent_gaze_sacc_eeg_means,523,0,Normal
XDT,sent_gaze_sacc_eeg_means,524,0,Normal
XDT,sent_gaze_sacc_eeg_means,525,0,Normal
XDT,sent_gaze_sacc_eeg_means,526,0,Normal
XDT,sent_gaze_sacc_eeg_means,527,0,Normal
XDT,sent_gaze_sacc_eeg_means,528,0,Normal
XDT,sent_gaze_sacc_eeg_means,529,0,Normal
XDT,sent_gaze_sacc_eeg_means,530,0,Normal
XDT,sent_gaze_sacc_eeg_means,531,0,Normal
XDT,sent_gaze_sacc_eeg_means,532,0,Normal
XDT,sent_gaze_sacc_eeg_means,533,0,Normal
XDT,sent_gaze_sacc_eeg_means,534,0,Normal
XDT,sent_gaze_sacc_eeg_means,535,0,Normal
XDT,sent_gaze_sacc_eeg_means,536,0,Normal
XDT,sent_gaze_sacc_eeg_means,537,0,Normal
XDT,sent_gaze_sacc_eeg_means,538,0,Normal
XDT,sent_gaze_sacc_eeg_means,539,0,Normal
XDT,sent_gaze_sacc_eeg_means,540,0,Normal
XDT,sent_gaze_sacc_eeg_means,541,0,Normal
XDT,sent_gaze_sacc_eeg_means,542,0,Normal
XDT,sent_gaze_sacc_eeg_means,543,0,Normal
XDT,sent_gaze_sacc_eeg_means,544,0,Normal
XDT,sent_gaze_sacc_eeg_means,545,0,Normal
XDT,sent_gaze_sacc_eeg_means,546,0,Normal
XDT,sent_gaze_sacc_eeg_means,547,0,Normal
XDT,sent_gaze_sacc_eeg_means,548,0,Normal
XDT,sent_gaze_sacc_eeg_means,549,0,Normal
XDT,sent_gaze_sacc_eeg_means,550,0,Normal
XDT,sent_gaze_sacc_eeg_means,551,0,Normal
XDT,sent_gaze_sacc_eeg_means,552,0,Normal
XDT,sent_gaze_sacc_eeg_means,553,0,Normal
XDT,sent_gaze_sacc_eeg_means,554,0,Normal
XDT,sent_gaze_sacc_eeg_means,555,0,Normal
XDT,sent_gaze_sacc_eeg_means,556,0,Normal
XDT,sent_gaze_sacc_eeg_means,557,0,Normal
XDT,sent_gaze_sacc_eeg_means,558,0,Normal
XDT,sent_gaze_sacc_eeg_means,559,0,Normal
XDT,sent_gaze_sacc_eeg_means,560,0,Normal
XDT,sent_gaze_sacc_eeg_means,561,0,Normal
XDT,sent_gaze_sacc_eeg_means,562,0,Normal
XDT,sent_gaze_sacc_eeg_means,563,0,Normal
XDT,sent_gaze_sacc_eeg_means,564,0,Normal
XDT,sent_gaze_sacc_eeg_means,565,0,Normal
XDT,sent_gaze_sacc_eeg_means,566,0,Normal
XDT,sent_gaze_sacc_eeg_means,567,0,Normal
XDT,sent_gaze_sacc_eeg_means,568,0,Normal
XDT,sent_gaze_sacc_eeg_means,569,0,Normal
XDT,sent_gaze_sacc_eeg_means,570,0,Normal
XDT,sent_gaze_sacc_eeg_means,571,0,Normal
XDT,sent_gaze_sacc_eeg_means,572,0,Normal
XDT,sent_gaze_sacc_eeg_means,573,0,Normal
XDT,sent_gaze_sacc_eeg_means,574,0,Normal
XDT,sent_gaze_sacc_eeg_means,575,0,Normal
XDT,sent_gaze_sacc_eeg_means,576,0,Normal
XDT,sent_gaze_sacc_eeg_means,577,0,Normal
XDT,sent_gaze_sacc_eeg_means,578,0,Normal
XDT,sent_gaze_sacc_eeg_means,579,0,Normal
XDT,sent_gaze_sacc_eeg_means,580,0,Normal
XDT,sent_gaze_sacc_eeg_means,581,0,Normal
XDT,sent_gaze_sacc_eeg_means,582,0,Normal
XDT,sent_gaze_sacc_eeg_means,583,0,Normal
XDT,sent_gaze_sacc_eeg_means,584,0,Normal
XDT,sent_gaze_sacc_eeg_means,585,0,Normal
XDT,sent_gaze_sacc_eeg_means,586,0,Normal
XDT,sent_gaze_sacc_eeg_means,587,0,Normal
XDT,sent_gaze_sacc_eeg_means,588,0,Normal
XDT,sent_gaze_sacc_eeg_means,589,0,Normal
XDT,sent_gaze_sacc_eeg_means,590,0,Normal
XDT,sent_gaze_sacc_eeg_means,591,0,Normal
XDT,sent_gaze_sacc_eeg_means,592,0,Normal
XDT,sent_gaze_sacc_eeg_means,593,0,Normal
XDT,sent_gaze_sacc_eeg_means,594,0,Normal
XDT,sent_gaze_sacc_eeg_means,595,0,Normal
XDT,sent_gaze_sacc_eeg_means,596,0,Normal
XDT,sent_gaze_sacc_eeg_means,597,0,Normal
XDT,sent_gaze_sacc_eeg_means,598,0,Normal
XDT,sent_gaze_sacc_eeg_means,599,0,Normal
XDT,sent_gaze_sacc_eeg_means,600,0,Normal
XDT,sent_gaze_sacc_eeg_means,601,0,Normal
XDT,sent_gaze_sacc_eeg_means,602,0,Normal
XDT,sent_gaze_sacc_eeg_means,603,0,Normal
XDT,sent_gaze_sacc_eeg_means,604,0,Normal
XDT,sent_gaze_sacc_eeg_means,605,0,Normal
XDT,sent_gaze_sacc_eeg_means,606,0,Normal
XDT,sent_gaze_sacc_eeg_means,607,0,Normal
XDT,sent_gaze_sacc_eeg_means,608,0,Normal
XDT,sent_gaze_sacc_eeg_means,609,0,Normal
XDT,sent_gaze_sacc_eeg_means,610,0,Normal
XDT,sent_gaze_sacc_eeg_means,611,0,Normal
XDT,sent_gaze_sacc_eeg_means,612,0,Normal
XDT,sent_gaze_sacc_eeg_means,613,0,Normal
XDT,sent_gaze_sacc_eeg_means,614,0,Normal
XDT,sent_gaze_sacc_eeg_means,615,0,Normal
XDT,sent_gaze_sacc_eeg_means,616,0,Normal
XDT,sent_gaze_sacc_eeg_means,617,0,Normal
XDT,sent_gaze_sacc_eeg_means,618,0,Normal
XDT,sent_gaze_sacc_eeg_means,619,0,Normal
XDT,sent_gaze_sacc_eeg_means,620,0,Normal
XDT,sent_gaze_sacc_eeg_means,621,0,Normal
XDT,sent_gaze_sacc_eeg_means,622,0,Normal
XDT,sent_gaze_sacc_eeg_means,623,0,Normal
XDT,sent_gaze_sacc_eeg_means,624,0,Normal
XDT,sent_gaze_sacc_eeg_means,625,0,Normal
XDT,sent_gaze_sacc_eeg_means,626,0,Normal
XDT,sent_gaze_sacc_eeg_means,627,0,Normal
XDT,sent_gaze_sacc_eeg_means,628,0,Normal
XDT,sent_gaze_sacc_eeg_means,629,0,Normal
XDT,sent_gaze_sacc_eeg_means,630,0,Normal
XDT,sent_gaze_sacc_eeg_means,631,0,Normal
XDT,sent_gaze_sacc_eeg_means,632,0,Normal
XDT,sent_gaze_sacc_eeg_means,633,0,Normal
XDT,sent_gaze_sacc_eeg_means,634,0,Normal
XDT,sent_gaze_sacc_eeg_means,635,0,Normal
XDT,sent_gaze_sacc_eeg_means,636,0,Normal
XDT,sent_gaze_sacc_eeg_means,637,0,Normal
XDT,sent_gaze_sacc_eeg_means,638,0,Normal
XDT,sent_gaze_sacc_eeg_means,639,0,Normal
XDT,sent_gaze_sacc_eeg_means,640,0,Normal
XDT,sent_gaze_sacc_eeg_means,641,0,Normal
XDT,sent_gaze_sacc_eeg_means,642,0,Normal
XDT,sent_gaze_sacc_eeg_means,643,0,Normal
XDT,sent_gaze_sacc_eeg_means,644,0,Normal
XDT,sent_gaze_sacc_eeg_means,645,0,Normal
XDT,sent_gaze_sacc_eeg_means,646,0,Normal
XDT,sent_gaze_sacc_eeg_means,647,0,Normal
XDT,sent_gaze_sacc_eeg_means,648,0,Normal
XDT,sent_gaze_sacc_eeg_means,649,0,Normal
XDT,sent_gaze_sacc_eeg_means,650,0,Normal
XDT,sent_gaze_sacc_eeg_means,651,0,Normal
XDT,sent_gaze_sacc_eeg_means,652,0,Normal
XDT,sent_gaze_sacc_eeg_means,653,0,Normal
XDT,sent_gaze_sacc_eeg_means,654,0,Normal
XDT,sent_gaze_sacc_eeg_means,655,0,Normal
XDT,sent_gaze_sacc_eeg_means,656,0,Normal
XDT,sent_gaze_sacc_eeg_means,657,0,Normal
XDT,sent_gaze_sacc_eeg_means,658,0,Normal
XDT,sent_gaze_sacc_eeg_means,659,0,Normal
XDT,sent_gaze_sacc_eeg_means,660,0,Normal
XDT,sent_gaze_sacc_eeg_means,661,0,Normal
XDT,sent_gaze_sacc_eeg_means,662,0,Normal
XDT,sent_gaze_sacc_eeg_means,663,0,Normal
XDT,sent_gaze_sacc_eeg_means,664,0,Normal
XDT,sent_gaze_sacc_eeg_means,665,0,Normal
XDT,sent_gaze_sacc_eeg_means,666,0,Normal
XDT,sent_gaze_sacc_eeg_means,667,0,Normal
XDT,sent_gaze_sacc_eeg_means,668,0,Normal
XDT,sent_gaze_sacc_eeg_means,669,0,Normal
XDT,sent_gaze_sacc_eeg_means,670,0,Normal
XDT,sent_gaze_sacc_eeg_means,671,0,Normal
XDT,sent_gaze_sacc_eeg_means,672,0,Normal
XDT,sent_gaze_sacc_eeg_means,673,0,Normal
XDT,sent_gaze_sacc_eeg_means,674,0,Normal
XDT,sent_gaze_sacc_eeg_means,675,0,Normal
XDT,sent_gaze_sacc_eeg_means,676,0,Normal
XDT,sent_gaze_sacc_eeg_means,677,0,Normal
XDT,sent_gaze_sacc_eeg_means,678,0,Normal
XDT,sent_gaze_sacc_eeg_means,679,0,Normal
XDT,sent_gaze_sacc_eeg_means,680,0,Normal
XDT,sent_gaze_sacc_eeg_means,681,0,Normal
XDT,sent_gaze_sacc_eeg_means,682,0,Normal
XDT,sent_gaze_sacc_eeg_means,683,0,Normal
XDT,sent_gaze_sacc_eeg_means,684,0,Normal
XDT,sent_gaze_sacc_eeg_means,685,0,Normal
XDT,sent_gaze_sacc_eeg_means,686,0,Normal
XDT,sent_gaze_sacc_eeg_means,687,0,Normal
XDT,sent_gaze_sacc_eeg_means,688,0,Normal
XDT,sent_gaze_sacc_eeg_means,689,0,Normal
XDT,sent_gaze_sacc_eeg_means,690,0,Normal
XDT,sent_gaze_sacc_eeg_means,691,0,Normal
XDT,sent_gaze_sacc_eeg_means,692,0,Normal
XDT,sent_gaze_sacc_eeg_means,693,0,Normal
XDT,sent_gaze_sacc_eeg_means,694,0,Normal
XDT,sent_gaze_sacc_eeg_means,695,0,Normal
XDT,sent_gaze_sacc_eeg_means,696,0,Normal
XDT,sent_gaze_sacc_eeg_means,697,0,Normal
XDT,sent_gaze_sacc_eeg_means,698,0,Normal
XDT,sent_gaze_sacc_eeg_means,699,0,Normal
XDT,sent_gaze_sacc_eeg_means,700,0,Normal
XDT,sent_gaze_sacc_eeg_means,701,0,Normal
XDT,sent_gaze_sacc_eeg_means,702,0,Normal
XDT,sent_gaze_sacc_eeg_means,703,0,Normal
XDT,sent_gaze_sacc_eeg_means,704,0,Normal
XDT,sent_gaze_sacc_eeg_means,705,0,Normal
XDT,sent_gaze_sacc_eeg_means,706,0,Normal
XDT,sent_gaze_sacc_eeg_means,707,0,Normal
XDT,sent_gaze_sacc_eeg_means,708,0,Normal
XDT,sent_gaze_sacc_eeg_means,709,0,Normal
XDT,sent_gaze_sacc_eeg_means,710,0,Normal
XDT,sent_gaze_sacc_eeg_means,711,0,Normal
XDT,sent_gaze_sacc_eeg_means,712,0,Normal
XDT,sent_gaze_sacc_eeg_means,713,0,Normal
XDT,sent_gaze_sacc_eeg_means,714,0,Normal
XDT,sent_gaze_sacc_eeg_means,715,0,Normal
XDT,sent_gaze_sacc_eeg_means,716,0,Normal
XDT,sent_gaze_sacc_eeg_means,717,0,Normal
XDT,sent_gaze_sacc_eeg_means,718,0,Normal
XDT,sent_gaze_sacc_eeg_means,719,0,Normal
XDT,sent_gaze_sacc_eeg_means,720,0,Normal
XDT,sent_gaze_sacc_eeg_means,721,0,Normal
XDT,sent_gaze_sacc_eeg_means,722,0,Normal
XDT,sent_gaze_sacc_eeg_means,723,0,Normal
XDT,sent_gaze_sacc_eeg_means,724,0,Normal
XDT,sent_gaze_sacc_eeg_means,725,0,Normal
XDT,sent_gaze_sacc_eeg_means,726,0,Normal
XDT,sent_gaze_sacc_eeg_means,727,0,Normal
XDT,sent_gaze_sacc_eeg_means,728,0,Normal
XDT,sent_gaze_sacc_eeg_means,729,0,Normal
XLS,sent_gaze_sacc_eeg_means,0,0,Normal
XLS,sent_gaze_sacc_eeg_means,1,0,Normal
XLS,sent_gaze_sacc_eeg_means,2,0,Normal
XLS,sent_gaze_sacc_eeg_means,3,0,Normal
XLS,sent_gaze_sacc_eeg_means,4,0,Normal
XLS,sent_gaze_sacc_eeg_means,5,0,Normal
XLS,sent_gaze_sacc_eeg_means,6,0,Normal
XLS,sent_gaze_sacc_eeg_means,7,0,Normal
XLS,sent_gaze_sacc_eeg_means,8,0,Normal
XLS,sent_gaze_sacc_eeg_means,9,0,Normal
XLS,sent_gaze_sacc_eeg_means,10,0,Normal
XLS,sent_gaze_sacc_eeg_means,11,0,Normal
XLS,sent_gaze_sacc_eeg_means,12,0,Normal
XLS,sent_gaze_sacc_eeg_means,13,0,Normal
XLS,sent_gaze_sacc_eeg_means,14,0,Normal
XLS,sent_gaze_sacc_eeg_means,15,0,Normal
XLS,sent_gaze_sacc_eeg_means,16,0,Normal
XLS,sent_gaze_sacc_eeg_means,17,0,Normal
XLS,sent_gaze_sacc_eeg_means,18,0,Normal
XLS,sent_gaze_sacc_eeg_means,19,0,Normal
XLS,sent_gaze_sacc_eeg_means,20,0,Normal
XLS,sent_gaze_sacc_eeg_means,21,0,Normal
XLS,sent_gaze_sacc_eeg_means,22,0,Normal
XLS,sent_gaze_sacc_eeg_means,23,0,Normal
XLS,sent_gaze_sacc_eeg_means,24,0,Normal
XLS,sent_gaze_sacc_eeg_means,25,0,Normal
XLS,sent_gaze_sacc_eeg_means,26,0,Normal
XLS,sent_gaze_sacc_eeg_means,27,0,Normal
XLS,sent_gaze_sacc_eeg_means,28,0,Normal
XLS,sent_gaze_sacc_eeg_means,29,0,Normal
XLS,sent_gaze_sacc_eeg_means,30,0,Normal
XLS,sent_gaze_sacc_eeg_means,31,0,Normal
XLS,sent_gaze_sacc_eeg_means,32,0,Normal
XLS,sent_gaze_sacc_eeg_means,33,0,Normal
XLS,sent_gaze_sacc_eeg_means,34,0,Normal
XLS,sent_gaze_sacc_eeg_means,35,0,Normal
XLS,sent_gaze_sacc_eeg_means,36,0,Normal
XLS,sent_gaze_sacc_eeg_means,37,0,Normal
XLS,sent_gaze_sacc_eeg_means,38,0,Normal
XLS,sent_gaze_sacc_eeg_means,39,0,Normal
XLS,sent_gaze_sacc_eeg_means,40,0,Normal
XLS,sent_gaze_sacc_eeg_means,41,0,Normal
XLS,sent_gaze_sacc_eeg_means,42,0,Normal
XLS,sent_gaze_sacc_eeg_means,43,0,Normal
XLS,sent_gaze_sacc_eeg_means,44,0,Normal
XLS,sent_gaze_sacc_eeg_means,45,0,Normal
XLS,sent_gaze_sacc_eeg_means,46,0,Normal
XLS,sent_gaze_sacc_eeg_means,47,0,Normal
XLS,sent_gaze_sacc_eeg_means,48,0,Normal
XLS,sent_gaze_sacc_eeg_means,49,0,Normal
XLS,sent_gaze_sacc_eeg_means,50,0,Normal
XLS,sent_gaze_sacc_eeg_means,51,0,Normal
XLS,sent_gaze_sacc_eeg_means,52,0,Normal
XLS,sent_gaze_sacc_eeg_means,53,0,Normal
XLS,sent_gaze_sacc_eeg_means,54,0,Normal
XLS,sent_gaze_sacc_eeg_means,55,0,Normal
XLS,sent_gaze_sacc_eeg_means,56,0,Normal
XLS,sent_gaze_sacc_eeg_means,57,0,Normal
XLS,sent_gaze_sacc_eeg_means,58,0,Normal
XLS,sent_gaze_sacc_eeg_means,59,0,Normal
XLS,sent_gaze_sacc_eeg_means,60,0,Normal
XLS,sent_gaze_sacc_eeg_means,61,0,Normal
XLS,sent_gaze_sacc_eeg_means,62,0,Normal
XLS,sent_gaze_sacc_eeg_means,63,0,Normal
XLS,sent_gaze_sacc_eeg_means,64,0,Normal
XLS,sent_gaze_sacc_eeg_means,65,0,Normal
XLS,sent_gaze_sacc_eeg_means,66,0,Normal
XLS,sent_gaze_sacc_eeg_means,67,0,Normal
XLS,sent_gaze_sacc_eeg_means,68,0,Normal
XLS,sent_gaze_sacc_eeg_means,69,0,Normal
XLS,sent_gaze_sacc_eeg_means,70,0,Normal
XLS,sent_gaze_sacc_eeg_means,71,0,Normal
XLS,sent_gaze_sacc_eeg_means,72,0,Normal
XLS,sent_gaze_sacc_eeg_means,73,0,Normal
XLS,sent_gaze_sacc_eeg_means,74,0,Normal
XLS,sent_gaze_sacc_eeg_means,75,0,Normal
XLS,sent_gaze_sacc_eeg_means,76,0,Normal
XLS,sent_gaze_sacc_eeg_means,77,0,Normal
XLS,sent_gaze_sacc_eeg_means,78,0,Normal
XLS,sent_gaze_sacc_eeg_means,79,0,Normal
XLS,sent_gaze_sacc_eeg_means,80,0,Normal
XLS,sent_gaze_sacc_eeg_means,81,0,Normal
XLS,sent_gaze_sacc_eeg_means,82,0,Normal
XLS,sent_gaze_sacc_eeg_means,83,0,Normal
XLS,sent_gaze_sacc_eeg_means,84,0,Normal
XLS,sent_gaze_sacc_eeg_means,85,0,Normal
XLS,sent_gaze_sacc_eeg_means,86,0,Normal
XLS,sent_gaze_sacc_eeg_means,87,0,Normal
XLS,sent_gaze_sacc_eeg_means,88,0,Normal
XLS,sent_gaze_sacc_eeg_means,89,0,Normal
XLS,sent_gaze_sacc_eeg_means,90,0,Normal
XLS,sent_gaze_sacc_eeg_means,91,0,Normal
XLS,sent_gaze_sacc_eeg_means,92,0,Normal
XLS,sent_gaze_sacc_eeg_means,93,0,Normal
XLS,sent_gaze_sacc_eeg_means,94,0,Normal
XLS,sent_gaze_sacc_eeg_means,95,0,Normal
XLS,sent_gaze_sacc_eeg_means,96,0,Normal
XLS,sent_gaze_sacc_eeg_means,97,0,Normal
XLS,sent_gaze_sacc_eeg_means,98,0,Normal
XLS,sent_gaze_sacc_eeg_means,99,0,Normal
XLS,sent_gaze_sacc_eeg_means,100,0,Normal
XLS,sent_gaze_sacc_eeg_means,101,0,Normal
XLS,sent_gaze_sacc_eeg_means,102,0,Normal
XLS,sent_gaze_sacc_eeg_means,103,0,Normal
XLS,sent_gaze_sacc_eeg_means,104,0,Normal
XLS,sent_gaze_sacc_eeg_means,105,0,Normal
XLS,sent_gaze_sacc_eeg_means,106,0,Normal
XLS,sent_gaze_sacc_eeg_means,107,0,Normal
XLS,sent_gaze_sacc_eeg_means,108,0,Normal
XLS,sent_gaze_sacc_eeg_means,109,0,Normal
XLS,sent_gaze_sacc_eeg_means,110,0,Normal
XLS,sent_gaze_sacc_eeg_means,111,0,Normal
XLS,sent_gaze_sacc_eeg_means,112,0,Normal
XLS,sent_gaze_sacc_eeg_means,113,0,Normal
XLS,sent_gaze_sacc_eeg_means,114,0,Normal
XLS,sent_gaze_sacc_eeg_means,115,0,Normal
XLS,sent_gaze_sacc_eeg_means,116,0,Normal
XLS,sent_gaze_sacc_eeg_means,117,0,Normal
XLS,sent_gaze_sacc_eeg_means,118,0,Normal
XLS,sent_gaze_sacc_eeg_means,119,0,Normal
XLS,sent_gaze_sacc_eeg_means,120,0,Normal
XLS,sent_gaze_sacc_eeg_means,121,0,Normal
XLS,sent_gaze_sacc_eeg_means,122,0,Normal
XLS,sent_gaze_sacc_eeg_means,123,0,Normal
XLS,sent_gaze_sacc_eeg_means,124,0,Normal
XLS,sent_gaze_sacc_eeg_means,125,0,Normal
XLS,sent_gaze_sacc_eeg_means,126,0,Normal
XLS,sent_gaze_sacc_eeg_means,127,0,Normal
XLS,sent_gaze_sacc_eeg_means,128,0,Normal
XLS,sent_gaze_sacc_eeg_means,129,0,Normal
XLS,sent_gaze_sacc_eeg_means,130,0,Normal
XLS,sent_gaze_sacc_eeg_means,131,0,Normal
XLS,sent_gaze_sacc_eeg_means,132,0,Normal
XLS,sent_gaze_sacc_eeg_means,133,0,Normal
XLS,sent_gaze_sacc_eeg_means,134,0,Normal
XLS,sent_gaze_sacc_eeg_means,135,0,Normal
XLS,sent_gaze_sacc_eeg_means,136,0,Normal
XLS,sent_gaze_sacc_eeg_means,137,0,Normal
XLS,sent_gaze_sacc_eeg_means,138,0,Normal
XLS,sent_gaze_sacc_eeg_means,139,0,Normal
XLS,sent_gaze_sacc_eeg_means,140,0,Normal
XLS,sent_gaze_sacc_eeg_means,141,0,Normal
XLS,sent_gaze_sacc_eeg_means,142,0,Normal
XLS,sent_gaze_sacc_eeg_means,143,0,Normal
XLS,sent_gaze_sacc_eeg_means,144,0,Normal
XLS,sent_gaze_sacc_eeg_means,145,0,Normal
XLS,sent_gaze_sacc_eeg_means,146,0,Normal
XLS,sent_gaze_sacc_eeg_means,147,0,Normal
XLS,sent_gaze_sacc_eeg_means,148,0,Normal
XLS,sent_gaze_sacc_eeg_means,149,0,Normal
XLS,sent_gaze_sacc_eeg_means,150,0,Normal
XLS,sent_gaze_sacc_eeg_means,151,0,Normal
XLS,sent_gaze_sacc_eeg_means,152,0,Normal
XLS,sent_gaze_sacc_eeg_means,153,0,Normal
XLS,sent_gaze_sacc_eeg_means,154,0,Normal
XLS,sent_gaze_sacc_eeg_means,155,0,Normal
XLS,sent_gaze_sacc_eeg_means,156,0,Normal
XLS,sent_gaze_sacc_eeg_means,157,0,Normal
XLS,sent_gaze_sacc_eeg_means,158,0,Normal
XLS,sent_gaze_sacc_eeg_means,159,0,Normal
XLS,sent_gaze_sacc_eeg_means,160,0,Normal
XLS,sent_gaze_sacc_eeg_means,161,0,Normal
XLS,sent_gaze_sacc_eeg_means,162,0,Normal
XLS,sent_gaze_sacc_eeg_means,163,0,Normal
XLS,sent_gaze_sacc_eeg_means,164,0,Normal
XLS,sent_gaze_sacc_eeg_means,165,0,Normal
XLS,sent_gaze_sacc_eeg_means,166,0,Normal
XLS,sent_gaze_sacc_eeg_means,167,0,Normal
XLS,sent_gaze_sacc_eeg_means,168,0,Normal
XLS,sent_gaze_sacc_eeg_means,169,0,Normal
XLS,sent_gaze_sacc_eeg_means,170,0,Normal
XLS,sent_gaze_sacc_eeg_means,171,0,Normal
XLS,sent_gaze_sacc_eeg_means,172,0,Normal
XLS,sent_gaze_sacc_eeg_means,173,0,Normal
XLS,sent_gaze_sacc_eeg_means,174,0,Normal
XLS,sent_gaze_sacc_eeg_means,175,0,Normal
XLS,sent_gaze_sacc_eeg_means,176,0,Normal
XLS,sent_gaze_sacc_eeg_means,177,0,Normal
XLS,sent_gaze_sacc_eeg_means,178,0,Normal
XLS,sent_gaze_sacc_eeg_means,179,0,Normal
XLS,sent_gaze_sacc_eeg_means,180,0,Normal
XLS,sent_gaze_sacc_eeg_means,181,0,Normal
XLS,sent_gaze_sacc_eeg_means,182,0,Normal
XLS,sent_gaze_sacc_eeg_means,183,0,Normal
XLS,sent_gaze_sacc_eeg_means,184,0,Normal
XLS,sent_gaze_sacc_eeg_means,185,0,Normal
XLS,sent_gaze_sacc_eeg_means,186,0,Normal
XLS,sent_gaze_sacc_eeg_means,187,0,Normal
XLS,sent_gaze_sacc_eeg_means,188,0,Normal
XLS,sent_gaze_sacc_eeg_means,189,0,Normal
XLS,sent_gaze_sacc_eeg_means,190,0,Normal
XLS,sent_gaze_sacc_eeg_means,191,0,Normal
XLS,sent_gaze_sacc_eeg_means,192,0,Normal
XLS,sent_gaze_sacc_eeg_means,193,0,Normal
XLS,sent_gaze_sacc_eeg_means,194,0,Normal
XLS,sent_gaze_sacc_eeg_means,195,0,Normal
XLS,sent_gaze_sacc_eeg_means,196,0,Normal
XLS,sent_gaze_sacc_eeg_means,197,0,Normal
XLS,sent_gaze_sacc_eeg_means,198,0,Normal
XLS,sent_gaze_sacc_eeg_means,199,0,Normal
XLS,sent_gaze_sacc_eeg_means,200,0,Normal
XLS,sent_gaze_sacc_eeg_means,201,0,Normal
XLS,sent_gaze_sacc_eeg_means,202,0,Normal
XLS,sent_gaze_sacc_eeg_means,203,0,Normal
XLS,sent_gaze_sacc_eeg_means,204,0,Normal
XLS,sent_gaze_sacc_eeg_means,205,0,Normal
XLS,sent_gaze_sacc_eeg_means,206,0,Normal
XLS,sent_gaze_sacc_eeg_means,207,0,Normal
XLS,sent_gaze_sacc_eeg_means,208,0,Normal
XLS,sent_gaze_sacc_eeg_means,209,0,Normal
XLS,sent_gaze_sacc_eeg_means,210,0,Normal
XLS,sent_gaze_sacc_eeg_means,211,0,Normal
XLS,sent_gaze_sacc_eeg_means,212,0,Normal
XLS,sent_gaze_sacc_eeg_means,213,0,Normal
XLS,sent_gaze_sacc_eeg_means,214,0,Normal
XLS,sent_gaze_sacc_eeg_means,215,0,Normal
XLS,sent_gaze_sacc_eeg_means,216,0,Normal
XLS,sent_gaze_sacc_eeg_means,217,0,Normal
XLS,sent_gaze_sacc_eeg_means,218,0,Normal
XLS,sent_gaze_sacc_eeg_means,219,0,Normal
XLS,sent_gaze_sacc_eeg_means,220,0,Normal
XLS,sent_gaze_sacc_eeg_means,221,0,Normal
XLS,sent_gaze_sacc_eeg_means,222,0,Normal
XLS,sent_gaze_sacc_eeg_means,223,0,Normal
XLS,sent_gaze_sacc_eeg_means,224,0,Normal
XLS,sent_gaze_sacc_eeg_means,225,0,Normal
XLS,sent_gaze_sacc_eeg_means,226,0,Normal
XLS,sent_gaze_sacc_eeg_means,227,0,Normal
XLS,sent_gaze_sacc_eeg_means,228,0,Normal
XLS,sent_gaze_sacc_eeg_means,229,0,Normal
XLS,sent_gaze_sacc_eeg_means,230,0,Normal
XLS,sent_gaze_sacc_eeg_means,231,0,Normal
XLS,sent_gaze_sacc_eeg_means,232,0,Normal
XLS,sent_gaze_sacc_eeg_means,233,0,Normal
XLS,sent_gaze_sacc_eeg_means,234,0,Normal
XLS,sent_gaze_sacc_eeg_means,235,0,Normal
XLS,sent_gaze_sacc_eeg_means,236,0,Normal
XLS,sent_gaze_sacc_eeg_means,237,0,Normal
XLS,sent_gaze_sacc_eeg_means,238,0,Normal
XLS,sent_gaze_sacc_eeg_means,239,0,Normal
XLS,sent_gaze_sacc_eeg_means,240,0,Normal
XLS,sent_gaze_sacc_eeg_means,241,0,Normal
XLS,sent_gaze_sacc_eeg_means,242,0,Normal
XLS,sent_gaze_sacc_eeg_means,243,0,Normal
XLS,sent_gaze_sacc_eeg_means,244,0,Normal
XLS,sent_gaze_sacc_eeg_means,245,0,Normal
XLS,sent_gaze_sacc_eeg_means,246,0,Normal
XLS,sent_gaze_sacc_eeg_means,247,0,Normal
XLS,sent_gaze_sacc_eeg_means,248,0,Normal
XLS,sent_gaze_sacc_eeg_means,249,0,Normal
XLS,sent_gaze_sacc_eeg_means,250,0,Normal
XLS,sent_gaze_sacc_eeg_means,251,0,Normal
XLS,sent_gaze_sacc_eeg_means,252,0,Normal
XLS,sent_gaze_sacc_eeg_means,253,0,Normal
XLS,sent_gaze_sacc_eeg_means,254,0,Normal
XLS,sent_gaze_sacc_eeg_means,255,0,Normal
XLS,sent_gaze_sacc_eeg_means,256,0,Normal
XLS,sent_gaze_sacc_eeg_means,257,0,Normal
XLS,sent_gaze_sacc_eeg_means,258,0,Normal
XLS,sent_gaze_sacc_eeg_means,259,0,Normal
XLS,sent_gaze_sacc_eeg_means,260,0,Normal
XLS,sent_gaze_sacc_eeg_means,261,0,Normal
XLS,sent_gaze_sacc_eeg_means,262,0,Normal
XLS,sent_gaze_sacc_eeg_means,263,0,Normal
XLS,sent_gaze_sacc_eeg_means,264,0,Normal
XLS,sent_gaze_sacc_eeg_means,265,0,Normal
XLS,sent_gaze_sacc_eeg_means,266,0,Normal
XLS,sent_gaze_sacc_eeg_means,267,0,Normal
XLS,sent_gaze_sacc_eeg_means,268,0,Normal
XLS,sent_gaze_sacc_eeg_means,269,0,Normal
XLS,sent_gaze_sacc_eeg_means,270,0,Normal
XLS,sent_gaze_sacc_eeg_means,271,0,Normal
XLS,sent_gaze_sacc_eeg_means,272,0,Normal
XLS,sent_gaze_sacc_eeg_means,273,0,Normal
XLS,sent_gaze_sacc_eeg_means,274,0,Normal
XLS,sent_gaze_sacc_eeg_means,275,0,Normal
XLS,sent_gaze_sacc_eeg_means,276,0,Normal
XLS,sent_gaze_sacc_eeg_means,277,0,Normal
XLS,sent_gaze_sacc_eeg_means,278,0,Normal
XLS,sent_gaze_sacc_eeg_means,279,0,Normal
XLS,sent_gaze_sacc_eeg_means,280,0,Normal
XLS,sent_gaze_sacc_eeg_means,281,0,Normal
XLS,sent_gaze_sacc_eeg_means,282,0,Normal
XLS,sent_gaze_sacc_eeg_means,283,0,Normal
XLS,sent_gaze_sacc_eeg_means,284,0,Normal
XLS,sent_gaze_sacc_eeg_means,285,0,Normal
XLS,sent_gaze_sacc_eeg_means,286,0,Normal
XLS,sent_gaze_sacc_eeg_means,287,0,Normal
XLS,sent_gaze_sacc_eeg_means,288,0,Normal
XLS,sent_gaze_sacc_eeg_means,289,0,Normal
XLS,sent_gaze_sacc_eeg_means,290,0,Normal
XLS,sent_gaze_sacc_eeg_means,291,0,Normal
XLS,sent_gaze_sacc_eeg_means,292,0,Normal
XLS,sent_gaze_sacc_eeg_means,293,0,Normal
XLS,sent_gaze_sacc_eeg_means,294,0,Normal
XLS,sent_gaze_sacc_eeg_means,295,0,Normal
XLS,sent_gaze_sacc_eeg_means,296,0,Normal
XLS,sent_gaze_sacc_eeg_means,297,0,Normal
XLS,sent_gaze_sacc_eeg_means,298,0,Normal
XLS,sent_gaze_sacc_eeg_means,299,0,Normal
XLS,sent_gaze_sacc_eeg_means,300,0,Normal
XLS,sent_gaze_sacc_eeg_means,301,0,Normal
XLS,sent_gaze_sacc_eeg_means,302,0,Normal
XLS,sent_gaze_sacc_eeg_means,303,0,Normal
XLS,sent_gaze_sacc_eeg_means,304,0,Normal
XLS,sent_gaze_sacc_eeg_means,305,0,Normal
XLS,sent_gaze_sacc_eeg_means,306,0,Normal
XLS,sent_gaze_sacc_eeg_means,307,0,Normal
XLS,sent_gaze_sacc_eeg_means,308,0,Normal
XLS,sent_gaze_sacc_eeg_means,309,0,Normal
XLS,sent_gaze_sacc_eeg_means,310,0,Normal
XLS,sent_gaze_sacc_eeg_means,311,0,Normal
XLS,sent_gaze_sacc_eeg_means,312,0,Normal
XLS,sent_gaze_sacc_eeg_means,313,0,Normal
XLS,sent_gaze_sacc_eeg_means,314,0,Normal
XLS,sent_gaze_sacc_eeg_means,315,0,Normal
XLS,sent_gaze_sacc_eeg_means,316,0,Normal
XLS,sent_gaze_sacc_eeg_means,317,0,Normal
XLS,sent_gaze_sacc_eeg_means,318,0,Normal
XLS,sent_gaze_sacc_eeg_means,319,0,Normal
XLS,sent_gaze_sacc_eeg_means,320,0,Normal
XLS,sent_gaze_sacc_eeg_means,321,0,Normal
XLS,sent_gaze_sacc_eeg_means,322,0,Normal
XLS,sent_gaze_sacc_eeg_means,323,0,Normal
XLS,sent_gaze_sacc_eeg_means,324,0,Normal
XLS,sent_gaze_sacc_eeg_means,325,0,Normal
XLS,sent_gaze_sacc_eeg_means,326,0,Normal
XLS,sent_gaze_sacc_eeg_means,327,0,Normal
XLS,sent_gaze_sacc_eeg_means,328,0,Normal
XLS,sent_gaze_sacc_eeg_means,329,0,Normal
XLS,sent_gaze_sacc_eeg_means,330,0,Normal
XLS,sent_gaze_sacc_eeg_means,331,0,Normal
XLS,sent_gaze_sacc_eeg_means,332,0,Normal
XLS,sent_gaze_sacc_eeg_means,333,0,Normal
XLS,sent_gaze_sacc_eeg_means,334,0,Normal
XLS,sent_gaze_sacc_eeg_means,335,0,Normal
XLS,sent_gaze_sacc_eeg_means,336,0,Normal
XLS,sent_gaze_sacc_eeg_means,337,0,Normal
XLS,sent_gaze_sacc_eeg_means,338,0,Normal
XLS,sent_gaze_sacc_eeg_means,339,0,Normal
XLS,sent_gaze_sacc_eeg_means,340,0,Normal
XLS,sent_gaze_sacc_eeg_means,341,0,Normal
XLS,sent_gaze_sacc_eeg_means,342,0,Normal
XLS,sent_gaze_sacc_eeg_means,343,0,Normal
XLS,sent_gaze_sacc_eeg_means,344,0,Normal
XLS,sent_gaze_sacc_eeg_means,345,0,Normal
XLS,sent_gaze_sacc_eeg_means,346,0,Normal
XLS,sent_gaze_sacc_eeg_means,347,0,Normal
XLS,sent_gaze_sacc_eeg_means,348,0,Normal
XLS,sent_gaze_sacc_eeg_means,349,0,Normal
XLS,sent_gaze_sacc_eeg_means,350,0,Normal
XLS,sent_gaze_sacc_eeg_means,351,0,Normal
XLS,sent_gaze_sacc_eeg_means,352,0,Normal
XLS,sent_gaze_sacc_eeg_means,353,0,Normal
XLS,sent_gaze_sacc_eeg_means,354,0,Normal
XLS,sent_gaze_sacc_eeg_means,355,0,Normal
XLS,sent_gaze_sacc_eeg_means,356,0,Normal
XLS,sent_gaze_sacc_eeg_means,357,0,Normal
XLS,sent_gaze_sacc_eeg_means,358,0,Normal
XLS,sent_gaze_sacc_eeg_means,359,0,Normal
XLS,sent_gaze_sacc_eeg_means,360,0,Normal
XLS,sent_gaze_sacc_eeg_means,361,0,Normal
XLS,sent_gaze_sacc_eeg_means,362,0,Normal
XLS,sent_gaze_sacc_eeg_means,363,0,Normal
XLS,sent_gaze_sacc_eeg_means,364,0,Normal
XLS,sent_gaze_sacc_eeg_means,365,0,Normal
XLS,sent_gaze_sacc_eeg_means,366,0,Normal
XLS,sent_gaze_sacc_eeg_means,367,0,Normal
XLS,sent_gaze_sacc_eeg_means,368,0,Normal
XLS,sent_gaze_sacc_eeg_means,369,0,Normal
XLS,sent_gaze_sacc_eeg_means,370,0,Normal
XLS,sent_gaze_sacc_eeg_means,371,0,Normal
XLS,sent_gaze_sacc_eeg_means,372,0,Normal
XLS,sent_gaze_sacc_eeg_means,373,0,Normal
XLS,sent_gaze_sacc_eeg_means,374,0,Normal
XLS,sent_gaze_sacc_eeg_means,375,0,Normal
XLS,sent_gaze_sacc_eeg_means,376,0,Normal
XLS,sent_gaze_sacc_eeg_means,377,0,Normal
XLS,sent_gaze_sacc_eeg_means,378,0,Normal
XLS,sent_gaze_sacc_eeg_means,379,0,Normal
XLS,sent_gaze_sacc_eeg_means,380,0,Normal
XLS,sent_gaze_sacc_eeg_means,381,0,Normal
XLS,sent_gaze_sacc_eeg_means,382,0,Normal
XLS,sent_gaze_sacc_eeg_means,383,0,Normal
XLS,sent_gaze_sacc_eeg_means,384,0,Normal
XLS,sent_gaze_sacc_eeg_means,385,0,Normal
XLS,sent_gaze_sacc_eeg_means,386,0,Normal
XLS,sent_gaze_sacc_eeg_means,387,0,Normal
XLS,sent_gaze_sacc_eeg_means,388,0,Normal
XLS,sent_gaze_sacc_eeg_means,389,0,Normal
XLS,sent_gaze_sacc_eeg_means,390,0,Normal
XLS,sent_gaze_sacc_eeg_means,391,0,Normal
XLS,sent_gaze_sacc_eeg_means,392,0,Normal
XLS,sent_gaze_sacc_eeg_means,393,0,Normal
XLS,sent_gaze_sacc_eeg_means,394,0,Normal
XLS,sent_gaze_sacc_eeg_means,395,0,Normal
XLS,sent_gaze_sacc_eeg_means,396,0,Normal
XLS,sent_gaze_sacc_eeg_means,397,0,Normal
XLS,sent_gaze_sacc_eeg_means,398,0,Normal
XLS,sent_gaze_sacc_eeg_means,399,0,Normal
XLS,sent_gaze_sacc_eeg_means,400,0,Normal
XLS,sent_gaze_sacc_eeg_means,401,0,Normal
XLS,sent_gaze_sacc_eeg_means,402,0,Normal
XLS,sent_gaze_sacc_eeg_means,403,0,Normal
XLS,sent_gaze_sacc_eeg_means,404,0,Normal
XLS,sent_gaze_sacc_eeg_means,405,0,Normal
XLS,sent_gaze_sacc_eeg_means,406,0,Normal
XLS,sent_gaze_sacc_eeg_means,407,0,Normal
XLS,sent_gaze_sacc_eeg_means,408,0,Normal
XLS,sent_gaze_sacc_eeg_means,409,0,Normal
XLS,sent_gaze_sacc_eeg_means,410,0,Normal
XLS,sent_gaze_sacc_eeg_means,411,0,Normal
XLS,sent_gaze_sacc_eeg_means,412,0,Normal
XLS,sent_gaze_sacc_eeg_means,413,0,Normal
XLS,sent_gaze_sacc_eeg_means,414,0,Normal
XLS,sent_gaze_sacc_eeg_means,415,0,Normal
XLS,sent_gaze_sacc_eeg_means,416,0,Normal
XLS,sent_gaze_sacc_eeg_means,417,0,Normal
XLS,sent_gaze_sacc_eeg_means,418,0,Normal
XLS,sent_gaze_sacc_eeg_means,419,0,Normal
XLS,sent_gaze_sacc_eeg_means,420,0,Normal
XLS,sent_gaze_sacc_eeg_means,421,0,Normal
XLS,sent_gaze_sacc_eeg_means,422,0,Normal
XLS,sent_gaze_sacc_eeg_means,423,0,Normal
XLS,sent_gaze_sacc_eeg_means,424,0,Normal
XLS,sent_gaze_sacc_eeg_means,425,0,Normal
XLS,sent_gaze_sacc_eeg_means,426,0,Normal
XLS,sent_gaze_sacc_eeg_means,427,0,Normal
XLS,sent_gaze_sacc_eeg_means,428,0,Normal
XLS,sent_gaze_sacc_eeg_means,429,0,Normal
XLS,sent_gaze_sacc_eeg_means,430,0,Normal
XLS,sent_gaze_sacc_eeg_means,431,0,Normal
XLS,sent_gaze_sacc_eeg_means,432,0,Normal
XLS,sent_gaze_sacc_eeg_means,433,0,Normal
XLS,sent_gaze_sacc_eeg_means,434,0,Normal
XLS,sent_gaze_sacc_eeg_means,435,0,Normal
XLS,sent_gaze_sacc_eeg_means,436,0,Normal
XLS,sent_gaze_sacc_eeg_means,437,0,Normal
XLS,sent_gaze_sacc_eeg_means,438,0,Normal
XLS,sent_gaze_sacc_eeg_means,439,0,Normal
XLS,sent_gaze_sacc_eeg_means,440,0,Normal
XLS,sent_gaze_sacc_eeg_means,441,0,Normal
XLS,sent_gaze_sacc_eeg_means,442,0,Normal
XLS,sent_gaze_sacc_eeg_means,443,0,Normal
XLS,sent_gaze_sacc_eeg_means,444,0,Normal
XLS,sent_gaze_sacc_eeg_means,445,0,Normal
XLS,sent_gaze_sacc_eeg_means,446,0,Normal
XLS,sent_gaze_sacc_eeg_means,447,0,Normal
XLS,sent_gaze_sacc_eeg_means,448,0,Normal
XLS,sent_gaze_sacc_eeg_means,449,0,Normal
XLS,sent_gaze_sacc_eeg_means,450,0,Normal
XLS,sent_gaze_sacc_eeg_means,451,0,Normal
XLS,sent_gaze_sacc_eeg_means,452,0,Normal
XLS,sent_gaze_sacc_eeg_means,453,0,Normal
XLS,sent_gaze_sacc_eeg_means,454,0,Normal
XLS,sent_gaze_sacc_eeg_means,455,0,Normal
XLS,sent_gaze_sacc_eeg_means,456,0,Normal
XLS,sent_gaze_sacc_eeg_means,457,0,Normal
XLS,sent_gaze_sacc_eeg_means,458,0,Normal
XLS,sent_gaze_sacc_eeg_means,459,0,Normal
XLS,sent_gaze_sacc_eeg_means,460,0,Normal
XLS,sent_gaze_sacc_eeg_means,461,0,Normal
XLS,sent_gaze_sacc_eeg_means,462,0,Normal
XLS,sent_gaze_sacc_eeg_means,463,0,Normal
XLS,sent_gaze_sacc_eeg_means,464,0,Normal
XLS,sent_gaze_sacc_eeg_means,465,0,Normal
XLS,sent_gaze_sacc_eeg_means,466,0,Normal
XLS,sent_gaze_sacc_eeg_means,467,0,Normal
XLS,sent_gaze_sacc_eeg_means,468,0,Normal
XLS,sent_gaze_sacc_eeg_means,469,0,Normal
XLS,sent_gaze_sacc_eeg_means,470,0,Normal
XLS,sent_gaze_sacc_eeg_means,471,0,Normal
XLS,sent_gaze_sacc_eeg_means,472,0,Normal
XLS,sent_gaze_sacc_eeg_means,473,0,Normal
XLS,sent_gaze_sacc_eeg_means,474,0,Normal
XLS,sent_gaze_sacc_eeg_means,475,0,Normal
XLS,sent_gaze_sacc_eeg_means,476,0,Normal
XLS,sent_gaze_sacc_eeg_means,477,0,Normal
XLS,sent_gaze_sacc_eeg_means,478,0,Normal
XLS,sent_gaze_sacc_eeg_means,479,0,Normal
XLS,sent_gaze_sacc_eeg_means,480,0,Normal
XLS,sent_gaze_sacc_eeg_means,481,0,Normal
XLS,sent_gaze_sacc_eeg_means,482,0,Normal
XLS,sent_gaze_sacc_eeg_means,483,0,Normal
XLS,sent_gaze_sacc_eeg_means,484,0,Normal
XLS,sent_gaze_sacc_eeg_means,485,0,Normal
XLS,sent_gaze_sacc_eeg_means,486,0,Normal
XLS,sent_gaze_sacc_eeg_means,487,0,Normal
XLS,sent_gaze_sacc_eeg_means,488,0,Normal
XLS,sent_gaze_sacc_eeg_means,489,0,Normal
XLS,sent_gaze_sacc_eeg_means,490,0,Normal
XLS,sent_gaze_sacc_eeg_means,491,0,Normal
XLS,sent_gaze_sacc_eeg_means,492,0,Normal
XLS,sent_gaze_sacc_eeg_means,493,0,Normal
XLS,sent_gaze_sacc_eeg_means,494,0,Normal
XLS,sent_gaze_sacc_eeg_means,495,0,Normal
XLS,sent_gaze_sacc_eeg_means,496,0,Normal
XLS,sent_gaze_sacc_eeg_means,497,0,Normal
XLS,sent_gaze_sacc_eeg_means,498,0,Normal
XLS,sent_gaze_sacc_eeg_means,499,0,Normal
XLS,sent_gaze_sacc_eeg_means,500,0,Normal
XLS,sent_gaze_sacc_eeg_means,501,0,Normal
XLS,sent_gaze_sacc_eeg_means,502,0,Normal
XLS,sent_gaze_sacc_eeg_means,503,0,Normal
XLS,sent_gaze_sacc_eeg_means,504,0,Normal
XLS,sent_gaze_sacc_eeg_means,505,0,Normal
XLS,sent_gaze_sacc_eeg_means,506,0,Normal
XLS,sent_gaze_sacc_eeg_means,507,0,Normal
XLS,sent_gaze_sacc_eeg_means,508,0,Normal
XLS,sent_gaze_sacc_eeg_means,509,0,Normal
XLS,sent_gaze_sacc_eeg_means,510,0,Normal
XLS,sent_gaze_sacc_eeg_means,511,0,Normal
XLS,sent_gaze_sacc_eeg_means,512,0,Normal
XLS,sent_gaze_sacc_eeg_means,513,0,Normal
XLS,sent_gaze_sacc_eeg_means,514,0,Normal
XLS,sent_gaze_sacc_eeg_means,515,0,Normal
XLS,sent_gaze_sacc_eeg_means,516,0,Normal
XLS,sent_gaze_sacc_eeg_means,517,0,Normal
XLS,sent_gaze_sacc_eeg_means,518,0,Normal
XLS,sent_gaze_sacc_eeg_means,519,0,Normal
XLS,sent_gaze_sacc_eeg_means,520,0,Normal
XLS,sent_gaze_sacc_eeg_means,521,0,Normal
XLS,sent_gaze_sacc_eeg_means,522,0,Normal
XLS,sent_gaze_sacc_eeg_means,523,0,Normal
XLS,sent_gaze_sacc_eeg_means,524,0,Normal
XLS,sent_gaze_sacc_eeg_means,525,0,Normal
XLS,sent_gaze_sacc_eeg_means,526,0,Normal
XLS,sent_gaze_sacc_eeg_means,527,0,Normal
XLS,sent_gaze_sacc_eeg_means,528,0,Normal
XLS,sent_gaze_sacc_eeg_means,529,0,Normal
XLS,sent_gaze_sacc_eeg_means,530,0,Normal
XLS,sent_gaze_sacc_eeg_means,531,0,Normal
XLS,sent_gaze_sacc_eeg_means,532,0,Normal
XLS,sent_gaze_sacc_eeg_means,533,0,Normal
XLS,sent_gaze_sacc_eeg_means,534,0,Normal
XLS,sent_gaze_sacc_eeg_means,535,0,Normal
XLS,sent_gaze_sacc_eeg_means,536,0,Normal
XLS,sent_gaze_sacc_eeg_means,537,0,Normal
XLS,sent_gaze_sacc_eeg_means,538,0,Normal
XLS,sent_gaze_sacc_eeg_means,539,0,Normal
XLS,sent_gaze_sacc_eeg_means,540,0,Normal
XLS,sent_gaze_sacc_eeg_means,541,0,Normal
XLS,sent_gaze_sacc_eeg_means,542,0,Normal
XLS,sent_gaze_sacc_eeg_means,543,0,Normal
XLS,sent_gaze_sacc_eeg_means,544,0,Normal
XLS,sent_gaze_sacc_eeg_means,545,0,Normal
XLS,sent_gaze_sacc_eeg_means,546,0,Normal
XLS,sent_gaze_sacc_eeg_means,547,0,Normal
XLS,sent_gaze_sacc_eeg_means,548,0,Normal
XLS,sent_gaze_sacc_eeg_means,549,0,Normal
XLS,sent_gaze_sacc_eeg_means,550,0,Normal
XLS,sent_gaze_sacc_eeg_means,551,0,Normal
XLS,sent_gaze_sacc_eeg_means,552,0,Normal
XLS,sent_gaze_sacc_eeg_means,553,0,Normal
XLS,sent_gaze_sacc_eeg_means,554,0,Normal
XLS,sent_gaze_sacc_eeg_means,555,0,Normal
XLS,sent_gaze_sacc_eeg_means,556,0,Normal
XLS,sent_gaze_sacc_eeg_means,557,0,Normal
XLS,sent_gaze_sacc_eeg_means,558,0,Normal
XLS,sent_gaze_sacc_eeg_means,559,0,Normal
XLS,sent_gaze_sacc_eeg_means,560,0,Normal
XLS,sent_gaze_sacc_eeg_means,561,0,Normal
XLS,sent_gaze_sacc_eeg_means,562,0,Normal
XLS,sent_gaze_sacc_eeg_means,563,0,Normal
XLS,sent_gaze_sacc_eeg_means,564,0,Normal
XLS,sent_gaze_sacc_eeg_means,565,0,Normal
XLS,sent_gaze_sacc_eeg_means,566,0,Normal
XLS,sent_gaze_sacc_eeg_means,567,0,Normal
XLS,sent_gaze_sacc_eeg_means,568,0,Normal
XLS,sent_gaze_sacc_eeg_means,569,0,Normal
XLS,sent_gaze_sacc_eeg_means,570,0,Normal
XLS,sent_gaze_sacc_eeg_means,571,0,Normal
XLS,sent_gaze_sacc_eeg_means,572,0,Normal
XLS,sent_gaze_sacc_eeg_means,573,0,Normal
XLS,sent_gaze_sacc_eeg_means,574,0,Normal
XLS,sent_gaze_sacc_eeg_means,575,0,Normal
XLS,sent_gaze_sacc_eeg_means,576,0,Normal
XLS,sent_gaze_sacc_eeg_means,577,0,Normal
XLS,sent_gaze_sacc_eeg_means,578,0,Normal
XLS,sent_gaze_sacc_eeg_means,579,0,Normal
XLS,sent_gaze_sacc_eeg_means,580,0,Normal
XLS,sent_gaze_sacc_eeg_means,581,0,Normal
XLS,sent_gaze_sacc_eeg_means,582,0,Normal
XLS,sent_gaze_sacc_eeg_means,583,0,Normal
XLS,sent_gaze_sacc_eeg_means,584,0,Normal
XLS,sent_gaze_sacc_eeg_means,585,0,Normal
XLS,sent_gaze_sacc_eeg_means,586,0,Normal
XLS,sent_gaze_sacc_eeg_means,587,0,Normal
XLS,sent_gaze_sacc_eeg_means,588,0,Normal
XLS,sent_gaze_sacc_eeg_means,589,0,Normal
XLS,sent_gaze_sacc_eeg_means,590,0,Normal
XLS,sent_gaze_sacc_eeg_means,591,0,Normal
XLS,sent_gaze_sacc_eeg_means,592,0,Normal
XLS,sent_gaze_sacc_eeg_means,593,0,Normal
XLS,sent_gaze_sacc_eeg_means,594,0,Normal
XLS,sent_gaze_sacc_eeg_means,595,0,Normal
XLS,sent_gaze_sacc_eeg_means,596,0,Normal
XLS,sent_gaze_sacc_eeg_means,597,0,Normal
XLS,sent_gaze_sacc_eeg_means,598,0,Normal
XLS,sent_gaze_sacc_eeg_means,599,0,Normal
XLS,sent_gaze_sacc_eeg_means,600,0,Normal
XLS,sent_gaze_sacc_eeg_means,601,0,Normal
XLS,sent_gaze_sacc_eeg_means,602,0,Normal
XLS,sent_gaze_sacc_eeg_means,603,0,Normal
XLS,sent_gaze_sacc_eeg_means,604,0,Normal
XLS,sent_gaze_sacc_eeg_means,605,0,Normal
XLS,sent_gaze_sacc_eeg_means,606,0,Normal
XLS,sent_gaze_sacc_eeg_means,607,0,Normal
XLS,sent_gaze_sacc_eeg_means,608,0,Normal
XLS,sent_gaze_sacc_eeg_means,609,0,Normal
XLS,sent_gaze_sacc_eeg_means,610,0,Normal
XLS,sent_gaze_sacc_eeg_means,611,0,Normal
XLS,sent_gaze_sacc_eeg_means,612,0,Normal
XLS,sent_gaze_sacc_eeg_means,613,0,Normal
XLS,sent_gaze_sacc_eeg_means,614,0,Normal
XLS,sent_gaze_sacc_eeg_means,615,0,Normal
XLS,sent_gaze_sacc_eeg_means,616,0,Normal
XLS,sent_gaze_sacc_eeg_means,617,0,Normal
XLS,sent_gaze_sacc_eeg_means,618,0,Normal
XLS,sent_gaze_sacc_eeg_means,619,0,Normal
XLS,sent_gaze_sacc_eeg_means,620,0,Normal
XLS,sent_gaze_sacc_eeg_means,621,0,Normal
XLS,sent_gaze_sacc_eeg_means,622,0,Normal
XLS,sent_gaze_sacc_eeg_means,623,0,Normal
XLS,sent_gaze_sacc_eeg_means,624,0,Normal
XLS,sent_gaze_sacc_eeg_means,625,0,Normal
XLS,sent_gaze_sacc_eeg_means,626,0,Normal
XLS,sent_gaze_sacc_eeg_means,627,0,Normal
XLS,sent_gaze_sacc_eeg_means,628,0,Normal
XLS,sent_gaze_sacc_eeg_means,629,0,Normal
XLS,sent_gaze_sacc_eeg_means,630,0,Normal
XLS,sent_gaze_sacc_eeg_means,631,0,Normal
XLS,sent_gaze_sacc_eeg_means,632,0,Normal
XLS,sent_gaze_sacc_eeg_means,633,0,Normal
XLS,sent_gaze_sacc_eeg_means,634,0,Normal
XLS,sent_gaze_sacc_eeg_means,635,0,Normal
XLS,sent_gaze_sacc_eeg_means,636,0,Normal
XLS,sent_gaze_sacc_eeg_means,637,0,Normal
XLS,sent_gaze_sacc_eeg_means,638,0,Normal
XLS,sent_gaze_sacc_eeg_means,639,0,Normal
XLS,sent_gaze_sacc_eeg_means,640,0,Normal
XLS,sent_gaze_sacc_eeg_means,641,0,Normal
XLS,sent_gaze_sacc_eeg_means,642,0,Normal
XLS,sent_gaze_sacc_eeg_means,643,0,Normal
XLS,sent_gaze_sacc_eeg_means,644,0,Normal
XLS,sent_gaze_sacc_eeg_means,645,0,Normal
XLS,sent_gaze_sacc_eeg_means,646,0,Normal
XLS,sent_gaze_sacc_eeg_means,647,0,Normal
XLS,sent_gaze_sacc_eeg_means,648,0,Normal
XLS,sent_gaze_sacc_eeg_means,649,0,Normal
XLS,sent_gaze_sacc_eeg_means,650,0,Normal
XLS,sent_gaze_sacc_eeg_means,651,0,Normal
XLS,sent_gaze_sacc_eeg_means,652,0,Normal
XLS,sent_gaze_sacc_eeg_means,653,0,Normal
XLS,sent_gaze_sacc_eeg_means,654,0,Normal
XLS,sent_gaze_sacc_eeg_means,655,0,Normal
XLS,sent_gaze_sacc_eeg_means,656,0,Normal
XLS,sent_gaze_sacc_eeg_means,657,0,Normal
XLS,sent_gaze_sacc_eeg_means,658,0,Normal
XLS,sent_gaze_sacc_eeg_means,659,0,Normal
XLS,sent_gaze_sacc_eeg_means,660,0,Normal
XLS,sent_gaze_sacc_eeg_means,661,0,Normal
XLS,sent_gaze_sacc_eeg_means,662,0,Normal
XLS,sent_gaze_sacc_eeg_means,663,0,Normal
XLS,sent_gaze_sacc_eeg_means,664,0,Normal
XLS,sent_gaze_sacc_eeg_means,665,0,Normal
XLS,sent_gaze_sacc_eeg_means,666,0,Normal
XLS,sent_gaze_sacc_eeg_means,667,0,Normal
XLS,sent_gaze_sacc_eeg_means,668,0,Normal
XLS,sent_gaze_sacc_eeg_means,669,0,Normal
XLS,sent_gaze_sacc_eeg_means,670,0,Normal
XLS,sent_gaze_sacc_eeg_means,671,0,Normal
XLS,sent_gaze_sacc_eeg_means,672,0,Normal
XLS,sent_gaze_sacc_eeg_means,673,0,Normal
XLS,sent_gaze_sacc_eeg_means,674,0,Normal
XLS,sent_gaze_sacc_eeg_means,675,0,Normal
XLS,sent_gaze_sacc_eeg_means,676,0,Normal
XLS,sent_gaze_sacc_eeg_means,677,0,Normal
XLS,sent_gaze_sacc_eeg_means,678,0,Normal
XLS,sent_gaze_sacc_eeg_means,679,0,Normal
XLS,sent_gaze_sacc_eeg_means,680,0,Normal
XLS,sent_gaze_sacc_eeg_means,681,0,Normal
XLS,sent_gaze_sacc_eeg_means,682,0,Normal
XLS,sent_gaze_sacc_eeg_means,683,0,Normal
XLS,sent_gaze_sacc_eeg_means,684,0,Normal
XLS,sent_gaze_sacc_eeg_means,685,0,Normal
XLS,sent_gaze_sacc_eeg_means,686,0,Normal
XLS,sent_gaze_sacc_eeg_means,687,0,Normal
XLS,sent_gaze_sacc_eeg_means,688,0,Normal
XLS,sent_gaze_sacc_eeg_means,689,0,Normal
XLS,sent_gaze_sacc_eeg_means,690,0,Normal
XLS,sent_gaze_sacc_eeg_means,691,0,Normal
XLS,sent_gaze_sacc_eeg_means,692,0,Normal
XLS,sent_gaze_sacc_eeg_means,693,0,Normal
XLS,sent_gaze_sacc_eeg_means,694,0,Normal
XLS,sent_gaze_sacc_eeg_means,695,0,Normal
XLS,sent_gaze_sacc_eeg_means,696,0,Normal
XLS,sent_gaze_sacc_eeg_means,697,0,Normal
XLS,sent_gaze_sacc_eeg_means,698,0,Normal
XLS,sent_gaze_sacc_eeg_means,699,0,Normal
XLS,sent_gaze_sacc_eeg_means,700,0,Normal
XLS,sent_gaze_sacc_eeg_means,701,0,Normal
XLS,sent_gaze_sacc_eeg_means,702,0,Normal
XLS,sent_gaze_sacc_eeg_means,703,0,Normal
XLS,sent_gaze_sacc_eeg_means,704,0,Normal
XLS,sent_gaze_sacc_eeg_means,705,0,Normal
XLS,sent_gaze_sacc_eeg_means,706,0,Normal
XLS,sent_gaze_sacc_eeg_means,707,0,Normal
XLS,sent_gaze_sacc_eeg_means,708,0,Normal
XLS,sent_gaze_sacc_eeg_means,709,0,Normal
XLS,sent_gaze_sacc_eeg_means,710,0,Normal
XLS,sent_gaze_sacc_eeg_means,711,0,Normal
XLS,sent_gaze_sacc_eeg_means,712,0,Normal
XLS,sent_gaze_sacc_eeg_means,713,0,Normal
XLS,sent_gaze_sacc_eeg_means,714,0,Normal
XLS,sent_gaze_sacc_eeg_means,715,0,Normal
XLS,sent_gaze_sacc_eeg_means,716,0,Normal
XLS,sent_gaze_sacc_eeg_means,717,0,Normal
XLS,sent_gaze_sacc_eeg_means,718,0,Normal
XLS,sent_gaze_sacc_eeg_means,719,0,Normal
XLS,sent_gaze_sacc_eeg_means,720,0,Normal
XLS,sent_gaze_sacc_eeg_means,721,0,Normal
XLS,sent_gaze_sacc_eeg_means,722,0,Normal
XLS,sent_gaze_sacc_eeg_means,723,0,Normal
XLS,sent_gaze_sacc_eeg_means,724,0,Normal
XLS,sent_gaze_sacc_eeg_means,725,0,Normal
XLS,sent_gaze_sacc_eeg_means,726,0,Normal
XLS,sent_gaze_sacc_eeg_means,727,0,Normal
XLS,sent_gaze_sacc_eeg_means,728,0,Normal
XLS,sent_gaze_sacc_eeg_means,729,0,Normal
XLS,sent_gaze_sacc_eeg_means,730,0,Normal
XLS,sent_gaze_sacc_eeg_means,731,0,Normal
XLS,sent_gaze_sacc_eeg_means,732,0,Normal
XLS,sent_gaze_sacc_eeg_means,733,0,Normal
XLS,sent_gaze_sacc_eeg_means,734,0,Normal
XLS,sent_gaze_sacc_eeg_means,735,0,Normal
XLS,sent_gaze_sacc_eeg_means,736,0,Normal
XLS,sent_gaze_sacc_eeg_means,737,0,Normal
XLS,sent_gaze_sacc_eeg_means,738,0,Normal
XPB,sent_gaze_sacc_eeg_means,0,0,Normal
XPB,sent_gaze_sacc_eeg_means,1,0,Normal
XPB,sent_gaze_sacc_eeg_means,2,0,Normal
XPB,sent_gaze_sacc_eeg_means,3,0,Normal
XPB,sent_gaze_sacc_eeg_means,4,0,Normal
XPB,sent_gaze_sacc_eeg_means,5,0,Normal
XPB,sent_gaze_sacc_eeg_means,6,0,Normal
XPB,sent_gaze_sacc_eeg_means,7,0,Normal
XPB,sent_gaze_sacc_eeg_means,8,0,Normal
XPB,sent_gaze_sacc_eeg_means,9,0,Normal
XPB,sent_gaze_sacc_eeg_means,10,0,Normal
XPB,sent_gaze_sacc_eeg_means,11,0,Normal
XPB,sent_gaze_sacc_eeg_means,12,0,Normal
XPB,sent_gaze_sacc_eeg_means,13,0,Normal
XPB,sent_gaze_sacc_eeg_means,14,0,Normal
XPB,sent_gaze_sacc_eeg_means,15,0,Normal
XPB,sent_gaze_sacc_eeg_means,16,0,Normal
XPB,sent_gaze_sacc_eeg_means,17,0,Normal
XPB,sent_gaze_sacc_eeg_means,18,0,Normal
XPB,sent_gaze_sacc_eeg_means,19,0,Normal
XPB,sent_gaze_sacc_eeg_means,20,0,Normal
XPB,sent_gaze_sacc_eeg_means,21,0,Normal
XPB,sent_gaze_sacc_eeg_means,22,0,Normal
XPB,sent_gaze_sacc_eeg_means,23,0,Normal
XPB,sent_gaze_sacc_eeg_means,24,0,Normal
XPB,sent_gaze_sacc_eeg_means,25,0,Normal
XPB,sent_gaze_sacc_eeg_means,26,0,Normal
XPB,sent_gaze_sacc_eeg_means,27,0,Normal
XPB,sent_gaze_sacc_eeg_means,28,0,Normal
XPB,sent_gaze_sacc_eeg_means,29,0,Normal
XPB,sent_gaze_sacc_eeg_means,30,0,Normal
XPB,sent_gaze_sacc_eeg_means,31,0,Normal
XPB,sent_gaze_sacc_eeg_means,32,0,Normal
XPB,sent_gaze_sacc_eeg_means,33,0,Normal
XPB,sent_gaze_sacc_eeg_means,34,0,Normal
XPB,sent_gaze_sacc_eeg_means,35,0,Normal
XPB,sent_gaze_sacc_eeg_means,36,0,Normal
XPB,sent_gaze_sacc_eeg_means,37,0,Normal
XPB,sent_gaze_sacc_eeg_means,38,0,Normal
XPB,sent_gaze_sacc_eeg_means,39,0,Normal
XPB,sent_gaze_sacc_eeg_means,40,0,Normal
XPB,sent_gaze_sacc_eeg_means,41,0,Normal
XPB,sent_gaze_sacc_eeg_means,42,0,Normal
XPB,sent_gaze_sacc_eeg_means,43,0,Normal
XPB,sent_gaze_sacc_eeg_means,44,0,Normal
XPB,sent_gaze_sacc_eeg_means,45,0,Normal
XPB,sent_gaze_sacc_eeg_means,46,0,Normal
XPB,sent_gaze_sacc_eeg_means,47,0,Normal
XPB,sent_gaze_sacc_eeg_means,48,0,Normal
XPB,sent_gaze_sacc_eeg_means,49,0,Normal
XPB,sent_gaze_sacc_eeg_means,50,0,Normal
XPB,sent_gaze_sacc_eeg_means,51,0,Normal
XPB,sent_gaze_sacc_eeg_means,52,0,Normal
XPB,sent_gaze_sacc_eeg_means,53,0,Normal
XPB,sent_gaze_sacc_eeg_means,54,0,Normal
XPB,sent_gaze_sacc_eeg_means,55,0,Normal
XPB,sent_gaze_sacc_eeg_means,56,0,Normal
XPB,sent_gaze_sacc_eeg_means,57,0,Normal
XPB,sent_gaze_sacc_eeg_means,58,0,Normal
XPB,sent_gaze_sacc_eeg_means,59,0,Normal
XPB,sent_gaze_sacc_eeg_means,60,0,Normal
XPB,sent_gaze_sacc_eeg_means,61,0,Normal
XPB,sent_gaze_sacc_eeg_means,62,0,Normal
XPB,sent_gaze_sacc_eeg_means,63,0,Normal
XPB,sent_gaze_sacc_eeg_means,64,0,Normal
XPB,sent_gaze_sacc_eeg_means,65,0,Normal
XPB,sent_gaze_sacc_eeg_means,66,0,Normal
XPB,sent_gaze_sacc_eeg_means,67,0,Normal
XPB,sent_gaze_sacc_eeg_means,68,0,Normal
XPB,sent_gaze_sacc_eeg_means,69,0,Normal
XPB,sent_gaze_sacc_eeg_means,70,0,Normal
XPB,sent_gaze_sacc_eeg_means,71,0,Normal
XPB,sent_gaze_sacc_eeg_means,72,0,Normal
XPB,sent_gaze_sacc_eeg_means,73,0,Normal
XPB,sent_gaze_sacc_eeg_means,74,0,Normal
XPB,sent_gaze_sacc_eeg_means,75,0,Normal
XPB,sent_gaze_sacc_eeg_means,76,0,Normal
XPB,sent_gaze_sacc_eeg_means,77,0,Normal
XPB,sent_gaze_sacc_eeg_means,78,0,Normal
XPB,sent_gaze_sacc_eeg_means,79,0,Normal
XPB,sent_gaze_sacc_eeg_means,80,0,Normal
XPB,sent_gaze_sacc_eeg_means,81,0,Normal
XPB,sent_gaze_sacc_eeg_means,82,0,Normal
XPB,sent_gaze_sacc_eeg_means,83,0,Normal
XPB,sent_gaze_sacc_eeg_means,84,0,Normal
XPB,sent_gaze_sacc_eeg_means,85,0,Normal
XPB,sent_gaze_sacc_eeg_means,86,0,Normal
XPB,sent_gaze_sacc_eeg_means,87,0,Normal
XPB,sent_gaze_sacc_eeg_means,88,0,Normal
XPB,sent_gaze_sacc_eeg_means,89,0,Normal
XPB,sent_gaze_sacc_eeg_means,90,0,Normal
XPB,sent_gaze_sacc_eeg_means,91,0,Normal
XPB,sent_gaze_sacc_eeg_means,92,0,Normal
XPB,sent_gaze_sacc_eeg_means,93,0,Normal
XPB,sent_gaze_sacc_eeg_means,94,0,Normal
XPB,sent_gaze_sacc_eeg_means,95,0,Normal
XPB,sent_gaze_sacc_eeg_means,96,0,Normal
XPB,sent_gaze_sacc_eeg_means,97,0,Normal
XPB,sent_gaze_sacc_eeg_means,98,0,Normal
XPB,sent_gaze_sacc_eeg_means,99,0,Normal
XPB,sent_gaze_sacc_eeg_means,100,0,Normal
XPB,sent_gaze_sacc_eeg_means,101,0,Normal
XPB,sent_gaze_sacc_eeg_means,102,0,Normal
XPB,sent_gaze_sacc_eeg_means,103,0,Normal
XPB,sent_gaze_sacc_eeg_means,104,0,Normal
XPB,sent_gaze_sacc_eeg_means,105,0,Normal
XPB,sent_gaze_sacc_eeg_means,106,0,Normal
XPB,sent_gaze_sacc_eeg_means,107,0,Normal
XPB,sent_gaze_sacc_eeg_means,108,0,Normal
XPB,sent_gaze_sacc_eeg_means,109,0,Normal
XPB,sent_gaze_sacc_eeg_means,110,0,Normal
XPB,sent_gaze_sacc_eeg_means,111,0,Normal
XPB,sent_gaze_sacc_eeg_means,112,0,Normal
XPB,sent_gaze_sacc_eeg_means,113,0,Normal
XPB,sent_gaze_sacc_eeg_means,114,0,Normal
XPB,sent_gaze_sacc_eeg_means,115,0,Normal
XPB,sent_gaze_sacc_eeg_means,116,0,Normal
XPB,sent_gaze_sacc_eeg_means,117,0,Normal
XPB,sent_gaze_sacc_eeg_means,118,0,Normal
XPB,sent_gaze_sacc_eeg_means,119,0,Normal
XPB,sent_gaze_sacc_eeg_means,120,0,Normal
XPB,sent_gaze_sacc_eeg_means,121,0,Normal
XPB,sent_gaze_sacc_eeg_means,122,0,Normal
XPB,sent_gaze_sacc_eeg_means,123,0,Normal
XPB,sent_gaze_sacc_eeg_means,124,0,Normal
XPB,sent_gaze_sacc_eeg_means,125,0,Normal
XPB,sent_gaze_sacc_eeg_means,126,0,Normal
XPB,sent_gaze_sacc_eeg_means,127,0,Normal
XPB,sent_gaze_sacc_eeg_means,128,0,Normal
XPB,sent_gaze_sacc_eeg_means,129,0,Normal
XPB,sent_gaze_sacc_eeg_means,130,0,Normal
XPB,sent_gaze_sacc_eeg_means,131,0,Normal
XPB,sent_gaze_sacc_eeg_means,132,0,Normal
XPB,sent_gaze_sacc_eeg_means,133,0,Normal
XPB,sent_gaze_sacc_eeg_means,134,0,Normal
XPB,sent_gaze_sacc_eeg_means,135,0,Normal
XPB,sent_gaze_sacc_eeg_means,136,0,Normal
XPB,sent_gaze_sacc_eeg_means,137,0,Normal
XPB,sent_gaze_sacc_eeg_means,138,0,Normal
XPB,sent_gaze_sacc_eeg_means,139,0,Normal
XPB,sent_gaze_sacc_eeg_means,140,0,Normal
XPB,sent_gaze_sacc_eeg_means,141,0,Normal
XPB,sent_gaze_sacc_eeg_means,142,0,Normal
XPB,sent_gaze_sacc_eeg_means,143,0,Normal
XPB,sent_gaze_sacc_eeg_means,144,0,Normal
XPB,sent_gaze_sacc_eeg_means,145,0,Normal
XPB,sent_gaze_sacc_eeg_means,146,0,Normal
XPB,sent_gaze_sacc_eeg_means,147,0,Normal
XPB,sent_gaze_sacc_eeg_means,148,0,Normal
XPB,sent_gaze_sacc_eeg_means,149,0,Normal
XPB,sent_gaze_sacc_eeg_means,150,0,Normal
XPB,sent_gaze_sacc_eeg_means,151,0,Normal
XPB,sent_gaze_sacc_eeg_means,152,0,Normal
XPB,sent_gaze_sacc_eeg_means,153,0,Normal
XPB,sent_gaze_sacc_eeg_means,154,0,Normal
XPB,sent_gaze_sacc_eeg_means,155,0,Normal
XPB,sent_gaze_sacc_eeg_means,156,0,Normal
XPB,sent_gaze_sacc_eeg_means,157,0,Normal
XPB,sent_gaze_sacc_eeg_means,158,0,Normal
XPB,sent_gaze_sacc_eeg_means,159,0,Normal
XPB,sent_gaze_sacc_eeg_means,160,0,Normal
XPB,sent_gaze_sacc_eeg_means,161,0,Normal
XPB,sent_gaze_sacc_eeg_means,162,0,Normal
XPB,sent_gaze_sacc_eeg_means,163,0,Normal
XPB,sent_gaze_sacc_eeg_means,164,0,Normal
XPB,sent_gaze_sacc_eeg_means,165,0,Normal
XPB,sent_gaze_sacc_eeg_means,166,0,Normal
XPB,sent_gaze_sacc_eeg_means,167,0,Normal
XPB,sent_gaze_sacc_eeg_means,168,0,Normal
XPB,sent_gaze_sacc_eeg_means,169,0,Normal
XPB,sent_gaze_sacc_eeg_means,170,0,Normal
XPB,sent_gaze_sacc_eeg_means,171,0,Normal
XPB,sent_gaze_sacc_eeg_means,172,0,Normal
XPB,sent_gaze_sacc_eeg_means,173,0,Normal
XPB,sent_gaze_sacc_eeg_means,174,0,Normal
XPB,sent_gaze_sacc_eeg_means,175,0,Normal
XPB,sent_gaze_sacc_eeg_means,176,0,Normal
XPB,sent_gaze_sacc_eeg_means,177,0,Normal
XPB,sent_gaze_sacc_eeg_means,178,0,Normal
XPB,sent_gaze_sacc_eeg_means,179,0,Normal
XPB,sent_gaze_sacc_eeg_means,180,0,Normal
XPB,sent_gaze_sacc_eeg_means,181,0,Normal
XPB,sent_gaze_sacc_eeg_means,182,0,Normal
XPB,sent_gaze_sacc_eeg_means,183,0,Normal
XPB,sent_gaze_sacc_eeg_means,184,0,Normal
XPB,sent_gaze_sacc_eeg_means,185,0,Normal
XPB,sent_gaze_sacc_eeg_means,186,0,Normal
XPB,sent_gaze_sacc_eeg_means,187,0,Normal
XPB,sent_gaze_sacc_eeg_means,188,0,Normal
XPB,sent_gaze_sacc_eeg_means,189,0,Normal
XPB,sent_gaze_sacc_eeg_means,190,0,Normal
XPB,sent_gaze_sacc_eeg_means,191,0,Normal
XPB,sent_gaze_sacc_eeg_means,192,0,Normal
XPB,sent_gaze_sacc_eeg_means,193,0,Normal
XPB,sent_gaze_sacc_eeg_means,194,0,Normal
XPB,sent_gaze_sacc_eeg_means,195,0,Normal
XPB,sent_gaze_sacc_eeg_means,196,0,Normal
XPB,sent_gaze_sacc_eeg_means,197,0,Normal
XPB,sent_gaze_sacc_eeg_means,198,0,Normal
XPB,sent_gaze_sacc_eeg_means,199,0,Normal
XPB,sent_gaze_sacc_eeg_means,200,0,Normal
XPB,sent_gaze_sacc_eeg_means,201,0,Normal
XPB,sent_gaze_sacc_eeg_means,202,0,Normal
XPB,sent_gaze_sacc_eeg_means,203,0,Normal
XPB,sent_gaze_sacc_eeg_means,204,0,Normal
XPB,sent_gaze_sacc_eeg_means,205,0,Normal
XPB,sent_gaze_sacc_eeg_means,206,0,Normal
XPB,sent_gaze_sacc_eeg_means,207,0,Normal
XPB,sent_gaze_sacc_eeg_means,208,0,Normal
XPB,sent_gaze_sacc_eeg_means,209,0,Normal
XPB,sent_gaze_sacc_eeg_means,210,0,Normal
XPB,sent_gaze_sacc_eeg_means,211,0,Normal
XPB,sent_gaze_sacc_eeg_means,212,0,Normal
XPB,sent_gaze_sacc_eeg_means,213,0,Normal
XPB,sent_gaze_sacc_eeg_means,214,0,Normal
XPB,sent_gaze_sacc_eeg_means,215,0,Normal
XPB,sent_gaze_sacc_eeg_means,216,0,Normal
XPB,sent_gaze_sacc_eeg_means,217,0,Normal
XPB,sent_gaze_sacc_eeg_means,218,0,Normal
XPB,sent_gaze_sacc_eeg_means,219,0,Normal
XPB,sent_gaze_sacc_eeg_means,220,0,Normal
XPB,sent_gaze_sacc_eeg_means,221,0,Normal
XPB,sent_gaze_sacc_eeg_means,222,0,Normal
XPB,sent_gaze_sacc_eeg_means,223,0,Normal
XPB,sent_gaze_sacc_eeg_means,224,0,Normal
XPB,sent_gaze_sacc_eeg_means,225,0,Normal
XPB,sent_gaze_sacc_eeg_means,226,0,Normal
XPB,sent_gaze_sacc_eeg_means,227,0,Normal
XPB,sent_gaze_sacc_eeg_means,228,0,Normal
XPB,sent_gaze_sacc_eeg_means,229,0,Normal
XPB,sent_gaze_sacc_eeg_means,230,0,Normal
XPB,sent_gaze_sacc_eeg_means,231,0,Normal
XPB,sent_gaze_sacc_eeg_means,232,0,Normal
XPB,sent_gaze_sacc_eeg_means,233,0,Normal
XPB,sent_gaze_sacc_eeg_means,234,0,Normal
XPB,sent_gaze_sacc_eeg_means,235,0,Normal
XPB,sent_gaze_sacc_eeg_means,236,0,Normal
XPB,sent_gaze_sacc_eeg_means,237,0,Normal
XPB,sent_gaze_sacc_eeg_means,238,0,Normal
XPB,sent_gaze_sacc_eeg_means,239,0,Normal
XPB,sent_gaze_sacc_eeg_means,240,0,Normal
XPB,sent_gaze_sacc_eeg_means,241,0,Normal
XPB,sent_gaze_sacc_eeg_means,242,0,Normal
XPB,sent_gaze_sacc_eeg_means,243,0,Normal
XPB,sent_gaze_sacc_eeg_means,244,0,Normal
XPB,sent_gaze_sacc_eeg_means,245,0,Normal
XPB,sent_gaze_sacc_eeg_means,246,0,Normal
XPB,sent_gaze_sacc_eeg_means,247,0,Normal
XPB,sent_gaze_sacc_eeg_means,248,0,Normal
XPB,sent_gaze_sacc_eeg_means,249,0,Normal
XPB,sent_gaze_sacc_eeg_means,250,0,Normal
XPB,sent_gaze_sacc_eeg_means,251,0,Normal
XPB,sent_gaze_sacc_eeg_means,252,0,Normal
XPB,sent_gaze_sacc_eeg_means,253,0,Normal
XPB,sent_gaze_sacc_eeg_means,254,0,Normal
XPB,sent_gaze_sacc_eeg_means,255,0,Normal
XPB,sent_gaze_sacc_eeg_means,256,0,Normal
XPB,sent_gaze_sacc_eeg_means,257,0,Normal
XPB,sent_gaze_sacc_eeg_means,258,0,Normal
XPB,sent_gaze_sacc_eeg_means,259,0,Normal
XPB,sent_gaze_sacc_eeg_means,260,0,Normal
XPB,sent_gaze_sacc_eeg_means,261,0,Normal
XPB,sent_gaze_sacc_eeg_means,262,0,Normal
XPB,sent_gaze_sacc_eeg_means,263,0,Normal
XPB,sent_gaze_sacc_eeg_means,264,0,Normal
XPB,sent_gaze_sacc_eeg_means,265,0,Normal
XPB,sent_gaze_sacc_eeg_means,266,0,Normal
XPB,sent_gaze_sacc_eeg_means,267,0,Normal
XPB,sent_gaze_sacc_eeg_means,268,0,Normal
XPB,sent_gaze_sacc_eeg_means,269,0,Normal
XPB,sent_gaze_sacc_eeg_means,270,0,Normal
XPB,sent_gaze_sacc_eeg_means,271,0,Normal
XPB,sent_gaze_sacc_eeg_means,272,0,Normal
XPB,sent_gaze_sacc_eeg_means,273,0,Normal
XPB,sent_gaze_sacc_eeg_means,274,0,Normal
XPB,sent_gaze_sacc_eeg_means,275,0,Normal
XPB,sent_gaze_sacc_eeg_means,276,0,Normal
XPB,sent_gaze_sacc_eeg_means,277,0,Normal
XPB,sent_gaze_sacc_eeg_means,278,0,Normal
XPB,sent_gaze_sacc_eeg_means,279,0,Normal
XPB,sent_gaze_sacc_eeg_means,280,0,Normal
XPB,sent_gaze_sacc_eeg_means,281,0,Normal
XPB,sent_gaze_sacc_eeg_means,282,0,Normal
XPB,sent_gaze_sacc_eeg_means,283,0,Normal
XPB,sent_gaze_sacc_eeg_means,284,0,Normal
XPB,sent_gaze_sacc_eeg_means,285,0,Normal
XPB,sent_gaze_sacc_eeg_means,286,0,Normal
XPB,sent_gaze_sacc_eeg_means,287,0,Normal
XPB,sent_gaze_sacc_eeg_means,288,0,Normal
XPB,sent_gaze_sacc_eeg_means,289,0,Normal
XPB,sent_gaze_sacc_eeg_means,290,0,Normal
XPB,sent_gaze_sacc_eeg_means,291,0,Normal
XPB,sent_gaze_sacc_eeg_means,292,0,Normal
XPB,sent_gaze_sacc_eeg_means,293,0,Normal
XPB,sent_gaze_sacc_eeg_means,294,0,Normal
XPB,sent_gaze_sacc_eeg_means,295,0,Normal
XPB,sent_gaze_sacc_eeg_means,296,0,Normal
XPB,sent_gaze_sacc_eeg_means,297,0,Normal
XPB,sent_gaze_sacc_eeg_means,298,0,Normal
XPB,sent_gaze_sacc_eeg_means,299,0,Normal
XPB,sent_gaze_sacc_eeg_means,300,0,Normal
XPB,sent_gaze_sacc_eeg_means,301,0,Normal
XPB,sent_gaze_sacc_eeg_means,302,0,Normal
XPB,sent_gaze_sacc_eeg_means,303,0,Normal
XPB,sent_gaze_sacc_eeg_means,304,0,Normal
XPB,sent_gaze_sacc_eeg_means,305,0,Normal
XPB,sent_gaze_sacc_eeg_means,306,0,Normal
XPB,sent_gaze_sacc_eeg_means,307,0,Normal
XPB,sent_gaze_sacc_eeg_means,308,0,Normal
XPB,sent_gaze_sacc_eeg_means,309,0,Normal
XPB,sent_gaze_sacc_eeg_means,310,0,Normal
XPB,sent_gaze_sacc_eeg_means,311,0,Normal
XPB,sent_gaze_sacc_eeg_means,312,0,Normal
XPB,sent_gaze_sacc_eeg_means,313,0,Normal
XPB,sent_gaze_sacc_eeg_means,314,0,Normal
XPB,sent_gaze_sacc_eeg_means,315,0,Normal
XPB,sent_gaze_sacc_eeg_means,316,0,Normal
XPB,sent_gaze_sacc_eeg_means,317,0,Normal
XPB,sent_gaze_sacc_eeg_means,318,0,Normal
XPB,sent_gaze_sacc_eeg_means,319,0,Normal
XPB,sent_gaze_sacc_eeg_means,320,0,Normal
XPB,sent_gaze_sacc_eeg_means,321,0,Normal
XPB,sent_gaze_sacc_eeg_means,322,0,Normal
XPB,sent_gaze_sacc_eeg_means,323,0,Normal
XPB,sent_gaze_sacc_eeg_means,324,0,Normal
XPB,sent_gaze_sacc_eeg_means,325,0,Normal
XPB,sent_gaze_sacc_eeg_means,326,0,Normal
XPB,sent_gaze_sacc_eeg_means,327,0,Normal
XPB,sent_gaze_sacc_eeg_means,328,0,Normal
XPB,sent_gaze_sacc_eeg_means,329,0,Normal
XPB,sent_gaze_sacc_eeg_means,330,0,Normal
XPB,sent_gaze_sacc_eeg_means,331,0,Normal
XPB,sent_gaze_sacc_eeg_means,332,0,Normal
XPB,sent_gaze_sacc_eeg_means,333,0,Normal
XPB,sent_gaze_sacc_eeg_means,334,0,Normal
XPB,sent_gaze_sacc_eeg_means,335,0,Normal
XPB,sent_gaze_sacc_eeg_means,336,0,Normal
XPB,sent_gaze_sacc_eeg_means,337,0,Normal
XPB,sent_gaze_sacc_eeg_means,338,0,Normal
XPB,sent_gaze_sacc_eeg_means,339,0,Normal
XPB,sent_gaze_sacc_eeg_means,340,0,Normal
XPB,sent_gaze_sacc_eeg_means,341,0,Normal
XPB,sent_gaze_sacc_eeg_means,342,0,Normal
XPB,sent_gaze_sacc_eeg_means,343,0,Normal
XPB,sent_gaze_sacc_eeg_means,344,0,Normal
XPB,sent_gaze_sacc_eeg_means,345,0,Normal
XPB,sent_gaze_sacc_eeg_means,346,0,Normal
XPB,sent_gaze_sacc_eeg_means,347,0,Normal
XPB,sent_gaze_sacc_eeg_means,348,0,Normal
XPB,sent_gaze_sacc_eeg_means,349,0,Normal
XPB,sent_gaze_sacc_eeg_means,350,0,Normal
XPB,sent_gaze_sacc_eeg_means,351,0,Normal
XPB,sent_gaze_sacc_eeg_means,352,0,Normal
XPB,sent_gaze_sacc_eeg_means,353,0,Normal
XPB,sent_gaze_sacc_eeg_means,354,0,Normal
XPB,sent_gaze_sacc_eeg_means,355,0,Normal
XPB,sent_gaze_sacc_eeg_means,356,0,Normal
XPB,sent_gaze_sacc_eeg_means,357,0,Normal
XPB,sent_gaze_sacc_eeg_means,358,0,Normal
XPB,sent_gaze_sacc_eeg_means,359,0,Normal
XPB,sent_gaze_sacc_eeg_means,360,0,Normal
XPB,sent_gaze_sacc_eeg_means,361,0,Normal
XPB,sent_gaze_sacc_eeg_means,362,0,Normal
XPB,sent_gaze_sacc_eeg_means,363,0,Normal
XPB,sent_gaze_sacc_eeg_means,364,0,Normal
XPB,sent_gaze_sacc_eeg_means,365,0,Normal
XPB,sent_gaze_sacc_eeg_means,366,0,Normal
XPB,sent_gaze_sacc_eeg_means,367,0,Normal
XPB,sent_gaze_sacc_eeg_means,368,0,Normal
XPB,sent_gaze_sacc_eeg_means,369,0,Normal
XPB,sent_gaze_sacc_eeg_means,370,0,Normal
XPB,sent_gaze_sacc_eeg_means,371,0,Normal
XPB,sent_gaze_sacc_eeg_means,372,0,Normal
XPB,sent_gaze_sacc_eeg_means,373,0,Normal
XPB,sent_gaze_sacc_eeg_means,374,0,Normal
XPB,sent_gaze_sacc_eeg_means,375,0,Normal
XPB,sent_gaze_sacc_eeg_means,376,0,Normal
XPB,sent_gaze_sacc_eeg_means,377,0,Normal
XPB,sent_gaze_sacc_eeg_means,378,0,Normal
XPB,sent_gaze_sacc_eeg_means,379,0,Normal
XPB,sent_gaze_sacc_eeg_means,380,0,Normal
XPB,sent_gaze_sacc_eeg_means,381,0,Normal
XPB,sent_gaze_sacc_eeg_means,382,0,Normal
XPB,sent_gaze_sacc_eeg_means,383,0,Normal
XPB,sent_gaze_sacc_eeg_means,384,0,Normal
XPB,sent_gaze_sacc_eeg_means,385,0,Normal
XPB,sent_gaze_sacc_eeg_means,386,0,Normal
XPB,sent_gaze_sacc_eeg_means,387,0,Normal
XPB,sent_gaze_sacc_eeg_means,388,0,Normal
XPB,sent_gaze_sacc_eeg_means,389,0,Normal
XPB,sent_gaze_sacc_eeg_means,390,0,Normal
XPB,sent_gaze_sacc_eeg_means,391,0,Normal
XPB,sent_gaze_sacc_eeg_means,392,0,Normal
XPB,sent_gaze_sacc_eeg_means,393,0,Normal
XPB,sent_gaze_sacc_eeg_means,394,0,Normal
XPB,sent_gaze_sacc_eeg_means,395,0,Normal
XPB,sent_gaze_sacc_eeg_means,396,0,Normal
XPB,sent_gaze_sacc_eeg_means,397,0,Normal
XPB,sent_gaze_sacc_eeg_means,398,0,Normal
XPB,sent_gaze_sacc_eeg_means,399,0,Normal
XPB,sent_gaze_sacc_eeg_means,400,0,Normal
XPB,sent_gaze_sacc_eeg_means,401,0,Normal
XPB,sent_gaze_sacc_eeg_means,402,0,Normal
XPB,sent_gaze_sacc_eeg_means,403,0,Normal
XPB,sent_gaze_sacc_eeg_means,404,0,Normal
XPB,sent_gaze_sacc_eeg_means,405,0,Normal
XPB,sent_gaze_sacc_eeg_means,406,0,Normal
XPB,sent_gaze_sacc_eeg_means,407,0,Normal
XPB,sent_gaze_sacc_eeg_means,408,0,Normal
XPB,sent_gaze_sacc_eeg_means,409,0,Normal
XPB,sent_gaze_sacc_eeg_means,410,0,Normal
XPB,sent_gaze_sacc_eeg_means,411,0,Normal
XPB,sent_gaze_sacc_eeg_means,412,0,Normal
XPB,sent_gaze_sacc_eeg_means,413,0,Normal
XPB,sent_gaze_sacc_eeg_means,414,0,Normal
XPB,sent_gaze_sacc_eeg_means,415,0,Normal
XPB,sent_gaze_sacc_eeg_means,416,0,Normal
XPB,sent_gaze_sacc_eeg_means,417,0,Normal
XPB,sent_gaze_sacc_eeg_means,418,0,Normal
XPB,sent_gaze_sacc_eeg_means,419,0,Normal
XPB,sent_gaze_sacc_eeg_means,420,0,Normal
XPB,sent_gaze_sacc_eeg_means,421,0,Normal
XPB,sent_gaze_sacc_eeg_means,422,0,Normal
XPB,sent_gaze_sacc_eeg_means,423,0,Normal
XPB,sent_gaze_sacc_eeg_means,424,0,Normal
XPB,sent_gaze_sacc_eeg_means,425,0,Normal
XPB,sent_gaze_sacc_eeg_means,426,0,Normal
XPB,sent_gaze_sacc_eeg_means,427,0,Normal
XPB,sent_gaze_sacc_eeg_means,428,0,Normal
XPB,sent_gaze_sacc_eeg_means,429,0,Normal
XPB,sent_gaze_sacc_eeg_means,430,0,Normal
XPB,sent_gaze_sacc_eeg_means,431,0,Normal
XPB,sent_gaze_sacc_eeg_means,432,0,Normal
XPB,sent_gaze_sacc_eeg_means,433,0,Normal
XPB,sent_gaze_sacc_eeg_means,434,0,Normal
XPB,sent_gaze_sacc_eeg_means,435,0,Normal
XPB,sent_gaze_sacc_eeg_means,436,0,Normal
XPB,sent_gaze_sacc_eeg_means,437,0,Normal
XPB,sent_gaze_sacc_eeg_means,438,0,Normal
XPB,sent_gaze_sacc_eeg_means,439,0,Normal
XPB,sent_gaze_sacc_eeg_means,440,0,Normal
XPB,sent_gaze_sacc_eeg_means,441,0,Normal
XPB,sent_gaze_sacc_eeg_means,442,0,Normal
XPB,sent_gaze_sacc_eeg_means,443,0,Normal
XPB,sent_gaze_sacc_eeg_means,444,0,Normal
XPB,sent_gaze_sacc_eeg_means,445,0,Normal
XPB,sent_gaze_sacc_eeg_means,446,0,Normal
XPB,sent_gaze_sacc_eeg_means,447,0,Normal
XPB,sent_gaze_sacc_eeg_means,448,0,Normal
XPB,sent_gaze_sacc_eeg_means,449,0,Normal
XPB,sent_gaze_sacc_eeg_means,450,0,Normal
XPB,sent_gaze_sacc_eeg_means,451,0,Normal
XPB,sent_gaze_sacc_eeg_means,452,0,Normal
XPB,sent_gaze_sacc_eeg_means,453,0,Normal
XPB,sent_gaze_sacc_eeg_means,454,0,Normal
XPB,sent_gaze_sacc_eeg_means,455,0,Normal
XPB,sent_gaze_sacc_eeg_means,456,0,Normal
XPB,sent_gaze_sacc_eeg_means,457,0,Normal
XPB,sent_gaze_sacc_eeg_means,458,0,Normal
XPB,sent_gaze_sacc_eeg_means,459,0,Normal
XPB,sent_gaze_sacc_eeg_means,460,0,Normal
XPB,sent_gaze_sacc_eeg_means,461,0,Normal
XPB,sent_gaze_sacc_eeg_means,462,0,Normal
XPB,sent_gaze_sacc_eeg_means,463,0,Normal
XPB,sent_gaze_sacc_eeg_means,464,0,Normal
XPB,sent_gaze_sacc_eeg_means,465,0,Normal
XPB,sent_gaze_sacc_eeg_means,466,0,Normal
XPB,sent_gaze_sacc_eeg_means,467,0,Normal
XPB,sent_gaze_sacc_eeg_means,468,0,Normal
XPB,sent_gaze_sacc_eeg_means,469,0,Normal
XPB,sent_gaze_sacc_eeg_means,470,0,Normal
XPB,sent_gaze_sacc_eeg_means,471,0,Normal
XPB,sent_gaze_sacc_eeg_means,472,0,Normal
XPB,sent_gaze_sacc_eeg_means,473,0,Normal
XPB,sent_gaze_sacc_eeg_means,474,0,Normal
XPB,sent_gaze_sacc_eeg_means,475,0,Normal
XPB,sent_gaze_sacc_eeg_means,476,0,Normal
XPB,sent_gaze_sacc_eeg_means,477,0,Normal
XPB,sent_gaze_sacc_eeg_means,478,0,Normal
XPB,sent_gaze_sacc_eeg_means,479,0,Normal
XPB,sent_gaze_sacc_eeg_means,480,0,Normal
XPB,sent_gaze_sacc_eeg_means,481,0,Normal
XPB,sent_gaze_sacc_eeg_means,482,0,Normal
XPB,sent_gaze_sacc_eeg_means,483,0,Normal
XPB,sent_gaze_sacc_eeg_means,484,0,Normal
XPB,sent_gaze_sacc_eeg_means,485,0,Normal
XPB,sent_gaze_sacc_eeg_means,486,0,Normal
XPB,sent_gaze_sacc_eeg_means,487,0,Normal
XPB,sent_gaze_sacc_eeg_means,488,0,Normal
XPB,sent_gaze_sacc_eeg_means,489,0,Normal
XPB,sent_gaze_sacc_eeg_means,490,0,Normal
XPB,sent_gaze_sacc_eeg_means,491,0,Normal
XPB,sent_gaze_sacc_eeg_means,492,0,Normal
XPB,sent_gaze_sacc_eeg_means,493,0,Normal
XPB,sent_gaze_sacc_eeg_means,494,0,Normal
XPB,sent_gaze_sacc_eeg_means,495,0,Normal
XPB,sent_gaze_sacc_eeg_means,496,0,Normal
XPB,sent_gaze_sacc_eeg_means,497,0,Normal
XPB,sent_gaze_sacc_eeg_means,498,0,Normal
XPB,sent_gaze_sacc_eeg_means,499,0,Normal
XPB,sent_gaze_sacc_eeg_means,500,0,Normal
XPB,sent_gaze_sacc_eeg_means,501,0,Normal
XPB,sent_gaze_sacc_eeg_means,502,0,Normal
XPB,sent_gaze_sacc_eeg_means,503,0,Normal
XPB,sent_gaze_sacc_eeg_means,504,0,Normal
XPB,sent_gaze_sacc_eeg_means,505,0,Normal
XPB,sent_gaze_sacc_eeg_means,506,0,Normal
XPB,sent_gaze_sacc_eeg_means,507,0,Normal
XPB,sent_gaze_sacc_eeg_means,508,0,Normal
XPB,sent_gaze_sacc_eeg_means,509,0,Normal
XPB,sent_gaze_sacc_eeg_means,510,0,Normal
XPB,sent_gaze_sacc_eeg_means,511,0,Normal
XPB,sent_gaze_sacc_eeg_means,512,0,Normal
XPB,sent_gaze_sacc_eeg_means,513,0,Normal
XPB,sent_gaze_sacc_eeg_means,514,0,Normal
XPB,sent_gaze_sacc_eeg_means,515,0,Normal
XPB,sent_gaze_sacc_eeg_means,516,0,Normal
XPB,sent_gaze_sacc_eeg_means,517,0,Normal
XPB,sent_gaze_sacc_eeg_means,518,0,Normal
XPB,sent_gaze_sacc_eeg_means,519,0,Normal
XPB,sent_gaze_sacc_eeg_means,520,0,Normal
XPB,sent_gaze_sacc_eeg_means,521,0,Normal
XPB,sent_gaze_sacc_eeg_means,522,0,Normal
XPB,sent_gaze_sacc_eeg_means,523,0,Normal
XPB,sent_gaze_sacc_eeg_means,524,0,Normal
XPB,sent_gaze_sacc_eeg_means,525,0,Normal
XPB,sent_gaze_sacc_eeg_means,526,0,Normal
XPB,sent_gaze_sacc_eeg_means,527,0,Normal
XPB,sent_gaze_sacc_eeg_means,528,0,Normal
XPB,sent_gaze_sacc_eeg_means,529,0,Normal
XPB,sent_gaze_sacc_eeg_means,530,0,Normal
XPB,sent_gaze_sacc_eeg_means,531,0,Normal
XPB,sent_gaze_sacc_eeg_means,532,0,Normal
XPB,sent_gaze_sacc_eeg_means,533,0,Normal
XPB,sent_gaze_sacc_eeg_means,534,0,Normal
XPB,sent_gaze_sacc_eeg_means,535,0,Normal
XPB,sent_gaze_sacc_eeg_means,536,0,Normal
XPB,sent_gaze_sacc_eeg_means,537,0,Normal
XPB,sent_gaze_sacc_eeg_means,538,0,Normal
XPB,sent_gaze_sacc_eeg_means,539,0,Normal
XPB,sent_gaze_sacc_eeg_means,540,0,Normal
XPB,sent_gaze_sacc_eeg_means,541,0,Normal
XPB,sent_gaze_sacc_eeg_means,542,0,Normal
XPB,sent_gaze_sacc_eeg_means,543,0,Normal
XPB,sent_gaze_sacc_eeg_means,544,0,Normal
XPB,sent_gaze_sacc_eeg_means,545,0,Normal
XPB,sent_gaze_sacc_eeg_means,546,0,Normal
XPB,sent_gaze_sacc_eeg_means,547,0,Normal
XPB,sent_gaze_sacc_eeg_means,548,0,Normal
XPB,sent_gaze_sacc_eeg_means,549,0,Normal
XPB,sent_gaze_sacc_eeg_means,550,0,Normal
XPB,sent_gaze_sacc_eeg_means,551,0,Normal
XPB,sent_gaze_sacc_eeg_means,552,0,Normal
XPB,sent_gaze_sacc_eeg_means,553,0,Normal
XPB,sent_gaze_sacc_eeg_means,554,0,Normal
XPB,sent_gaze_sacc_eeg_means,555,0,Normal
XPB,sent_gaze_sacc_eeg_means,556,0,Normal
XPB,sent_gaze_sacc_eeg_means,557,0,Normal
XPB,sent_gaze_sacc_eeg_means,558,0,Normal
XPB,sent_gaze_sacc_eeg_means,559,0,Normal
XPB,sent_gaze_sacc_eeg_means,560,0,Normal
XPB,sent_gaze_sacc_eeg_means,561,0,Normal
XPB,sent_gaze_sacc_eeg_means,562,0,Normal
XPB,sent_gaze_sacc_eeg_means,563,0,Normal
XPB,sent_gaze_sacc_eeg_means,564,0,Normal
XPB,sent_gaze_sacc_eeg_means,565,0,Normal
XPB,sent_gaze_sacc_eeg_means,566,0,Normal
XPB,sent_gaze_sacc_eeg_means,567,0,Normal
XPB,sent_gaze_sacc_eeg_means,568,0,Normal
XPB,sent_gaze_sacc_eeg_means,569,0,Normal
XPB,sent_gaze_sacc_eeg_means,570,0,Normal
XPB,sent_gaze_sacc_eeg_means,571,0,Normal
XPB,sent_gaze_sacc_eeg_means,572,0,Normal
XPB,sent_gaze_sacc_eeg_means,573,0,Normal
XPB,sent_gaze_sacc_eeg_means,574,0,Normal
XPB,sent_gaze_sacc_eeg_means,575,0,Normal
XPB,sent_gaze_sacc_eeg_means,576,0,Normal
XPB,sent_gaze_sacc_eeg_means,577,0,Normal
XPB,sent_gaze_sacc_eeg_means,578,0,Normal
XPB,sent_gaze_sacc_eeg_means,579,0,Normal
XPB,sent_gaze_sacc_eeg_means,580,0,Normal
XPB,sent_gaze_sacc_eeg_means,581,0,Normal
XPB,sent_gaze_sacc_eeg_means,582,0,Normal
XPB,sent_gaze_sacc_eeg_means,583,0,Normal
XPB,sent_gaze_sacc_eeg_means,584,0,Normal
XPB,sent_gaze_sacc_eeg_means,585,0,Normal
XPB,sent_gaze_sacc_eeg_means,586,0,Normal
XPB,sent_gaze_sacc_eeg_means,587,0,Normal
XPB,sent_gaze_sacc_eeg_means,588,0,Normal
XPB,sent_gaze_sacc_eeg_means,589,0,Normal
XPB,sent_gaze_sacc_eeg_means,590,0,Normal
XPB,sent_gaze_sacc_eeg_means,591,0,Normal
XPB,sent_gaze_sacc_eeg_means,592,0,Normal
XPB,sent_gaze_sacc_eeg_means,593,0,Normal
XPB,sent_gaze_sacc_eeg_means,594,0,Normal
XPB,sent_gaze_sacc_eeg_means,595,0,Normal
XPB,sent_gaze_sacc_eeg_means,596,0,Normal
XPB,sent_gaze_sacc_eeg_means,597,0,Normal
XPB,sent_gaze_sacc_eeg_means,598,0,Normal
XPB,sent_gaze_sacc_eeg_means,599,0,Normal
XPB,sent_gaze_sacc_eeg_means,600,0,Normal
XPB,sent_gaze_sacc_eeg_means,601,0,Normal
XPB,sent_gaze_sacc_eeg_means,602,0,Normal
XPB,sent_gaze_sacc_eeg_means,603,0,Normal
XPB,sent_gaze_sacc_eeg_means,604,0,Normal
XPB,sent_gaze_sacc_eeg_means,605,0,Normal
XPB,sent_gaze_sacc_eeg_means,606,0,Normal
XPB,sent_gaze_sacc_eeg_means,607,0,Normal
XPB,sent_gaze_sacc_eeg_means,608,0,Normal
XPB,sent_gaze_sacc_eeg_means,609,0,Normal
XPB,sent_gaze_sacc_eeg_means,610,0,Normal
XPB,sent_gaze_sacc_eeg_means,611,0,Normal
XPB,sent_gaze_sacc_eeg_means,612,0,Normal
XPB,sent_gaze_sacc_eeg_means,613,0,Normal
XPB,sent_gaze_sacc_eeg_means,614,0,Normal
XPB,sent_gaze_sacc_eeg_means,615,0,Normal
XPB,sent_gaze_sacc_eeg_means,616,0,Normal
XPB,sent_gaze_sacc_eeg_means,617,0,Normal
XPB,sent_gaze_sacc_eeg_means,618,0,Normal
XPB,sent_gaze_sacc_eeg_means,619,0,Normal
XPB,sent_gaze_sacc_eeg_means,620,0,Normal
XPB,sent_gaze_sacc_eeg_means,621,0,Normal
XPB,sent_gaze_sacc_eeg_means,622,0,Normal
XPB,sent_gaze_sacc_eeg_means,623,0,Normal
XPB,sent_gaze_sacc_eeg_means,624,0,Normal
XPB,sent_gaze_sacc_eeg_means,625,0,Normal
XPB,sent_gaze_sacc_eeg_means,626,0,Normal
XPB,sent_gaze_sacc_eeg_means,627,0,Normal
XPB,sent_gaze_sacc_eeg_means,628,0,Normal
XPB,sent_gaze_sacc_eeg_means,629,0,Normal
XPB,sent_gaze_sacc_eeg_means,630,0,Normal
XPB,sent_gaze_sacc_eeg_means,631,0,Normal
XPB,sent_gaze_sacc_eeg_means,632,0,Normal
XPB,sent_gaze_sacc_eeg_means,633,0,Normal
XPB,sent_gaze_sacc_eeg_means,634,0,Normal
XPB,sent_gaze_sacc_eeg_means,635,0,Normal
XPB,sent_gaze_sacc_eeg_means,636,0,Normal
XPB,sent_gaze_sacc_eeg_means,637,0,Normal
XPB,sent_gaze_sacc_eeg_means,638,0,Normal
XPB,sent_gaze_sacc_eeg_means,639,0,Normal
XPB,sent_gaze_sacc_eeg_means,640,0,Normal
XPB,sent_gaze_sacc_eeg_means,641,0,Normal
XPB,sent_gaze_sacc_eeg_means,642,0,Normal
XPB,sent_gaze_sacc_eeg_means,643,0,Normal
XPB,sent_gaze_sacc_eeg_means,644,0,Normal
XPB,sent_gaze_sacc_eeg_means,645,0,Normal
XPB,sent_gaze_sacc_eeg_means,646,0,Normal
XPB,sent_gaze_sacc_eeg_means,647,0,Normal
XPB,sent_gaze_sacc_eeg_means,648,0,Normal
XPB,sent_gaze_sacc_eeg_means,649,0,Normal
XPB,sent_gaze_sacc_eeg_means,650,0,Normal
XPB,sent_gaze_sacc_eeg_means,651,0,Normal
XPB,sent_gaze_sacc_eeg_means,652,0,Normal
XPB,sent_gaze_sacc_eeg_means,653,0,Normal
XPB,sent_gaze_sacc_eeg_means,654,0,Normal
XPB,sent_gaze_sacc_eeg_means,655,0,Normal
XPB,sent_gaze_sacc_eeg_means,656,0,Normal
XPB,sent_gaze_sacc_eeg_means,657,0,Normal
XPB,sent_gaze_sacc_eeg_means,658,0,Normal
XPB,sent_gaze_sacc_eeg_means,659,0,Normal
XPB,sent_gaze_sacc_eeg_means,660,0,Normal
XPB,sent_gaze_sacc_eeg_means,661,0,Normal
XPB,sent_gaze_sacc_eeg_means,662,0,Normal
XPB,sent_gaze_sacc_eeg_means,663,0,Normal
XPB,sent_gaze_sacc_eeg_means,664,0,Normal
XPB,sent_gaze_sacc_eeg_means,665,0,Normal
XPB,sent_gaze_sacc_eeg_means,666,0,Normal
XPB,sent_gaze_sacc_eeg_means,667,0,Normal
XPB,sent_gaze_sacc_eeg_means,668,0,Normal
XPB,sent_gaze_sacc_eeg_means,669,0,Normal
XPB,sent_gaze_sacc_eeg_means,670,0,Normal
XPB,sent_gaze_sacc_eeg_means,671,0,Normal
XPB,sent_gaze_sacc_eeg_means,672,0,Normal
XPB,sent_gaze_sacc_eeg_means,673,0,Normal
XPB,sent_gaze_sacc_eeg_means,674,0,Normal
XPB,sent_gaze_sacc_eeg_means,675,0,Normal
XPB,sent_gaze_sacc_eeg_means,676,0,Normal
XPB,sent_gaze_sacc_eeg_means,677,0,Normal
XPB,sent_gaze_sacc_eeg_means,678,0,Normal
XPB,sent_gaze_sacc_eeg_means,679,0,Normal
XPB,sent_gaze_sacc_eeg_means,680,0,Normal
XPB,sent_gaze_sacc_eeg_means,681,0,Normal
XPB,sent_gaze_sacc_eeg_means,682,0,Normal
XPB,sent_gaze_sacc_eeg_means,683,0,Normal
XPB,sent_gaze_sacc_eeg_means,684,0,Normal
XPB,sent_gaze_sacc_eeg_means,685,0,Normal
XPB,sent_gaze_sacc_eeg_means,686,0,Normal
XPB,sent_gaze_sacc_eeg_means,687,0,Normal
XPB,sent_gaze_sacc_eeg_means,688,0,Normal
XPB,sent_gaze_sacc_eeg_means,689,0,Normal
XPB,sent_gaze_sacc_eeg_means,690,0,Normal
XPB,sent_gaze_sacc_eeg_means,691,0,Normal
XPB,sent_gaze_sacc_eeg_means,692,0,Normal
XPB,sent_gaze_sacc_eeg_means,693,0,Normal
XPB,sent_gaze_sacc_eeg_means,694,0,Normal
XPB,sent_gaze_sacc_eeg_means,695,0,Normal
XPB,sent_gaze_sacc_eeg_means,696,0,Normal
XPB,sent_gaze_sacc_eeg_means,697,0,Normal
XPB,sent_gaze_sacc_eeg_means,698,0,Normal
XPB,sent_gaze_sacc_eeg_means,699,0,Normal
XPB,sent_gaze_sacc_eeg_means,700,0,Normal
XPB,sent_gaze_sacc_eeg_means,701,0,Normal
XPB,sent_gaze_sacc_eeg_means,702,0,Normal
XPB,sent_gaze_sacc_eeg_means,703,0,Normal
XPB,sent_gaze_sacc_eeg_means,704,0,Normal
XPB,sent_gaze_sacc_eeg_means,705,0,Normal
XPB,sent_gaze_sacc_eeg_means,706,0,Normal
XPB,sent_gaze_sacc_eeg_means,707,0,Normal
XPB,sent_gaze_sacc_eeg_means,708,0,Normal
XPB,sent_gaze_sacc_eeg_means,709,0,Normal
XPB,sent_gaze_sacc_eeg_means,710,0,Normal
XPB,sent_gaze_sacc_eeg_means,711,0,Normal
XPB,sent_gaze_sacc_eeg_means,712,0,Normal
XPB,sent_gaze_sacc_eeg_means,713,0,Normal
XPB,sent_gaze_sacc_eeg_means,714,0,Normal
XPB,sent_gaze_sacc_eeg_means,715,0,Normal
XPB,sent_gaze_sacc_eeg_means,716,0,Normal
XPB,sent_gaze_sacc_eeg_means,717,0,Normal
XPB,sent_gaze_sacc_eeg_means,718,0,Normal
XPB,sent_gaze_sacc_eeg_means,719,0,Normal
XPB,sent_gaze_sacc_eeg_means,720,0,Normal
XPB,sent_gaze_sacc_eeg_means,721,0,Normal
XPB,sent_gaze_sacc_eeg_means,722,0,Normal
XPB,sent_gaze_sacc_eeg_means,723,0,Normal
XPB,sent_gaze_sacc_eeg_means,724,0,Normal
XPB,sent_gaze_sacc_eeg_means,725,0,Normal
XPB,sent_gaze_sacc_eeg_means,726,0,Normal
XPB,sent_gaze_sacc_eeg_means,727,0,Normal
XPB,sent_gaze_sacc_eeg_means,728,0,Normal
XPB,sent_gaze_sacc_eeg_means,729,0,Normal
XPB,sent_gaze_sacc_eeg_means,730,0,Normal
XPB,sent_gaze_sacc_eeg_means,731,0,Normal
XPB,sent_gaze_sacc_eeg_means,732,0,Normal
XPB,sent_gaze_sacc_eeg_means,733,0,Normal
XPB,sent_gaze_sacc_eeg_means,734,0,Normal
XPB,sent_gaze_sacc_eeg_means,735,0,Normal
XPB,sent_gaze_sacc_eeg_means,736,0,Normal
XPB,sent_gaze_sacc_eeg_means,737,0,Normal
XPB,sent_gaze_sacc_eeg_means,738,0,Normal
XSE,sent_gaze_sacc_eeg_means,0,0,Normal
XSE,sent_gaze_sacc_eeg_means,1,0,Normal
XSE,sent_gaze_sacc_eeg_means,2,0,Normal
XSE,sent_gaze_sacc_eeg_means,3,0,Normal
XSE,sent_gaze_sacc_eeg_means,4,0,Normal
XSE,sent_gaze_sacc_eeg_means,5,0,Normal
XSE,sent_gaze_sacc_eeg_means,6,0,Normal
XSE,sent_gaze_sacc_eeg_means,7,0,Normal
XSE,sent_gaze_sacc_eeg_means,8,0,Normal
XSE,sent_gaze_sacc_eeg_means,9,0,Normal
XSE,sent_gaze_sacc_eeg_means,10,0,Normal
XSE,sent_gaze_sacc_eeg_means,11,0,Normal
XSE,sent_gaze_sacc_eeg_means,12,0,Normal
XSE,sent_gaze_sacc_eeg_means,13,0,Normal
XSE,sent_gaze_sacc_eeg_means,14,0,Normal
XSE,sent_gaze_sacc_eeg_means,15,0,Normal
XSE,sent_gaze_sacc_eeg_means,16,0,Normal
XSE,sent_gaze_sacc_eeg_means,17,0,Normal
XSE,sent_gaze_sacc_eeg_means,18,0,Normal
XSE,sent_gaze_sacc_eeg_means,19,0,Normal
XSE,sent_gaze_sacc_eeg_means,20,0,Normal
XSE,sent_gaze_sacc_eeg_means,21,0,Normal
XSE,sent_gaze_sacc_eeg_means,22,0,Normal
XSE,sent_gaze_sacc_eeg_means,23,0,Normal
XSE,sent_gaze_sacc_eeg_means,24,0,Normal
XSE,sent_gaze_sacc_eeg_means,25,0,Normal
XSE,sent_gaze_sacc_eeg_means,26,0,Normal
XSE,sent_gaze_sacc_eeg_means,27,0,Normal
XSE,sent_gaze_sacc_eeg_means,28,0,Normal
XSE,sent_gaze_sacc_eeg_means,29,0,Normal
XSE,sent_gaze_sacc_eeg_means,30,0,Normal
XSE,sent_gaze_sacc_eeg_means,31,0,Normal
XSE,sent_gaze_sacc_eeg_means,32,0,Normal
XSE,sent_gaze_sacc_eeg_means,33,0,Normal
XSE,sent_gaze_sacc_eeg_means,34,0,Normal
XSE,sent_gaze_sacc_eeg_means,35,0,Normal
XSE,sent_gaze_sacc_eeg_means,36,0,Normal
XSE,sent_gaze_sacc_eeg_means,37,0,Normal
XSE,sent_gaze_sacc_eeg_means,38,0,Normal
XSE,sent_gaze_sacc_eeg_means,39,0,Normal
XSE,sent_gaze_sacc_eeg_means,40,0,Normal
XSE,sent_gaze_sacc_eeg_means,41,0,Normal
XSE,sent_gaze_sacc_eeg_means,42,0,Normal
XSE,sent_gaze_sacc_eeg_means,43,0,Normal
XSE,sent_gaze_sacc_eeg_means,44,0,Normal
XSE,sent_gaze_sacc_eeg_means,45,0,Normal
XSE,sent_gaze_sacc_eeg_means,46,0,Normal
XSE,sent_gaze_sacc_eeg_means,47,0,Normal
XSE,sent_gaze_sacc_eeg_means,48,0,Normal
XSE,sent_gaze_sacc_eeg_means,49,0,Normal
XSE,sent_gaze_sacc_eeg_means,50,0,Normal
XSE,sent_gaze_sacc_eeg_means,51,0,Normal
XSE,sent_gaze_sacc_eeg_means,52,0,Normal
XSE,sent_gaze_sacc_eeg_means,53,0,Normal
XSE,sent_gaze_sacc_eeg_means,54,0,Normal
XSE,sent_gaze_sacc_eeg_means,55,0,Normal
XSE,sent_gaze_sacc_eeg_means,56,0,Normal
XSE,sent_gaze_sacc_eeg_means,57,0,Normal
XSE,sent_gaze_sacc_eeg_means,58,0,Normal
XSE,sent_gaze_sacc_eeg_means,59,0,Normal
XSE,sent_gaze_sacc_eeg_means,60,0,Normal
XSE,sent_gaze_sacc_eeg_means,61,0,Normal
XSE,sent_gaze_sacc_eeg_means,62,0,Normal
XSE,sent_gaze_sacc_eeg_means,63,0,Normal
XSE,sent_gaze_sacc_eeg_means,64,0,Normal
XSE,sent_gaze_sacc_eeg_means,65,0,Normal
XSE,sent_gaze_sacc_eeg_means,66,0,Normal
XSE,sent_gaze_sacc_eeg_means,67,0,Normal
XSE,sent_gaze_sacc_eeg_means,68,0,Normal
XSE,sent_gaze_sacc_eeg_means,69,0,Normal
XSE,sent_gaze_sacc_eeg_means,70,0,Normal
XSE,sent_gaze_sacc_eeg_means,71,0,Normal
XSE,sent_gaze_sacc_eeg_means,72,0,Normal
XSE,sent_gaze_sacc_eeg_means,73,0,Normal
XSE,sent_gaze_sacc_eeg_means,74,0,Normal
XSE,sent_gaze_sacc_eeg_means,75,0,Normal
XSE,sent_gaze_sacc_eeg_means,76,0,Normal
XSE,sent_gaze_sacc_eeg_means,77,0,Normal
XSE,sent_gaze_sacc_eeg_means,78,0,Normal
XSE,sent_gaze_sacc_eeg_means,79,0,Normal
XSE,sent_gaze_sacc_eeg_means,80,0,Normal
XSE,sent_gaze_sacc_eeg_means,81,0,Normal
XSE,sent_gaze_sacc_eeg_means,82,0,Normal
XSE,sent_gaze_sacc_eeg_means,83,0,Normal
XSE,sent_gaze_sacc_eeg_means,84,0,Normal
XSE,sent_gaze_sacc_eeg_means,85,0,Normal
XSE,sent_gaze_sacc_eeg_means,86,0,Normal
XSE,sent_gaze_sacc_eeg_means,87,0,Normal
XSE,sent_gaze_sacc_eeg_means,88,0,Normal
XSE,sent_gaze_sacc_eeg_means,89,0,Normal
XSE,sent_gaze_sacc_eeg_means,90,0,Normal
XSE,sent_gaze_sacc_eeg_means,91,0,Normal
XSE,sent_gaze_sacc_eeg_means,92,0,Normal
XSE,sent_gaze_sacc_eeg_means,93,0,Normal
XSE,sent_gaze_sacc_eeg_means,94,0,Normal
XSE,sent_gaze_sacc_eeg_means,95,0,Normal
XSE,sent_gaze_sacc_eeg_means,96,0,Normal
XSE,sent_gaze_sacc_eeg_means,97,0,Normal
XSE,sent_gaze_sacc_eeg_means,98,0,Normal
XSE,sent_gaze_sacc_eeg_means,99,0,Normal
XSE,sent_gaze_sacc_eeg_means,100,0,Normal
XSE,sent_gaze_sacc_eeg_means,101,0,Normal
XSE,sent_gaze_sacc_eeg_means,102,0,Normal
XSE,sent_gaze_sacc_eeg_means,103,0,Normal
XSE,sent_gaze_sacc_eeg_means,104,0,Normal
XSE,sent_gaze_sacc_eeg_means,105,0,Normal
XSE,sent_gaze_sacc_eeg_means,106,0,Normal
XSE,sent_gaze_sacc_eeg_means,107,0,Normal
XSE,sent_gaze_sacc_eeg_means,108,0,Normal
XSE,sent_gaze_sacc_eeg_means,109,0,Normal
XSE,sent_gaze_sacc_eeg_means,110,0,Normal
XSE,sent_gaze_sacc_eeg_means,111,0,Normal
XSE,sent_gaze_sacc_eeg_means,112,0,Normal
XSE,sent_gaze_sacc_eeg_means,113,0,Normal
XSE,sent_gaze_sacc_eeg_means,114,0,Normal
XSE,sent_gaze_sacc_eeg_means,115,0,Normal
XSE,sent_gaze_sacc_eeg_means,116,0,Normal
XSE,sent_gaze_sacc_eeg_means,117,0,Normal
XSE,sent_gaze_sacc_eeg_means,118,0,Normal
XSE,sent_gaze_sacc_eeg_means,119,0,Normal
XSE,sent_gaze_sacc_eeg_means,120,0,Normal
XSE,sent_gaze_sacc_eeg_means,121,0,Normal
XSE,sent_gaze_sacc_eeg_means,122,0,Normal
XSE,sent_gaze_sacc_eeg_means,123,0,Normal
XSE,sent_gaze_sacc_eeg_means,124,0,Normal
XSE,sent_gaze_sacc_eeg_means,125,0,Normal
XSE,sent_gaze_sacc_eeg_means,126,0,Normal
XSE,sent_gaze_sacc_eeg_means,127,0,Normal
XSE,sent_gaze_sacc_eeg_means,128,0,Normal
XSE,sent_gaze_sacc_eeg_means,129,0,Normal
XSE,sent_gaze_sacc_eeg_means,130,0,Normal
XSE,sent_gaze_sacc_eeg_means,131,0,Normal
XSE,sent_gaze_sacc_eeg_means,132,0,Normal
XSE,sent_gaze_sacc_eeg_means,133,0,Normal
XSE,sent_gaze_sacc_eeg_means,134,0,Normal
XSE,sent_gaze_sacc_eeg_means,135,0,Normal
XSE,sent_gaze_sacc_eeg_means,136,0,Normal
XSE,sent_gaze_sacc_eeg_means,137,0,Normal
XSE,sent_gaze_sacc_eeg_means,138,0,Normal
XSE,sent_gaze_sacc_eeg_means,139,0,Normal
XSE,sent_gaze_sacc_eeg_means,140,0,Normal
XSE,sent_gaze_sacc_eeg_means,141,0,Normal
XSE,sent_gaze_sacc_eeg_means,142,0,Normal
XSE,sent_gaze_sacc_eeg_means,143,0,Normal
XSE,sent_gaze_sacc_eeg_means,144,0,Normal
XSE,sent_gaze_sacc_eeg_means,145,0,Normal
XSE,sent_gaze_sacc_eeg_means,146,0,Normal
XSE,sent_gaze_sacc_eeg_means,147,0,Normal
XSE,sent_gaze_sacc_eeg_means,148,0,Normal
XSE,sent_gaze_sacc_eeg_means,149,0,Normal
XSE,sent_gaze_sacc_eeg_means,150,0,Normal
XSE,sent_gaze_sacc_eeg_means,151,0,Normal
XSE,sent_gaze_sacc_eeg_means,152,0,Normal
XSE,sent_gaze_sacc_eeg_means,153,0,Normal
XSE,sent_gaze_sacc_eeg_means,154,0,Normal
XSE,sent_gaze_sacc_eeg_means,155,0,Normal
XSE,sent_gaze_sacc_eeg_means,156,0,Normal
XSE,sent_gaze_sacc_eeg_means,157,0,Normal
XSE,sent_gaze_sacc_eeg_means,158,0,Normal
XSE,sent_gaze_sacc_eeg_means,159,0,Normal
XSE,sent_gaze_sacc_eeg_means,160,0,Normal
XSE,sent_gaze_sacc_eeg_means,161,0,Normal
XSE,sent_gaze_sacc_eeg_means,162,0,Normal
XSE,sent_gaze_sacc_eeg_means,163,0,Normal
XSE,sent_gaze_sacc_eeg_means,164,0,Normal
XSE,sent_gaze_sacc_eeg_means,165,0,Normal
XSE,sent_gaze_sacc_eeg_means,166,0,Normal
XSE,sent_gaze_sacc_eeg_means,167,0,Normal
XSE,sent_gaze_sacc_eeg_means,168,0,Normal
XSE,sent_gaze_sacc_eeg_means,169,0,Normal
XSE,sent_gaze_sacc_eeg_means,170,0,Normal
XSE,sent_gaze_sacc_eeg_means,171,0,Normal
XSE,sent_gaze_sacc_eeg_means,172,0,Normal
XSE,sent_gaze_sacc_eeg_means,173,0,Normal
XSE,sent_gaze_sacc_eeg_means,174,0,Normal
XSE,sent_gaze_sacc_eeg_means,175,0,Normal
XSE,sent_gaze_sacc_eeg_means,176,0,Normal
XSE,sent_gaze_sacc_eeg_means,177,0,Normal
XSE,sent_gaze_sacc_eeg_means,178,0,Normal
XSE,sent_gaze_sacc_eeg_means,179,0,Normal
XSE,sent_gaze_sacc_eeg_means,180,0,Normal
XSE,sent_gaze_sacc_eeg_means,181,0,Normal
XSE,sent_gaze_sacc_eeg_means,182,0,Normal
XSE,sent_gaze_sacc_eeg_means,183,0,Normal
XSE,sent_gaze_sacc_eeg_means,184,0,Normal
XSE,sent_gaze_sacc_eeg_means,185,0,Normal
XSE,sent_gaze_sacc_eeg_means,186,0,Normal
XSE,sent_gaze_sacc_eeg_means,187,0,Normal
XSE,sent_gaze_sacc_eeg_means,188,0,Normal
XSE,sent_gaze_sacc_eeg_means,189,0,Normal
XSE,sent_gaze_sacc_eeg_means,190,0,Normal
XSE,sent_gaze_sacc_eeg_means,191,0,Normal
XSE,sent_gaze_sacc_eeg_means,192,0,Normal
XSE,sent_gaze_sacc_eeg_means,193,0,Normal
XSE,sent_gaze_sacc_eeg_means,194,0,Normal
XSE,sent_gaze_sacc_eeg_means,195,0,Normal
XSE,sent_gaze_sacc_eeg_means,196,0,Normal
XSE,sent_gaze_sacc_eeg_means,197,0,Normal
XSE,sent_gaze_sacc_eeg_means,198,0,Normal
XSE,sent_gaze_sacc_eeg_means,199,0,Normal
XSE,sent_gaze_sacc_eeg_means,200,0,Normal
XSE,sent_gaze_sacc_eeg_means,201,0,Normal
XSE,sent_gaze_sacc_eeg_means,202,0,Normal
XSE,sent_gaze_sacc_eeg_means,203,0,Normal
XSE,sent_gaze_sacc_eeg_means,204,0,Normal
XSE,sent_gaze_sacc_eeg_means,205,0,Normal
XSE,sent_gaze_sacc_eeg_means,206,0,Normal
XSE,sent_gaze_sacc_eeg_means,207,0,Normal
XSE,sent_gaze_sacc_eeg_means,208,0,Normal
XSE,sent_gaze_sacc_eeg_means,209,0,Normal
XSE,sent_gaze_sacc_eeg_means,210,0,Normal
XSE,sent_gaze_sacc_eeg_means,211,0,Normal
XSE,sent_gaze_sacc_eeg_means,212,0,Normal
XSE,sent_gaze_sacc_eeg_means,213,0,Normal
XSE,sent_gaze_sacc_eeg_means,214,0,Normal
XSE,sent_gaze_sacc_eeg_means,215,0,Normal
XSE,sent_gaze_sacc_eeg_means,216,0,Normal
XSE,sent_gaze_sacc_eeg_means,217,0,Normal
XSE,sent_gaze_sacc_eeg_means,218,0,Normal
XSE,sent_gaze_sacc_eeg_means,219,0,Normal
XSE,sent_gaze_sacc_eeg_means,220,0,Normal
XSE,sent_gaze_sacc_eeg_means,221,0,Normal
XSE,sent_gaze_sacc_eeg_means,222,0,Normal
XSE,sent_gaze_sacc_eeg_means,223,0,Normal
XSE,sent_gaze_sacc_eeg_means,224,0,Normal
XSE,sent_gaze_sacc_eeg_means,225,0,Normal
XSE,sent_gaze_sacc_eeg_means,226,0,Normal
XSE,sent_gaze_sacc_eeg_means,227,0,Normal
XSE,sent_gaze_sacc_eeg_means,228,0,Normal
XSE,sent_gaze_sacc_eeg_means,229,0,Normal
XSE,sent_gaze_sacc_eeg_means,230,0,Normal
XSE,sent_gaze_sacc_eeg_means,231,0,Normal
XSE,sent_gaze_sacc_eeg_means,232,0,Normal
XSE,sent_gaze_sacc_eeg_means,233,0,Normal
XSE,sent_gaze_sacc_eeg_means,234,0,Normal
XSE,sent_gaze_sacc_eeg_means,235,0,Normal
XSE,sent_gaze_sacc_eeg_means,236,0,Normal
XSE,sent_gaze_sacc_eeg_means,237,0,Normal
XSE,sent_gaze_sacc_eeg_means,238,0,Normal
XSE,sent_gaze_sacc_eeg_means,239,0,Normal
XSE,sent_gaze_sacc_eeg_means,240,0,Normal
XSE,sent_gaze_sacc_eeg_means,241,0,Normal
XSE,sent_gaze_sacc_eeg_means,242,0,Normal
XSE,sent_gaze_sacc_eeg_means,243,0,Normal
XSE,sent_gaze_sacc_eeg_means,244,0,Normal
XSE,sent_gaze_sacc_eeg_means,245,0,Normal
XSE,sent_gaze_sacc_eeg_means,246,0,Normal
XSE,sent_gaze_sacc_eeg_means,247,0,Normal
XSE,sent_gaze_sacc_eeg_means,248,0,Normal
XSE,sent_gaze_sacc_eeg_means,249,0,Normal
XSE,sent_gaze_sacc_eeg_means,250,0,Normal
XSE,sent_gaze_sacc_eeg_means,251,0,Normal
XSE,sent_gaze_sacc_eeg_means,252,0,Normal
XSE,sent_gaze_sacc_eeg_means,253,0,Normal
XSE,sent_gaze_sacc_eeg_means,254,0,Normal
XSE,sent_gaze_sacc_eeg_means,255,0,Normal
XSE,sent_gaze_sacc_eeg_means,256,0,Normal
XSE,sent_gaze_sacc_eeg_means,257,0,Normal
XSE,sent_gaze_sacc_eeg_means,258,0,Normal
XSE,sent_gaze_sacc_eeg_means,259,0,Normal
XSE,sent_gaze_sacc_eeg_means,260,0,Normal
XSE,sent_gaze_sacc_eeg_means,261,0,Normal
XSE,sent_gaze_sacc_eeg_means,262,0,Normal
XSE,sent_gaze_sacc_eeg_means,263,0,Normal
XSE,sent_gaze_sacc_eeg_means,264,0,Normal
XSE,sent_gaze_sacc_eeg_means,265,0,Normal
XSE,sent_gaze_sacc_eeg_means,266,0,Normal
XSE,sent_gaze_sacc_eeg_means,267,0,Normal
XSE,sent_gaze_sacc_eeg_means,268,0,Normal
XSE,sent_gaze_sacc_eeg_means,269,0,Normal
XSE,sent_gaze_sacc_eeg_means,270,0,Normal
XSE,sent_gaze_sacc_eeg_means,271,0,Normal
XSE,sent_gaze_sacc_eeg_means,272,0,Normal
XSE,sent_gaze_sacc_eeg_means,273,0,Normal
XSE,sent_gaze_sacc_eeg_means,274,0,Normal
XSE,sent_gaze_sacc_eeg_means,275,0,Normal
XSE,sent_gaze_sacc_eeg_means,276,0,Normal
XSE,sent_gaze_sacc_eeg_means,277,0,Normal
XSE,sent_gaze_sacc_eeg_means,278,0,Normal
XSE,sent_gaze_sacc_eeg_means,279,0,Normal
XSE,sent_gaze_sacc_eeg_means,280,0,Normal
XSE,sent_gaze_sacc_eeg_means,281,0,Normal
XSE,sent_gaze_sacc_eeg_means,282,0,Normal
XSE,sent_gaze_sacc_eeg_means,283,0,Normal
XSE,sent_gaze_sacc_eeg_means,284,0,Normal
XSE,sent_gaze_sacc_eeg_means,285,0,Normal
XSE,sent_gaze_sacc_eeg_means,286,0,Normal
XSE,sent_gaze_sacc_eeg_means,287,0,Normal
XSE,sent_gaze_sacc_eeg_means,288,0,Normal
XSE,sent_gaze_sacc_eeg_means,289,0,Normal
XSE,sent_gaze_sacc_eeg_means,290,0,Normal
XSE,sent_gaze_sacc_eeg_means,291,0,Normal
XSE,sent_gaze_sacc_eeg_means,292,0,Normal
XSE,sent_gaze_sacc_eeg_means,293,0,Normal
XSE,sent_gaze_sacc_eeg_means,294,0,Normal
XSE,sent_gaze_sacc_eeg_means,295,0,Normal
XSE,sent_gaze_sacc_eeg_means,296,0,Normal
XSE,sent_gaze_sacc_eeg_means,297,0,Normal
XSE,sent_gaze_sacc_eeg_means,298,0,Normal
XSE,sent_gaze_sacc_eeg_means,299,0,Normal
XSE,sent_gaze_sacc_eeg_means,300,0,Normal
XSE,sent_gaze_sacc_eeg_means,301,0,Normal
XSE,sent_gaze_sacc_eeg_means,302,0,Normal
XSE,sent_gaze_sacc_eeg_means,303,0,Normal
XSE,sent_gaze_sacc_eeg_means,304,0,Normal
XSE,sent_gaze_sacc_eeg_means,305,0,Normal
XSE,sent_gaze_sacc_eeg_means,306,0,Normal
XSE,sent_gaze_sacc_eeg_means,307,0,Normal
XSE,sent_gaze_sacc_eeg_means,308,0,Normal
XSE,sent_gaze_sacc_eeg_means,309,0,Normal
XSE,sent_gaze_sacc_eeg_means,310,0,Normal
XSE,sent_gaze_sacc_eeg_means,311,0,Normal
XSE,sent_gaze_sacc_eeg_means,312,0,Normal
XSE,sent_gaze_sacc_eeg_means,313,0,Normal
XSE,sent_gaze_sacc_eeg_means,314,0,Normal
XSE,sent_gaze_sacc_eeg_means,315,0,Normal
XSE,sent_gaze_sacc_eeg_means,316,0,Normal
XSE,sent_gaze_sacc_eeg_means,317,0,Normal
XSE,sent_gaze_sacc_eeg_means,318,0,Normal
XSE,sent_gaze_sacc_eeg_means,319,0,Normal
XSE,sent_gaze_sacc_eeg_means,320,0,Normal
XSE,sent_gaze_sacc_eeg_means,321,0,Normal
XSE,sent_gaze_sacc_eeg_means,322,0,Normal
XSE,sent_gaze_sacc_eeg_means,323,0,Normal
XSE,sent_gaze_sacc_eeg_means,324,0,Normal
XSE,sent_gaze_sacc_eeg_means,325,0,Normal
XSE,sent_gaze_sacc_eeg_means,326,0,Normal
XSE,sent_gaze_sacc_eeg_means,327,0,Normal
XSE,sent_gaze_sacc_eeg_means,328,0,Normal
XSE,sent_gaze_sacc_eeg_means,329,0,Normal
XSE,sent_gaze_sacc_eeg_means,330,0,Normal
XSE,sent_gaze_sacc_eeg_means,331,0,Normal
XSE,sent_gaze_sacc_eeg_means,332,0,Normal
XSE,sent_gaze_sacc_eeg_means,333,0,Normal
XSE,sent_gaze_sacc_eeg_means,334,0,Normal
XSE,sent_gaze_sacc_eeg_means,335,0,Normal
XSE,sent_gaze_sacc_eeg_means,336,0,Normal
XSE,sent_gaze_sacc_eeg_means,337,0,Normal
XSE,sent_gaze_sacc_eeg_means,338,0,Normal
XSE,sent_gaze_sacc_eeg_means,339,0,Normal
XSE,sent_gaze_sacc_eeg_means,340,0,Normal
XSE,sent_gaze_sacc_eeg_means,341,0,Normal
XSE,sent_gaze_sacc_eeg_means,342,0,Normal
XSE,sent_gaze_sacc_eeg_means,343,0,Normal
XSE,sent_gaze_sacc_eeg_means,344,0,Normal
XSE,sent_gaze_sacc_eeg_means,345,0,Normal
XSE,sent_gaze_sacc_eeg_means,346,0,Normal
XSE,sent_gaze_sacc_eeg_means,347,0,Normal
XSE,sent_gaze_sacc_eeg_means,348,0,Normal
XSE,sent_gaze_sacc_eeg_means,349,0,Normal
XSE,sent_gaze_sacc_eeg_means,350,0,Normal
XSE,sent_gaze_sacc_eeg_means,351,0,Normal
XSE,sent_gaze_sacc_eeg_means,352,0,Normal
XSE,sent_gaze_sacc_eeg_means,353,0,Normal
XSE,sent_gaze_sacc_eeg_means,354,0,Normal
XSE,sent_gaze_sacc_eeg_means,355,0,Normal
XSE,sent_gaze_sacc_eeg_means,356,0,Normal
XSE,sent_gaze_sacc_eeg_means,357,0,Normal
XSE,sent_gaze_sacc_eeg_means,358,0,Normal
XSE,sent_gaze_sacc_eeg_means,359,0,Normal
XSE,sent_gaze_sacc_eeg_means,360,0,Normal
XSE,sent_gaze_sacc_eeg_means,361,0,Normal
XSE,sent_gaze_sacc_eeg_means,362,0,Normal
XSE,sent_gaze_sacc_eeg_means,363,0,Normal
XSE,sent_gaze_sacc_eeg_means,364,0,Normal
XSE,sent_gaze_sacc_eeg_means,365,0,Normal
XSE,sent_gaze_sacc_eeg_means,366,0,Normal
XSE,sent_gaze_sacc_eeg_means,367,0,Normal
XSE,sent_gaze_sacc_eeg_means,368,0,Normal
XSE,sent_gaze_sacc_eeg_means,369,0,Normal
XSE,sent_gaze_sacc_eeg_means,370,0,Normal
XSE,sent_gaze_sacc_eeg_means,371,0,Normal
XSE,sent_gaze_sacc_eeg_means,372,0,Normal
XSE,sent_gaze_sacc_eeg_means,373,0,Normal
XSE,sent_gaze_sacc_eeg_means,374,0,Normal
XSE,sent_gaze_sacc_eeg_means,375,0,Normal
XSE,sent_gaze_sacc_eeg_means,376,0,Normal
XSE,sent_gaze_sacc_eeg_means,377,0,Normal
XSE,sent_gaze_sacc_eeg_means,378,0,Normal
XSE,sent_gaze_sacc_eeg_means,379,0,Normal
XSE,sent_gaze_sacc_eeg_means,380,0,Normal
XSE,sent_gaze_sacc_eeg_means,381,0,Normal
XSE,sent_gaze_sacc_eeg_means,382,0,Normal
XSE,sent_gaze_sacc_eeg_means,383,0,Normal
XSE,sent_gaze_sacc_eeg_means,384,0,Normal
XSE,sent_gaze_sacc_eeg_means,385,0,Normal
XSE,sent_gaze_sacc_eeg_means,386,0,Normal
XSE,sent_gaze_sacc_eeg_means,387,0,Normal
XSE,sent_gaze_sacc_eeg_means,388,0,Normal
XSE,sent_gaze_sacc_eeg_means,389,0,Normal
XSE,sent_gaze_sacc_eeg_means,390,0,Normal
XSE,sent_gaze_sacc_eeg_means,391,0,Normal
XSE,sent_gaze_sacc_eeg_means,392,0,Normal
XSE,sent_gaze_sacc_eeg_means,393,0,Normal
XSE,sent_gaze_sacc_eeg_means,394,0,Normal
XSE,sent_gaze_sacc_eeg_means,395,0,Normal
XSE,sent_gaze_sacc_eeg_means,396,0,Normal
XSE,sent_gaze_sacc_eeg_means,397,0,Normal
XSE,sent_gaze_sacc_eeg_means,398,0,Normal
XSE,sent_gaze_sacc_eeg_means,399,0,Normal
XSE,sent_gaze_sacc_eeg_means,400,0,Normal
XSE,sent_gaze_sacc_eeg_means,401,0,Normal
XSE,sent_gaze_sacc_eeg_means,402,0,Normal
XSE,sent_gaze_sacc_eeg_means,403,0,Normal
XSE,sent_gaze_sacc_eeg_means,404,0,Normal
XSE,sent_gaze_sacc_eeg_means,405,0,Normal
XSE,sent_gaze_sacc_eeg_means,406,0,Normal
XSE,sent_gaze_sacc_eeg_means,407,0,Normal
XSE,sent_gaze_sacc_eeg_means,408,0,Normal
XSE,sent_gaze_sacc_eeg_means,409,0,Normal
XSE,sent_gaze_sacc_eeg_means,410,0,Normal
XSE,sent_gaze_sacc_eeg_means,411,0,Normal
XSE,sent_gaze_sacc_eeg_means,412,0,Normal
XSE,sent_gaze_sacc_eeg_means,413,0,Normal
XSE,sent_gaze_sacc_eeg_means,414,0,Normal
XSE,sent_gaze_sacc_eeg_means,415,0,Normal
XSE,sent_gaze_sacc_eeg_means,416,0,Normal
XSE,sent_gaze_sacc_eeg_means,417,0,Normal
XSE,sent_gaze_sacc_eeg_means,418,0,Normal
XSE,sent_gaze_sacc_eeg_means,419,0,Normal
XSE,sent_gaze_sacc_eeg_means,420,0,Normal
XSE,sent_gaze_sacc_eeg_means,421,0,Normal
XSE,sent_gaze_sacc_eeg_means,422,0,Normal
XSE,sent_gaze_sacc_eeg_means,423,0,Normal
XSE,sent_gaze_sacc_eeg_means,424,0,Normal
XSE,sent_gaze_sacc_eeg_means,425,0,Normal
XSE,sent_gaze_sacc_eeg_means,426,0,Normal
XSE,sent_gaze_sacc_eeg_means,427,0,Normal
XSE,sent_gaze_sacc_eeg_means,428,0,Normal
XSE,sent_gaze_sacc_eeg_means,429,0,Normal
XSE,sent_gaze_sacc_eeg_means,430,0,Normal
XSE,sent_gaze_sacc_eeg_means,431,0,Normal
XSE,sent_gaze_sacc_eeg_means,432,0,Normal
XSE,sent_gaze_sacc_eeg_means,433,0,Normal
XSE,sent_gaze_sacc_eeg_means,434,0,Normal
XSE,sent_gaze_sacc_eeg_means,435,0,Normal
XSE,sent_gaze_sacc_eeg_means,436,0,Normal
XSE,sent_gaze_sacc_eeg_means,437,0,Normal
XSE,sent_gaze_sacc_eeg_means,438,0,Normal
XSE,sent_gaze_sacc_eeg_means,439,0,Normal
XSE,sent_gaze_sacc_eeg_means,440,0,Normal
XSE,sent_gaze_sacc_eeg_means,441,0,Normal
XSE,sent_gaze_sacc_eeg_means,442,0,Normal
XSE,sent_gaze_sacc_eeg_means,443,0,Normal
XSE,sent_gaze_sacc_eeg_means,444,0,Normal
XSE,sent_gaze_sacc_eeg_means,445,0,Normal
XSE,sent_gaze_sacc_eeg_means,446,0,Normal
XSE,sent_gaze_sacc_eeg_means,447,0,Normal
XSE,sent_gaze_sacc_eeg_means,448,0,Normal
XSE,sent_gaze_sacc_eeg_means,449,0,Normal
XSE,sent_gaze_sacc_eeg_means,450,0,Normal
XSE,sent_gaze_sacc_eeg_means,451,0,Normal
XSE,sent_gaze_sacc_eeg_means,452,0,Normal
XSE,sent_gaze_sacc_eeg_means,453,0,Normal
XSE,sent_gaze_sacc_eeg_means,454,0,Normal
XSE,sent_gaze_sacc_eeg_means,455,0,Normal
XSE,sent_gaze_sacc_eeg_means,456,0,Normal
XSE,sent_gaze_sacc_eeg_means,457,0,Normal
XSE,sent_gaze_sacc_eeg_means,458,0,Normal
XSE,sent_gaze_sacc_eeg_means,459,0,Normal
XSE,sent_gaze_sacc_eeg_means,460,0,Normal
XSE,sent_gaze_sacc_eeg_means,461,0,Normal
XSE,sent_gaze_sacc_eeg_means,462,0,Normal
XSE,sent_gaze_sacc_eeg_means,463,0,Normal
XSE,sent_gaze_sacc_eeg_means,464,0,Normal
XSE,sent_gaze_sacc_eeg_means,465,0,Normal
XSE,sent_gaze_sacc_eeg_means,466,0,Normal
XSE,sent_gaze_sacc_eeg_means,467,0,Normal
XSE,sent_gaze_sacc_eeg_means,468,0,Normal
XSE,sent_gaze_sacc_eeg_means,469,0,Normal
XSE,sent_gaze_sacc_eeg_means,470,0,Normal
XSE,sent_gaze_sacc_eeg_means,471,0,Normal
XSE,sent_gaze_sacc_eeg_means,472,0,Normal
XSE,sent_gaze_sacc_eeg_means,473,0,Normal
XSE,sent_gaze_sacc_eeg_means,474,0,Normal
XSE,sent_gaze_sacc_eeg_means,475,0,Normal
XSE,sent_gaze_sacc_eeg_means,476,0,Normal
XSE,sent_gaze_sacc_eeg_means,477,0,Normal
XSE,sent_gaze_sacc_eeg_means,478,0,Normal
XSE,sent_gaze_sacc_eeg_means,479,0,Normal
XSE,sent_gaze_sacc_eeg_means,480,0,Normal
XSE,sent_gaze_sacc_eeg_means,481,0,Normal
XSE,sent_gaze_sacc_eeg_means,482,0,Normal
XSE,sent_gaze_sacc_eeg_means,483,0,Normal
XSE,sent_gaze_sacc_eeg_means,484,0,Normal
XSE,sent_gaze_sacc_eeg_means,485,0,Normal
XSE,sent_gaze_sacc_eeg_means,486,0,Normal
XSE,sent_gaze_sacc_eeg_means,487,0,Normal
XSE,sent_gaze_sacc_eeg_means,488,0,Normal
XSE,sent_gaze_sacc_eeg_means,489,0,Normal
XSE,sent_gaze_sacc_eeg_means,490,0,Normal
XSE,sent_gaze_sacc_eeg_means,491,0,Normal
XSE,sent_gaze_sacc_eeg_means,492,0,Normal
XSE,sent_gaze_sacc_eeg_means,493,0,Normal
XSE,sent_gaze_sacc_eeg_means,494,0,Normal
XSE,sent_gaze_sacc_eeg_means,495,0,Normal
XSE,sent_gaze_sacc_eeg_means,496,0,Normal
XSE,sent_gaze_sacc_eeg_means,497,0,Normal
XSE,sent_gaze_sacc_eeg_means,498,0,Normal
XSE,sent_gaze_sacc_eeg_means,499,0,Normal
XSE,sent_gaze_sacc_eeg_means,500,0,Normal
XSE,sent_gaze_sacc_eeg_means,501,0,Normal
XSE,sent_gaze_sacc_eeg_means,502,0,Normal
XSE,sent_gaze_sacc_eeg_means,503,0,Normal
XSE,sent_gaze_sacc_eeg_means,504,0,Normal
XSE,sent_gaze_sacc_eeg_means,505,0,Normal
XSE,sent_gaze_sacc_eeg_means,506,0,Normal
XSE,sent_gaze_sacc_eeg_means,507,0,Normal
XSE,sent_gaze_sacc_eeg_means,508,0,Normal
XSE,sent_gaze_sacc_eeg_means,509,0,Normal
XSE,sent_gaze_sacc_eeg_means,510,0,Normal
XSE,sent_gaze_sacc_eeg_means,511,0,Normal
XSE,sent_gaze_sacc_eeg_means,512,0,Normal
XSE,sent_gaze_sacc_eeg_means,513,0,Normal
XSE,sent_gaze_sacc_eeg_means,514,0,Normal
XSE,sent_gaze_sacc_eeg_means,515,0,Normal
XSE,sent_gaze_sacc_eeg_means,516,0,Normal
XSE,sent_gaze_sacc_eeg_means,517,0,Normal
XSE,sent_gaze_sacc_eeg_means,518,0,Normal
XSE,sent_gaze_sacc_eeg_means,519,0,Normal
XSE,sent_gaze_sacc_eeg_means,520,0,Normal
XSE,sent_gaze_sacc_eeg_means,521,0,Normal
XSE,sent_gaze_sacc_eeg_means,522,0,Normal
XSE,sent_gaze_sacc_eeg_means,523,0,Normal
XSE,sent_gaze_sacc_eeg_means,524,0,Normal
XSE,sent_gaze_sacc_eeg_means,525,0,Normal
XSE,sent_gaze_sacc_eeg_means,526,0,Normal
XSE,sent_gaze_sacc_eeg_means,527,0,Normal
XSE,sent_gaze_sacc_eeg_means,528,0,Normal
XSE,sent_gaze_sacc_eeg_means,529,0,Normal
XSE,sent_gaze_sacc_eeg_means,530,0,Normal
XSE,sent_gaze_sacc_eeg_means,531,0,Normal
XSE,sent_gaze_sacc_eeg_means,532,0,Normal
XSE,sent_gaze_sacc_eeg_means,533,0,Normal
XSE,sent_gaze_sacc_eeg_means,534,0,Normal
XSE,sent_gaze_sacc_eeg_means,535,0,Normal
XSE,sent_gaze_sacc_eeg_means,536,0,Normal
XSE,sent_gaze_sacc_eeg_means,537,0,Normal
XSE,sent_gaze_sacc_eeg_means,538,0,Normal
XSE,sent_gaze_sacc_eeg_means,539,0,Normal
XSE,sent_gaze_sacc_eeg_means,540,0,Normal
XSE,sent_gaze_sacc_eeg_means,541,0,Normal
XSE,sent_gaze_sacc_eeg_means,542,0,Normal
XSE,sent_gaze_sacc_eeg_means,543,0,Normal
XSE,sent_gaze_sacc_eeg_means,544,0,Normal
XSE,sent_gaze_sacc_eeg_means,545,0,Normal
XSE,sent_gaze_sacc_eeg_means,546,0,Normal
XSE,sent_gaze_sacc_eeg_means,547,0,Normal
XSE,sent_gaze_sacc_eeg_means,548,0,Normal
XSE,sent_gaze_sacc_eeg_means,549,0,Normal
XSE,sent_gaze_sacc_eeg_means,550,0,Normal
XSE,sent_gaze_sacc_eeg_means,551,0,Normal
XSE,sent_gaze_sacc_eeg_means,552,0,Normal
XSE,sent_gaze_sacc_eeg_means,553,0,Normal
XSE,sent_gaze_sacc_eeg_means,554,0,Normal
XSE,sent_gaze_sacc_eeg_means,555,0,Normal
XSE,sent_gaze_sacc_eeg_means,556,0,Normal
XSE,sent_gaze_sacc_eeg_means,557,0,Normal
XSE,sent_gaze_sacc_eeg_means,558,0,Normal
XSE,sent_gaze_sacc_eeg_means,559,0,Normal
XSE,sent_gaze_sacc_eeg_means,560,0,Normal
XSE,sent_gaze_sacc_eeg_means,561,0,Normal
XSE,sent_gaze_sacc_eeg_means,562,0,Normal
XSE,sent_gaze_sacc_eeg_means,563,0,Normal
XSE,sent_gaze_sacc_eeg_means,564,0,Normal
XSE,sent_gaze_sacc_eeg_means,565,0,Normal
XSE,sent_gaze_sacc_eeg_means,566,0,Normal
XSE,sent_gaze_sacc_eeg_means,567,0,Normal
XSE,sent_gaze_sacc_eeg_means,568,0,Normal
XSE,sent_gaze_sacc_eeg_means,569,0,Normal
XSE,sent_gaze_sacc_eeg_means,570,0,Normal
XSE,sent_gaze_sacc_eeg_means,571,0,Normal
XSE,sent_gaze_sacc_eeg_means,572,0,Normal
XSE,sent_gaze_sacc_eeg_means,573,0,Normal
XSE,sent_gaze_sacc_eeg_means,574,0,Normal
XSE,sent_gaze_sacc_eeg_means,575,0,Normal
XSE,sent_gaze_sacc_eeg_means,576,0,Normal
XSE,sent_gaze_sacc_eeg_means,577,0,Normal
XSE,sent_gaze_sacc_eeg_means,578,0,Normal
XSE,sent_gaze_sacc_eeg_means,579,0,Normal
XSE,sent_gaze_sacc_eeg_means,580,0,Normal
XSE,sent_gaze_sacc_eeg_means,581,0,Normal
XSE,sent_gaze_sacc_eeg_means,582,0,Normal
XSE,sent_gaze_sacc_eeg_means,583,0,Normal
XSE,sent_gaze_sacc_eeg_means,584,0,Normal
XSE,sent_gaze_sacc_eeg_means,585,0,Normal
XSE,sent_gaze_sacc_eeg_means,586,0,Normal
XSE,sent_gaze_sacc_eeg_means,587,0,Normal
XSE,sent_gaze_sacc_eeg_means,588,0,Normal
XSE,sent_gaze_sacc_eeg_means,589,0,Normal
XSE,sent_gaze_sacc_eeg_means,590,0,Normal
XSE,sent_gaze_sacc_eeg_means,591,0,Normal
XSE,sent_gaze_sacc_eeg_means,592,0,Normal
XSE,sent_gaze_sacc_eeg_means,593,0,Normal
XTR,sent_gaze_sacc_eeg_means,0,0,Normal
XTR,sent_gaze_sacc_eeg_means,1,0,Normal
XTR,sent_gaze_sacc_eeg_means,2,0,Normal
XTR,sent_gaze_sacc_eeg_means,3,0,Normal
XTR,sent_gaze_sacc_eeg_means,4,0,Normal
XTR,sent_gaze_sacc_eeg_means,5,0,Normal
XTR,sent_gaze_sacc_eeg_means,6,0,Normal
XTR,sent_gaze_sacc_eeg_means,7,0,Normal
XTR,sent_gaze_sacc_eeg_means,8,0,Normal
XTR,sent_gaze_sacc_eeg_means,9,0,Normal
XTR,sent_gaze_sacc_eeg_means,10,0,Normal
XTR,sent_gaze_sacc_eeg_means,11,0,Normal
XTR,sent_gaze_sacc_eeg_means,12,0,Normal
XTR,sent_gaze_sacc_eeg_means,13,0,Normal
XTR,sent_gaze_sacc_eeg_means,14,0,Normal
XTR,sent_gaze_sacc_eeg_means,15,0,Normal
XTR,sent_gaze_sacc_eeg_means,16,0,Normal
XTR,sent_gaze_sacc_eeg_means,17,0,Normal
XTR,sent_gaze_sacc_eeg_means,18,0,Normal
XTR,sent_gaze_sacc_eeg_means,19,0,Normal
XTR,sent_gaze_sacc_eeg_means,20,0,Normal
XTR,sent_gaze_sacc_eeg_means,21,0,Normal
XTR,sent_gaze_sacc_eeg_means,22,0,Normal
XTR,sent_gaze_sacc_eeg_means,23,0,Normal
XTR,sent_gaze_sacc_eeg_means,24,0,Normal
XTR,sent_gaze_sacc_eeg_means,25,0,Normal
XTR,sent_gaze_sacc_eeg_means,26,0,Normal
XTR,sent_gaze_sacc_eeg_means,27,0,Normal
XTR,sent_gaze_sacc_eeg_means,28,0,Normal
XTR,sent_gaze_sacc_eeg_means,29,0,Normal
XTR,sent_gaze_sacc_eeg_means,30,0,Normal
XTR,sent_gaze_sacc_eeg_means,31,0,Normal
XTR,sent_gaze_sacc_eeg_means,32,0,Normal
XTR,sent_gaze_sacc_eeg_means,33,0,Normal
XTR,sent_gaze_sacc_eeg_means,34,0,Normal
XTR,sent_gaze_sacc_eeg_means,35,0,Normal
XTR,sent_gaze_sacc_eeg_means,36,0,Normal
XTR,sent_gaze_sacc_eeg_means,37,0,Normal
XTR,sent_gaze_sacc_eeg_means,38,0,Normal
XTR,sent_gaze_sacc_eeg_means,39,0,Normal
XTR,sent_gaze_sacc_eeg_means,40,0,Normal
XTR,sent_gaze_sacc_eeg_means,41,0,Normal
XTR,sent_gaze_sacc_eeg_means,42,0,Normal
XTR,sent_gaze_sacc_eeg_means,43,0,Normal
XTR,sent_gaze_sacc_eeg_means,44,0,Normal
XTR,sent_gaze_sacc_eeg_means,45,0,Normal
XTR,sent_gaze_sacc_eeg_means,46,0,Normal
XTR,sent_gaze_sacc_eeg_means,47,0,Normal
XTR,sent_gaze_sacc_eeg_means,48,0,Normal
XTR,sent_gaze_sacc_eeg_means,49,0,Normal
XTR,sent_gaze_sacc_eeg_means,50,0,Normal
XTR,sent_gaze_sacc_eeg_means,51,0,Normal
XTR,sent_gaze_sacc_eeg_means,52,0,Normal
XTR,sent_gaze_sacc_eeg_means,53,0,Normal
XTR,sent_gaze_sacc_eeg_means,54,0,Normal
XTR,sent_gaze_sacc_eeg_means,55,0,Normal
XTR,sent_gaze_sacc_eeg_means,56,0,Normal
XTR,sent_gaze_sacc_eeg_means,57,0,Normal
XTR,sent_gaze_sacc_eeg_means,58,0,Normal
XTR,sent_gaze_sacc_eeg_means,59,0,Normal
XTR,sent_gaze_sacc_eeg_means,60,0,Normal
XTR,sent_gaze_sacc_eeg_means,61,0,Normal
XTR,sent_gaze_sacc_eeg_means,62,0,Normal
XTR,sent_gaze_sacc_eeg_means,63,0,Normal
XTR,sent_gaze_sacc_eeg_means,64,0,Normal
XTR,sent_gaze_sacc_eeg_means,65,0,Normal
XTR,sent_gaze_sacc_eeg_means,66,0,Normal
XTR,sent_gaze_sacc_eeg_means,67,0,Normal
XTR,sent_gaze_sacc_eeg_means,68,0,Normal
XTR,sent_gaze_sacc_eeg_means,69,0,Normal
XTR,sent_gaze_sacc_eeg_means,70,0,Normal
XTR,sent_gaze_sacc_eeg_means,71,0,Normal
XTR,sent_gaze_sacc_eeg_means,72,0,Normal
XTR,sent_gaze_sacc_eeg_means,73,0,Normal
XTR,sent_gaze_sacc_eeg_means,74,0,Normal
XTR,sent_gaze_sacc_eeg_means,75,0,Normal
XTR,sent_gaze_sacc_eeg_means,76,0,Normal
XTR,sent_gaze_sacc_eeg_means,77,0,Normal
XTR,sent_gaze_sacc_eeg_means,78,0,Normal
XTR,sent_gaze_sacc_eeg_means,79,0,Normal
XTR,sent_gaze_sacc_eeg_means,80,0,Normal
XTR,sent_gaze_sacc_eeg_means,81,0,Normal
XTR,sent_gaze_sacc_eeg_means,82,0,Normal
XTR,sent_gaze_sacc_eeg_means,83,0,Normal
XTR,sent_gaze_sacc_eeg_means,84,0,Normal
XTR,sent_gaze_sacc_eeg_means,85,0,Normal
XTR,sent_gaze_sacc_eeg_means,86,0,Normal
XTR,sent_gaze_sacc_eeg_means,87,0,Normal
XTR,sent_gaze_sacc_eeg_means,88,0,Normal
XTR,sent_gaze_sacc_eeg_means,89,0,Normal
XTR,sent_gaze_sacc_eeg_means,90,0,Normal
XTR,sent_gaze_sacc_eeg_means,91,0,Normal
XTR,sent_gaze_sacc_eeg_means,92,0,Normal
XTR,sent_gaze_sacc_eeg_means,93,0,Normal
XTR,sent_gaze_sacc_eeg_means,94,0,Normal
XTR,sent_gaze_sacc_eeg_means,95,0,Normal
XTR,sent_gaze_sacc_eeg_means,96,0,Normal
XTR,sent_gaze_sacc_eeg_means,97,0,Normal
XTR,sent_gaze_sacc_eeg_means,98,0,Normal
XTR,sent_gaze_sacc_eeg_means,99,0,Normal
XTR,sent_gaze_sacc_eeg_means,100,0,Normal
XTR,sent_gaze_sacc_eeg_means,101,0,Normal
XTR,sent_gaze_sacc_eeg_means,102,0,Normal
XTR,sent_gaze_sacc_eeg_means,103,0,Normal
XTR,sent_gaze_sacc_eeg_means,104,0,Normal
XTR,sent_gaze_sacc_eeg_means,105,0,Normal
XTR,sent_gaze_sacc_eeg_means,106,0,Normal
XTR,sent_gaze_sacc_eeg_means,107,0,Normal
XTR,sent_gaze_sacc_eeg_means,108,0,Normal
XTR,sent_gaze_sacc_eeg_means,109,0,Normal
XTR,sent_gaze_sacc_eeg_means,110,0,Normal
XTR,sent_gaze_sacc_eeg_means,111,0,Normal
XTR,sent_gaze_sacc_eeg_means,112,0,Normal
XTR,sent_gaze_sacc_eeg_means,113,0,Normal
XTR,sent_gaze_sacc_eeg_means,114,0,Normal
XTR,sent_gaze_sacc_eeg_means,115,0,Normal
XTR,sent_gaze_sacc_eeg_means,116,0,Normal
XTR,sent_gaze_sacc_eeg_means,117,0,Normal
XTR,sent_gaze_sacc_eeg_means,118,0,Normal
XTR,sent_gaze_sacc_eeg_means,119,0,Normal
XTR,sent_gaze_sacc_eeg_means,120,0,Normal
XTR,sent_gaze_sacc_eeg_means,121,0,Normal
XTR,sent_gaze_sacc_eeg_means,122,0,Normal
XTR,sent_gaze_sacc_eeg_means,123,0,Normal
XTR,sent_gaze_sacc_eeg_means,124,0,Normal
XTR,sent_gaze_sacc_eeg_means,125,0,Normal
XTR,sent_gaze_sacc_eeg_means,126,0,Normal
XTR,sent_gaze_sacc_eeg_means,127,0,Normal
XTR,sent_gaze_sacc_eeg_means,128,0,Normal
XTR,sent_gaze_sacc_eeg_means,129,0,Normal
XTR,sent_gaze_sacc_eeg_means,130,0,Normal
XTR,sent_gaze_sacc_eeg_means,131,0,Normal
XTR,sent_gaze_sacc_eeg_means,132,0,Normal
XTR,sent_gaze_sacc_eeg_means,133,0,Normal
XTR,sent_gaze_sacc_eeg_means,134,0,Normal
XTR,sent_gaze_sacc_eeg_means,135,0,Normal
XTR,sent_gaze_sacc_eeg_means,136,0,Normal
XTR,sent_gaze_sacc_eeg_means,137,0,Normal
XTR,sent_gaze_sacc_eeg_means,138,0,Normal
XTR,sent_gaze_sacc_eeg_means,139,0,Normal
XTR,sent_gaze_sacc_eeg_means,140,0,Normal
XTR,sent_gaze_sacc_eeg_means,141,0,Normal
XTR,sent_gaze_sacc_eeg_means,142,0,Normal
XTR,sent_gaze_sacc_eeg_means,143,0,Normal
XTR,sent_gaze_sacc_eeg_means,144,0,Normal
XTR,sent_gaze_sacc_eeg_means,145,0,Normal
XTR,sent_gaze_sacc_eeg_means,146,0,Normal
XTR,sent_gaze_sacc_eeg_means,147,0,Normal
XTR,sent_gaze_sacc_eeg_means,148,0,Normal
XTR,sent_gaze_sacc_eeg_means,149,0,Normal
XTR,sent_gaze_sacc_eeg_means,150,0,Normal
XTR,sent_gaze_sacc_eeg_means,151,0,Normal
XTR,sent_gaze_sacc_eeg_means,152,0,Normal
XTR,sent_gaze_sacc_eeg_means,153,0,Normal
XTR,sent_gaze_sacc_eeg_means,154,0,Normal
XTR,sent_gaze_sacc_eeg_means,155,0,Normal
XTR,sent_gaze_sacc_eeg_means,156,0,Normal
XTR,sent_gaze_sacc_eeg_means,157,0,Normal
XTR,sent_gaze_sacc_eeg_means,158,0,Normal
XTR,sent_gaze_sacc_eeg_means,159,0,Normal
XTR,sent_gaze_sacc_eeg_means,160,0,Normal
XTR,sent_gaze_sacc_eeg_means,161,0,Normal
XTR,sent_gaze_sacc_eeg_means,162,0,Normal
XTR,sent_gaze_sacc_eeg_means,163,0,Normal
XTR,sent_gaze_sacc_eeg_means,164,0,Normal
XTR,sent_gaze_sacc_eeg_means,165,0,Normal
XTR,sent_gaze_sacc_eeg_means,166,0,Normal
XTR,sent_gaze_sacc_eeg_means,167,0,Normal
XTR,sent_gaze_sacc_eeg_means,168,0,Normal
XTR,sent_gaze_sacc_eeg_means,169,0,Normal
XTR,sent_gaze_sacc_eeg_means,170,0,Normal
XTR,sent_gaze_sacc_eeg_means,171,0,Normal
XTR,sent_gaze_sacc_eeg_means,172,0,Normal
XTR,sent_gaze_sacc_eeg_means,173,0,Normal
XTR,sent_gaze_sacc_eeg_means,174,0,Normal
XTR,sent_gaze_sacc_eeg_means,175,0,Normal
XTR,sent_gaze_sacc_eeg_means,176,0,Normal
XTR,sent_gaze_sacc_eeg_means,177,0,Normal
XTR,sent_gaze_sacc_eeg_means,178,0,Normal
XTR,sent_gaze_sacc_eeg_means,179,0,Normal
XTR,sent_gaze_sacc_eeg_means,180,0,Normal
XTR,sent_gaze_sacc_eeg_means,181,0,Normal
XTR,sent_gaze_sacc_eeg_means,182,0,Normal
XTR,sent_gaze_sacc_eeg_means,183,0,Normal
XTR,sent_gaze_sacc_eeg_means,184,0,Normal
XTR,sent_gaze_sacc_eeg_means,185,0,Normal
XTR,sent_gaze_sacc_eeg_means,186,0,Normal
XTR,sent_gaze_sacc_eeg_means,187,0,Normal
XTR,sent_gaze_sacc_eeg_means,188,0,Normal
XTR,sent_gaze_sacc_eeg_means,189,0,Normal
XTR,sent_gaze_sacc_eeg_means,190,0,Normal
XTR,sent_gaze_sacc_eeg_means,191,0,Normal
XTR,sent_gaze_sacc_eeg_means,192,0,Normal
XTR,sent_gaze_sacc_eeg_means,193,0,Normal
XTR,sent_gaze_sacc_eeg_means,194,0,Normal
XTR,sent_gaze_sacc_eeg_means,195,0,Normal
XTR,sent_gaze_sacc_eeg_means,196,0,Normal
XTR,sent_gaze_sacc_eeg_means,197,0,Normal
XTR,sent_gaze_sacc_eeg_means,198,0,Normal
XTR,sent_gaze_sacc_eeg_means,199,0,Normal
XTR,sent_gaze_sacc_eeg_means,200,0,Normal
XTR,sent_gaze_sacc_eeg_means,201,0,Normal
XTR,sent_gaze_sacc_eeg_means,202,0,Normal
XTR,sent_gaze_sacc_eeg_means,203,0,Normal
XTR,sent_gaze_sacc_eeg_means,204,0,Normal
XTR,sent_gaze_sacc_eeg_means,205,0,Normal
XTR,sent_gaze_sacc_eeg_means,206,0,Normal
XTR,sent_gaze_sacc_eeg_means,207,0,Normal
XTR,sent_gaze_sacc_eeg_means,208,0,Normal
XTR,sent_gaze_sacc_eeg_means,209,0,Normal
XTR,sent_gaze_sacc_eeg_means,210,0,Normal
XTR,sent_gaze_sacc_eeg_means,211,0,Normal
XTR,sent_gaze_sacc_eeg_means,212,0,Normal
XTR,sent_gaze_sacc_eeg_means,213,0,Normal
XTR,sent_gaze_sacc_eeg_means,214,0,Normal
XTR,sent_gaze_sacc_eeg_means,215,0,Normal
XTR,sent_gaze_sacc_eeg_means,216,0,Normal
XTR,sent_gaze_sacc_eeg_means,217,0,Normal
XTR,sent_gaze_sacc_eeg_means,218,0,Normal
XTR,sent_gaze_sacc_eeg_means,219,0,Normal
XTR,sent_gaze_sacc_eeg_means,220,0,Normal
XTR,sent_gaze_sacc_eeg_means,221,0,Normal
XTR,sent_gaze_sacc_eeg_means,222,0,Normal
XTR,sent_gaze_sacc_eeg_means,223,0,Normal
XTR,sent_gaze_sacc_eeg_means,224,0,Normal
XTR,sent_gaze_sacc_eeg_means,225,0,Normal
XTR,sent_gaze_sacc_eeg_means,226,0,Normal
XTR,sent_gaze_sacc_eeg_means,227,0,Normal
XTR,sent_gaze_sacc_eeg_means,228,0,Normal
XTR,sent_gaze_sacc_eeg_means,229,0,Normal
XTR,sent_gaze_sacc_eeg_means,230,0,Normal
XTR,sent_gaze_sacc_eeg_means,231,0,Normal
XTR,sent_gaze_sacc_eeg_means,232,0,Normal
XTR,sent_gaze_sacc_eeg_means,233,0,Normal
XTR,sent_gaze_sacc_eeg_means,234,0,Normal
XTR,sent_gaze_sacc_eeg_means,235,0,Normal
XTR,sent_gaze_sacc_eeg_means,236,0,Normal
XTR,sent_gaze_sacc_eeg_means,237,0,Normal
XTR,sent_gaze_sacc_eeg_means,238,0,Normal
XTR,sent_gaze_sacc_eeg_means,239,0,Normal
XTR,sent_gaze_sacc_eeg_means,240,0,Normal
XTR,sent_gaze_sacc_eeg_means,241,0,Normal
XTR,sent_gaze_sacc_eeg_means,242,0,Normal
XTR,sent_gaze_sacc_eeg_means,243,0,Normal
XTR,sent_gaze_sacc_eeg_means,244,0,Normal
XTR,sent_gaze_sacc_eeg_means,245,0,Normal
XTR,sent_gaze_sacc_eeg_means,246,0,Normal
XTR,sent_gaze_sacc_eeg_means,247,0,Normal
XTR,sent_gaze_sacc_eeg_means,248,0,Normal
XTR,sent_gaze_sacc_eeg_means,249,0,Normal
XTR,sent_gaze_sacc_eeg_means,250,0,Normal
XTR,sent_gaze_sacc_eeg_means,251,0,Normal
XTR,sent_gaze_sacc_eeg_means,252,0,Normal
XTR,sent_gaze_sacc_eeg_means,253,0,Normal
XTR,sent_gaze_sacc_eeg_means,254,0,Normal
XTR,sent_gaze_sacc_eeg_means,255,0,Normal
XTR,sent_gaze_sacc_eeg_means,256,0,Normal
XTR,sent_gaze_sacc_eeg_means,257,0,Normal
XTR,sent_gaze_sacc_eeg_means,258,0,Normal
XTR,sent_gaze_sacc_eeg_means,259,0,Normal
XTR,sent_gaze_sacc_eeg_means,260,0,Normal
XTR,sent_gaze_sacc_eeg_means,261,0,Normal
XTR,sent_gaze_sacc_eeg_means,262,0,Normal
XTR,sent_gaze_sacc_eeg_means,263,0,Normal
XTR,sent_gaze_sacc_eeg_means,264,0,Normal
XTR,sent_gaze_sacc_eeg_means,265,0,Normal
XTR,sent_gaze_sacc_eeg_means,266,0,Normal
XTR,sent_gaze_sacc_eeg_means,267,0,Normal
XTR,sent_gaze_sacc_eeg_means,268,0,Normal
XTR,sent_gaze_sacc_eeg_means,269,0,Normal
XTR,sent_gaze_sacc_eeg_means,270,0,Normal
XTR,sent_gaze_sacc_eeg_means,271,0,Normal
XTR,sent_gaze_sacc_eeg_means,272,0,Normal
XTR,sent_gaze_sacc_eeg_means,273,0,Normal
XTR,sent_gaze_sacc_eeg_means,274,0,Normal
XTR,sent_gaze_sacc_eeg_means,275,0,Normal
XTR,sent_gaze_sacc_eeg_means,276,0,Normal
XTR,sent_gaze_sacc_eeg_means,277,0,Normal
XTR,sent_gaze_sacc_eeg_means,278,0,Normal
XTR,sent_gaze_sacc_eeg_means,279,0,Normal
XTR,sent_gaze_sacc_eeg_means,280,0,Normal
XTR,sent_gaze_sacc_eeg_means,281,0,Normal
XTR,sent_gaze_sacc_eeg_means,282,0,Normal
XTR,sent_gaze_sacc_eeg_means,283,0,Normal
XTR,sent_gaze_sacc_eeg_means,284,0,Normal
XTR,sent_gaze_sacc_eeg_means,285,0,Normal
XTR,sent_gaze_sacc_eeg_means,286,0,Normal
XTR,sent_gaze_sacc_eeg_means,287,0,Normal
XTR,sent_gaze_sacc_eeg_means,288,0,Normal
XTR,sent_gaze_sacc_eeg_means,289,0,Normal
XTR,sent_gaze_sacc_eeg_means,290,0,Normal
XTR,sent_gaze_sacc_eeg_means,291,0,Normal
XTR,sent_gaze_sacc_eeg_means,292,0,Normal
XTR,sent_gaze_sacc_eeg_means,293,0,Normal
XTR,sent_gaze_sacc_eeg_means,294,0,Normal
XTR,sent_gaze_sacc_eeg_means,295,0,Normal
XTR,sent_gaze_sacc_eeg_means,296,0,Normal
XTR,sent_gaze_sacc_eeg_means,297,0,Normal
XTR,sent_gaze_sacc_eeg_means,298,0,Normal
XTR,sent_gaze_sacc_eeg_means,299,0,Normal
XTR,sent_gaze_sacc_eeg_means,300,0,Normal
XTR,sent_gaze_sacc_eeg_means,301,0,Normal
XTR,sent_gaze_sacc_eeg_means,302,0,Normal
XTR,sent_gaze_sacc_eeg_means,303,0,Normal
XTR,sent_gaze_sacc_eeg_means,304,0,Normal
XTR,sent_gaze_sacc_eeg_means,305,0,Normal
XTR,sent_gaze_sacc_eeg_means,306,0,Normal
XTR,sent_gaze_sacc_eeg_means,307,0,Normal
XTR,sent_gaze_sacc_eeg_means,308,0,Normal
XTR,sent_gaze_sacc_eeg_means,309,0,Normal
XTR,sent_gaze_sacc_eeg_means,310,0,Normal
XTR,sent_gaze_sacc_eeg_means,311,0,Normal
XTR,sent_gaze_sacc_eeg_means,312,0,Normal
XTR,sent_gaze_sacc_eeg_means,313,0,Normal
XTR,sent_gaze_sacc_eeg_means,314,0,Normal
XTR,sent_gaze_sacc_eeg_means,315,0,Normal
XTR,sent_gaze_sacc_eeg_means,316,0,Normal
XTR,sent_gaze_sacc_eeg_means,317,0,Normal
XTR,sent_gaze_sacc_eeg_means,318,0,Normal
XTR,sent_gaze_sacc_eeg_means,319,0,Normal
XTR,sent_gaze_sacc_eeg_means,320,0,Normal
XTR,sent_gaze_sacc_eeg_means,321,0,Normal
XTR,sent_gaze_sacc_eeg_means,322,0,Normal
XTR,sent_gaze_sacc_eeg_means,323,0,Normal
XTR,sent_gaze_sacc_eeg_means,324,0,Normal
XTR,sent_gaze_sacc_eeg_means,325,0,Normal
XTR,sent_gaze_sacc_eeg_means,326,0,Normal
XTR,sent_gaze_sacc_eeg_means,327,0,Normal
XTR,sent_gaze_sacc_eeg_means,328,0,Normal
XTR,sent_gaze_sacc_eeg_means,329,0,Normal
XTR,sent_gaze_sacc_eeg_means,330,0,Normal
XTR,sent_gaze_sacc_eeg_means,331,0,Normal
XTR,sent_gaze_sacc_eeg_means,332,0,Normal
XTR,sent_gaze_sacc_eeg_means,333,0,Normal
XTR,sent_gaze_sacc_eeg_means,334,0,Normal
XTR,sent_gaze_sacc_eeg_means,335,0,Normal
XTR,sent_gaze_sacc_eeg_means,336,0,Normal
XTR,sent_gaze_sacc_eeg_means,337,0,Normal
XTR,sent_gaze_sacc_eeg_means,338,0,Normal
XTR,sent_gaze_sacc_eeg_means,339,0,Normal
XTR,sent_gaze_sacc_eeg_means,340,0,Normal
XTR,sent_gaze_sacc_eeg_means,341,0,Normal
XTR,sent_gaze_sacc_eeg_means,342,0,Normal
XTR,sent_gaze_sacc_eeg_means,343,0,Normal
XTR,sent_gaze_sacc_eeg_means,344,0,Normal
XTR,sent_gaze_sacc_eeg_means,345,0,Normal
XTR,sent_gaze_sacc_eeg_means,346,0,Normal
XTR,sent_gaze_sacc_eeg_means,347,0,Normal
XTR,sent_gaze_sacc_eeg_means,348,0,Normal
XTR,sent_gaze_sacc_eeg_means,349,0,Normal
XTR,sent_gaze_sacc_eeg_means,350,0,Normal
XTR,sent_gaze_sacc_eeg_means,351,0,Normal
XTR,sent_gaze_sacc_eeg_means,352,0,Normal
XTR,sent_gaze_sacc_eeg_means,353,0,Normal
XTR,sent_gaze_sacc_eeg_means,354,0,Normal
XTR,sent_gaze_sacc_eeg_means,355,0,Normal
XTR,sent_gaze_sacc_eeg_means,356,0,Normal
XTR,sent_gaze_sacc_eeg_means,357,0,Normal
XTR,sent_gaze_sacc_eeg_means,358,0,Normal
XTR,sent_gaze_sacc_eeg_means,359,0,Normal
XTR,sent_gaze_sacc_eeg_means,360,0,Normal
XTR,sent_gaze_sacc_eeg_means,361,0,Normal
XTR,sent_gaze_sacc_eeg_means,362,0,Normal
XTR,sent_gaze_sacc_eeg_means,363,0,Normal
XTR,sent_gaze_sacc_eeg_means,364,0,Normal
XTR,sent_gaze_sacc_eeg_means,365,0,Normal
XTR,sent_gaze_sacc_eeg_means,366,0,Normal
XTR,sent_gaze_sacc_eeg_means,367,0,Normal
XTR,sent_gaze_sacc_eeg_means,368,0,Normal
XTR,sent_gaze_sacc_eeg_means,369,0,Normal
XTR,sent_gaze_sacc_eeg_means,370,0,Normal
XTR,sent_gaze_sacc_eeg_means,371,0,Normal
XTR,sent_gaze_sacc_eeg_means,372,0,Normal
XTR,sent_gaze_sacc_eeg_means,373,0,Normal
XTR,sent_gaze_sacc_eeg_means,374,0,Normal
XTR,sent_gaze_sacc_eeg_means,375,0,Normal
XTR,sent_gaze_sacc_eeg_means,376,0,Normal
XTR,sent_gaze_sacc_eeg_means,377,0,Normal
XTR,sent_gaze_sacc_eeg_means,378,0,Normal
XTR,sent_gaze_sacc_eeg_means,379,0,Normal
XTR,sent_gaze_sacc_eeg_means,380,0,Normal
XTR,sent_gaze_sacc_eeg_means,381,0,Normal
XTR,sent_gaze_sacc_eeg_means,382,0,Normal
XTR,sent_gaze_sacc_eeg_means,383,0,Normal
XTR,sent_gaze_sacc_eeg_means,384,0,Normal
XTR,sent_gaze_sacc_eeg_means,385,0,Normal
XTR,sent_gaze_sacc_eeg_means,386,0,Normal
XTR,sent_gaze_sacc_eeg_means,387,0,Normal
XTR,sent_gaze_sacc_eeg_means,388,0,Normal
XTR,sent_gaze_sacc_eeg_means,389,0,Normal
XTR,sent_gaze_sacc_eeg_means,390,0,Normal
XTR,sent_gaze_sacc_eeg_means,391,0,Normal
XTR,sent_gaze_sacc_eeg_means,392,0,Normal
XTR,sent_gaze_sacc_eeg_means,393,0,Normal
XTR,sent_gaze_sacc_eeg_means,394,0,Normal
XTR,sent_gaze_sacc_eeg_means,395,0,Normal
XTR,sent_gaze_sacc_eeg_means,396,0,Normal
XTR,sent_gaze_sacc_eeg_means,397,0,Normal
XTR,sent_gaze_sacc_eeg_means,398,0,Normal
XTR,sent_gaze_sacc_eeg_means,399,0,Normal
XTR,sent_gaze_sacc_eeg_means,400,0,Normal
XTR,sent_gaze_sacc_eeg_means,401,0,Normal
XTR,sent_gaze_sacc_eeg_means,402,0,Normal
XTR,sent_gaze_sacc_eeg_means,403,0,Normal
XTR,sent_gaze_sacc_eeg_means,404,0,Normal
XTR,sent_gaze_sacc_eeg_means,405,0,Normal
XTR,sent_gaze_sacc_eeg_means,406,0,Normal
XTR,sent_gaze_sacc_eeg_means,407,0,Normal
XTR,sent_gaze_sacc_eeg_means,408,0,Normal
XTR,sent_gaze_sacc_eeg_means,409,0,Normal
XTR,sent_gaze_sacc_eeg_means,410,0,Normal
XTR,sent_gaze_sacc_eeg_means,411,0,Normal
XTR,sent_gaze_sacc_eeg_means,412,0,Normal
XTR,sent_gaze_sacc_eeg_means,413,0,Normal
XTR,sent_gaze_sacc_eeg_means,414,0,Normal
XTR,sent_gaze_sacc_eeg_means,415,0,Normal
XTR,sent_gaze_sacc_eeg_means,416,0,Normal
XTR,sent_gaze_sacc_eeg_means,417,0,Normal
XTR,sent_gaze_sacc_eeg_means,418,0,Normal
XTR,sent_gaze_sacc_eeg_means,419,0,Normal
XTR,sent_gaze_sacc_eeg_means,420,0,Normal
XTR,sent_gaze_sacc_eeg_means,421,0,Normal
XTR,sent_gaze_sacc_eeg_means,422,0,Normal
XTR,sent_gaze_sacc_eeg_means,423,0,Normal
XTR,sent_gaze_sacc_eeg_means,424,0,Normal
XTR,sent_gaze_sacc_eeg_means,425,0,Normal
XTR,sent_gaze_sacc_eeg_means,426,0,Normal
XTR,sent_gaze_sacc_eeg_means,427,0,Normal
XTR,sent_gaze_sacc_eeg_means,428,0,Normal
XTR,sent_gaze_sacc_eeg_means,429,0,Normal
XTR,sent_gaze_sacc_eeg_means,430,0,Normal
XTR,sent_gaze_sacc_eeg_means,431,0,Normal
XTR,sent_gaze_sacc_eeg_means,432,0,Normal
XTR,sent_gaze_sacc_eeg_means,433,0,Normal
XTR,sent_gaze_sacc_eeg_means,434,0,Normal
XTR,sent_gaze_sacc_eeg_means,435,0,Normal
XTR,sent_gaze_sacc_eeg_means,436,0,Normal
XTR,sent_gaze_sacc_eeg_means,437,0,Normal
XTR,sent_gaze_sacc_eeg_means,438,0,Normal
XTR,sent_gaze_sacc_eeg_means,439,0,Normal
XTR,sent_gaze_sacc_eeg_means,440,0,Normal
XTR,sent_gaze_sacc_eeg_means,441,0,Normal
XTR,sent_gaze_sacc_eeg_means,442,0,Normal
XTR,sent_gaze_sacc_eeg_means,443,0,Normal
XTR,sent_gaze_sacc_eeg_means,444,0,Normal
XTR,sent_gaze_sacc_eeg_means,445,0,Normal
XTR,sent_gaze_sacc_eeg_means,446,0,Normal
XTR,sent_gaze_sacc_eeg_means,447,0,Normal
XTR,sent_gaze_sacc_eeg_means,448,0,Normal
XTR,sent_gaze_sacc_eeg_means,449,0,Normal
XTR,sent_gaze_sacc_eeg_means,450,0,Normal
XTR,sent_gaze_sacc_eeg_means,451,0,Normal
XTR,sent_gaze_sacc_eeg_means,452,0,Normal
XTR,sent_gaze_sacc_eeg_means,453,0,Normal
XTR,sent_gaze_sacc_eeg_means,454,0,Normal
XTR,sent_gaze_sacc_eeg_means,455,0,Normal
XTR,sent_gaze_sacc_eeg_means,456,0,Normal
XTR,sent_gaze_sacc_eeg_means,457,0,Normal
XTR,sent_gaze_sacc_eeg_means,458,0,Normal
XTR,sent_gaze_sacc_eeg_means,459,0,Normal
XTR,sent_gaze_sacc_eeg_means,460,0,Normal
XTR,sent_gaze_sacc_eeg_means,461,0,Normal
XTR,sent_gaze_sacc_eeg_means,462,0,Normal
XTR,sent_gaze_sacc_eeg_means,463,0,Normal
XTR,sent_gaze_sacc_eeg_means,464,0,Normal
XTR,sent_gaze_sacc_eeg_means,465,0,Normal
XTR,sent_gaze_sacc_eeg_means,466,0,Normal
XTR,sent_gaze_sacc_eeg_means,467,0,Normal
XTR,sent_gaze_sacc_eeg_means,468,0,Normal
XTR,sent_gaze_sacc_eeg_means,469,0,Normal
XTR,sent_gaze_sacc_eeg_means,470,0,Normal
XTR,sent_gaze_sacc_eeg_means,471,0,Normal
XTR,sent_gaze_sacc_eeg_means,472,0,Normal
XTR,sent_gaze_sacc_eeg_means,473,0,Normal
XTR,sent_gaze_sacc_eeg_means,474,0,Normal
XTR,sent_gaze_sacc_eeg_means,475,0,Normal
XTR,sent_gaze_sacc_eeg_means,476,0,Normal
XTR,sent_gaze_sacc_eeg_means,477,0,Normal
XTR,sent_gaze_sacc_eeg_means,478,0,Normal
XTR,sent_gaze_sacc_eeg_means,479,0,Normal
XTR,sent_gaze_sacc_eeg_means,480,0,Normal
XTR,sent_gaze_sacc_eeg_means,481,0,Normal
XTR,sent_gaze_sacc_eeg_means,482,0,Normal
XTR,sent_gaze_sacc_eeg_means,483,0,Normal
XTR,sent_gaze_sacc_eeg_means,484,0,Normal
XTR,sent_gaze_sacc_eeg_means,485,0,Normal
XTR,sent_gaze_sacc_eeg_means,486,0,Normal
XTR,sent_gaze_sacc_eeg_means,487,0,Normal
XTR,sent_gaze_sacc_eeg_means,488,0,Normal
XTR,sent_gaze_sacc_eeg_means,489,0,Normal
XTR,sent_gaze_sacc_eeg_means,490,0,Normal
XTR,sent_gaze_sacc_eeg_means,491,0,Normal
XTR,sent_gaze_sacc_eeg_means,492,0,Normal
XTR,sent_gaze_sacc_eeg_means,493,0,Normal
XTR,sent_gaze_sacc_eeg_means,494,0,Normal
XTR,sent_gaze_sacc_eeg_means,495,0,Normal
XTR,sent_gaze_sacc_eeg_means,496,0,Normal
XTR,sent_gaze_sacc_eeg_means,497,0,Normal
XTR,sent_gaze_sacc_eeg_means,498,0,Normal
XTR,sent_gaze_sacc_eeg_means,499,0,Normal
XTR,sent_gaze_sacc_eeg_means,500,0,Normal
XTR,sent_gaze_sacc_eeg_means,501,0,Normal
XTR,sent_gaze_sacc_eeg_means,502,0,Normal
XTR,sent_gaze_sacc_eeg_means,503,0,Normal
XTR,sent_gaze_sacc_eeg_means,504,0,Normal
XTR,sent_gaze_sacc_eeg_means,505,0,Normal
XTR,sent_gaze_sacc_eeg_means,506,0,Normal
XTR,sent_gaze_sacc_eeg_means,507,0,Normal
XTR,sent_gaze_sacc_eeg_means,508,0,Normal
XTR,sent_gaze_sacc_eeg_means,509,0,Normal
XTR,sent_gaze_sacc_eeg_means,510,0,Normal
XTR,sent_gaze_sacc_eeg_means,511,0,Normal
XTR,sent_gaze_sacc_eeg_means,512,0,Normal
XTR,sent_gaze_sacc_eeg_means,513,0,Normal
XTR,sent_gaze_sacc_eeg_means,514,0,Normal
XTR,sent_gaze_sacc_eeg_means,515,0,Normal
XTR,sent_gaze_sacc_eeg_means,516,0,Normal
XTR,sent_gaze_sacc_eeg_means,517,0,Normal
XTR,sent_gaze_sacc_eeg_means,518,0,Normal
XTR,sent_gaze_sacc_eeg_means,519,0,Normal
XTR,sent_gaze_sacc_eeg_means,520,0,Normal
XTR,sent_gaze_sacc_eeg_means,521,0,Normal
XTR,sent_gaze_sacc_eeg_means,522,0,Normal
XTR,sent_gaze_sacc_eeg_means,523,0,Normal
XTR,sent_gaze_sacc_eeg_means,524,0,Normal
XTR,sent_gaze_sacc_eeg_means,525,0,Normal
XTR,sent_gaze_sacc_eeg_means,526,0,Normal
XTR,sent_gaze_sacc_eeg_means,527,0,Normal
XTR,sent_gaze_sacc_eeg_means,528,0,Normal
XTR,sent_gaze_sacc_eeg_means,529,0,Normal
XTR,sent_gaze_sacc_eeg_means,530,0,Normal
XTR,sent_gaze_sacc_eeg_means,531,0,Normal
XTR,sent_gaze_sacc_eeg_means,532,0,Normal
XTR,sent_gaze_sacc_eeg_means,533,0,Normal
XTR,sent_gaze_sacc_eeg_means,534,0,Normal
XTR,sent_gaze_sacc_eeg_means,535,0,Normal
XTR,sent_gaze_sacc_eeg_means,536,0,Normal
XTR,sent_gaze_sacc_eeg_means,537,0,Normal
XTR,sent_gaze_sacc_eeg_means,538,0,Normal
XTR,sent_gaze_sacc_eeg_means,539,0,Normal
XTR,sent_gaze_sacc_eeg_means,540,0,Normal
XTR,sent_gaze_sacc_eeg_means,541,0,Normal
XTR,sent_gaze_sacc_eeg_means,542,0,Normal
XTR,sent_gaze_sacc_eeg_means,543,0,Normal
XTR,sent_gaze_sacc_eeg_means,544,0,Normal
XTR,sent_gaze_sacc_eeg_means,545,0,Normal
XTR,sent_gaze_sacc_eeg_means,546,0,Normal
XTR,sent_gaze_sacc_eeg_means,547,0,Normal
XTR,sent_gaze_sacc_eeg_means,548,0,Normal
XTR,sent_gaze_sacc_eeg_means,549,0,Normal
XTR,sent_gaze_sacc_eeg_means,550,0,Normal
XTR,sent_gaze_sacc_eeg_means,551,0,Normal
XTR,sent_gaze_sacc_eeg_means,552,0,Normal
XTR,sent_gaze_sacc_eeg_means,553,0,Normal
XTR,sent_gaze_sacc_eeg_means,554,0,Normal
XTR,sent_gaze_sacc_eeg_means,555,0,Normal
XTR,sent_gaze_sacc_eeg_means,556,0,Normal
XTR,sent_gaze_sacc_eeg_means,557,0,Normal
XTR,sent_gaze_sacc_eeg_means,558,0,Normal
XTR,sent_gaze_sacc_eeg_means,559,0,Normal
XTR,sent_gaze_sacc_eeg_means,560,0,Normal
XTR,sent_gaze_sacc_eeg_means,561,0,Normal
XTR,sent_gaze_sacc_eeg_means,562,0,Normal
XTR,sent_gaze_sacc_eeg_means,563,0,Normal
XTR,sent_gaze_sacc_eeg_means,564,0,Normal
XTR,sent_gaze_sacc_eeg_means,565,0,Normal
XTR,sent_gaze_sacc_eeg_means,566,0,Normal
XTR,sent_gaze_sacc_eeg_means,567,0,Normal
XTR,sent_gaze_sacc_eeg_means,568,0,Normal
XTR,sent_gaze_sacc_eeg_means,569,0,Normal
XTR,sent_gaze_sacc_eeg_means,570,0,Normal
XTR,sent_gaze_sacc_eeg_means,571,0,Normal
XTR,sent_gaze_sacc_eeg_means,572,0,Normal
XTR,sent_gaze_sacc_eeg_means,573,0,Normal
XTR,sent_gaze_sacc_eeg_means,574,0,Normal
XTR,sent_gaze_sacc_eeg_means,575,0,Normal
XTR,sent_gaze_sacc_eeg_means,576,0,Normal
XTR,sent_gaze_sacc_eeg_means,577,0,Normal
XTR,sent_gaze_sacc_eeg_means,578,0,Normal
XTR,sent_gaze_sacc_eeg_means,579,0,Normal
XTR,sent_gaze_sacc_eeg_means,580,0,Normal
XTR,sent_gaze_sacc_eeg_means,581,0,Normal
XTR,sent_gaze_sacc_eeg_means,582,0,Normal
XTR,sent_gaze_sacc_eeg_means,583,0,Normal
XTR,sent_gaze_sacc_eeg_means,584,0,Normal
XTR,sent_gaze_sacc_eeg_means,585,0,Normal
XTR,sent_gaze_sacc_eeg_means,586,0,Normal
XTR,sent_gaze_sacc_eeg_means,587,0,Normal
XTR,sent_gaze_sacc_eeg_means,588,0,Normal
XTR,sent_gaze_sacc_eeg_means,589,0,Normal
XTR,sent_gaze_sacc_eeg_means,590,0,Normal
XTR,sent_gaze_sacc_eeg_means,591,0,Normal
XTR,sent_gaze_sacc_eeg_means,592,0,Normal
XTR,sent_gaze_sacc_eeg_means,593,0,Normal
XTR,sent_gaze_sacc_eeg_means,594,0,Normal
XTR,sent_gaze_sacc_eeg_means,595,0,Normal
XTR,sent_gaze_sacc_eeg_means,596,0,Normal
XTR,sent_gaze_sacc_eeg_means,597,0,Normal
XTR,sent_gaze_sacc_eeg_means,598,0,Normal
XTR,sent_gaze_sacc_eeg_means,599,0,Normal
XTR,sent_gaze_sacc_eeg_means,600,0,Normal
XTR,sent_gaze_sacc_eeg_means,601,0,Normal
XTR,sent_gaze_sacc_eeg_means,602,0,Normal
XTR,sent_gaze_sacc_eeg_means,603,0,Normal
XTR,sent_gaze_sacc_eeg_means,604,0,Normal
XTR,sent_gaze_sacc_eeg_means,605,0,Normal
XTR,sent_gaze_sacc_eeg_means,606,0,Normal
XTR,sent_gaze_sacc_eeg_means,607,0,Normal
XTR,sent_gaze_sacc_eeg_means,608,0,Normal
XTR,sent_gaze_sacc_eeg_means,609,0,Normal
XTR,sent_gaze_sacc_eeg_means,610,0,Normal
XTR,sent_gaze_sacc_eeg_means,611,0,Normal
XTR,sent_gaze_sacc_eeg_means,612,0,Normal
XTR,sent_gaze_sacc_eeg_means,613,0,Normal
XTR,sent_gaze_sacc_eeg_means,614,0,Normal
XTR,sent_gaze_sacc_eeg_means,615,0,Normal
XTR,sent_gaze_sacc_eeg_means,616,0,Normal
XTR,sent_gaze_sacc_eeg_means,617,0,Normal
XTR,sent_gaze_sacc_eeg_means,618,0,Normal
XTR,sent_gaze_sacc_eeg_means,619,0,Normal
XTR,sent_gaze_sacc_eeg_means,620,0,Normal
XTR,sent_gaze_sacc_eeg_means,621,0,Normal
XTR,sent_gaze_sacc_eeg_means,622,0,Normal
XTR,sent_gaze_sacc_eeg_means,623,0,Normal
XTR,sent_gaze_sacc_eeg_means,624,0,Normal
XTR,sent_gaze_sacc_eeg_means,625,0,Normal
XTR,sent_gaze_sacc_eeg_means,626,0,Normal
XTR,sent_gaze_sacc_eeg_means,627,0,Normal
XTR,sent_gaze_sacc_eeg_means,628,0,Normal
XTR,sent_gaze_sacc_eeg_means,629,0,Normal
XTR,sent_gaze_sacc_eeg_means,630,0,Normal
XTR,sent_gaze_sacc_eeg_means,631,0,Normal
XTR,sent_gaze_sacc_eeg_means,632,0,Normal
XTR,sent_gaze_sacc_eeg_means,633,0,Normal
XTR,sent_gaze_sacc_eeg_means,634,0,Normal
XTR,sent_gaze_sacc_eeg_means,635,0,Normal
XTR,sent_gaze_sacc_eeg_means,636,0,Normal
XTR,sent_gaze_sacc_eeg_means,637,0,Normal
XTR,sent_gaze_sacc_eeg_means,638,0,Normal
XTR,sent_gaze_sacc_eeg_means,639,0,Normal
XTR,sent_gaze_sacc_eeg_means,640,0,Normal
XTR,sent_gaze_sacc_eeg_means,641,0,Normal
XTR,sent_gaze_sacc_eeg_means,642,0,Normal
XTR,sent_gaze_sacc_eeg_means,643,0,Normal
XTR,sent_gaze_sacc_eeg_means,644,0,Normal
XTR,sent_gaze_sacc_eeg_means,645,0,Normal
XTR,sent_gaze_sacc_eeg_means,646,0,Normal
XTR,sent_gaze_sacc_eeg_means,647,0,Normal
XTR,sent_gaze_sacc_eeg_means,648,0,Normal
XTR,sent_gaze_sacc_eeg_means,649,0,Normal
XTR,sent_gaze_sacc_eeg_means,650,0,Normal
XTR,sent_gaze_sacc_eeg_means,651,0,Normal
XTR,sent_gaze_sacc_eeg_means,652,0,Normal
XTR,sent_gaze_sacc_eeg_means,653,0,Normal
XTR,sent_gaze_sacc_eeg_means,654,0,Normal
XTR,sent_gaze_sacc_eeg_means,655,0,Normal
XTR,sent_gaze_sacc_eeg_means,656,0,Normal
XTR,sent_gaze_sacc_eeg_means,657,0,Normal
XTR,sent_gaze_sacc_eeg_means,658,0,Normal
XTR,sent_gaze_sacc_eeg_means,659,0,Normal
XTR,sent_gaze_sacc_eeg_means,660,0,Normal
XTR,sent_gaze_sacc_eeg_means,661,0,Normal
XTR,sent_gaze_sacc_eeg_means,662,0,Normal
XTR,sent_gaze_sacc_eeg_means,663,0,Normal
XTR,sent_gaze_sacc_eeg_means,664,0,Normal
XTR,sent_gaze_sacc_eeg_means,665,0,Normal
XTR,sent_gaze_sacc_eeg_means,666,0,Normal
XTR,sent_gaze_sacc_eeg_means,667,0,Normal
XTR,sent_gaze_sacc_eeg_means,668,0,Normal
XTR,sent_gaze_sacc_eeg_means,669,0,Normal
XTR,sent_gaze_sacc_eeg_means,670,0,Normal
XTR,sent_gaze_sacc_eeg_means,671,0,Normal
XTR,sent_gaze_sacc_eeg_means,672,0,Normal
XTR,sent_gaze_sacc_eeg_means,673,0,Normal
XTR,sent_gaze_sacc_eeg_means,674,0,Normal
XTR,sent_gaze_sacc_eeg_means,675,0,Normal
XTR,sent_gaze_sacc_eeg_means,676,0,Normal
XTR,sent_gaze_sacc_eeg_means,677,0,Normal
XTR,sent_gaze_sacc_eeg_means,678,0,Normal
XTR,sent_gaze_sacc_eeg_means,679,0,Normal
XTR,sent_gaze_sacc_eeg_means,680,0,Normal
XTR,sent_gaze_sacc_eeg_means,681,0,Normal
XTR,sent_gaze_sacc_eeg_means,682,0,Normal
XTR,sent_gaze_sacc_eeg_means,683,0,Normal
XTR,sent_gaze_sacc_eeg_means,684,0,Normal
XTR,sent_gaze_sacc_eeg_means,685,0,Normal
XTR,sent_gaze_sacc_eeg_means,686,0,Normal
XTR,sent_gaze_sacc_eeg_means,687,0,Normal
XTR,sent_gaze_sacc_eeg_means,688,0,Normal
XTR,sent_gaze_sacc_eeg_means,689,0,Normal
XTR,sent_gaze_sacc_eeg_means,690,0,Normal
XTR,sent_gaze_sacc_eeg_means,691,0,Normal
XTR,sent_gaze_sacc_eeg_means,692,0,Normal
XTR,sent_gaze_sacc_eeg_means,693,0,Normal
XTR,sent_gaze_sacc_eeg_means,694,0,Normal
XTR,sent_gaze_sacc_eeg_means,695,0,Normal
XTR,sent_gaze_sacc_eeg_means,696,0,Normal
XTR,sent_gaze_sacc_eeg_means,697,0,Normal
XTR,sent_gaze_sacc_eeg_means,698,0,Normal
XTR,sent_gaze_sacc_eeg_means,699,0,Normal
XTR,sent_gaze_sacc_eeg_means,700,0,Normal
XTR,sent_gaze_sacc_eeg_means,701,0,Normal
XTR,sent_gaze_sacc_eeg_means,702,0,Normal
XTR,sent_gaze_sacc_eeg_means,703,0,Normal
XTR,sent_gaze_sacc_eeg_means,704,0,Normal
XTR,sent_gaze_sacc_eeg_means,705,0,Normal
XTR,sent_gaze_sacc_eeg_means,706,0,Normal
XTR,sent_gaze_sacc_eeg_means,707,0,Normal
XTR,sent_gaze_sacc_eeg_means,708,0,Normal
XTR,sent_gaze_sacc_eeg_means,709,0,Normal
XTR,sent_gaze_sacc_eeg_means,710,0,Normal
XTR,sent_gaze_sacc_eeg_means,711,0,Normal
XTR,sent_gaze_sacc_eeg_means,712,0,Normal
XTR,sent_gaze_sacc_eeg_means,713,0,Normal
XTR,sent_gaze_sacc_eeg_means,714,0,Normal
XTR,sent_gaze_sacc_eeg_means,715,0,Normal
XTR,sent_gaze_sacc_eeg_means,716,0,Normal
XTR,sent_gaze_sacc_eeg_means,717,0,Normal
XTR,sent_gaze_sacc_eeg_means,718,0,Normal
XTR,sent_gaze_sacc_eeg_means,719,0,Normal
XTR,sent_gaze_sacc_eeg_means,720,0,Normal
XTR,sent_gaze_sacc_eeg_means,721,0,Normal
XTR,sent_gaze_sacc_eeg_means,722,0,Normal
XTR,sent_gaze_sacc_eeg_means,723,0,Normal
XTR,sent_gaze_sacc_eeg_means,724,0,Normal
XTR,sent_gaze_sacc_eeg_means,725,0,Normal
XTR,sent_gaze_sacc_eeg_means,726,0,Normal
XTR,sent_gaze_sacc_eeg_means,727,0,Normal
XTR,sent_gaze_sacc_eeg_means,728,0,Normal
XTR,sent_gaze_sacc_eeg_means,729,0,Normal
XTR,sent_gaze_sacc_eeg_means,730,0,Normal
XTR,sent_gaze_sacc_eeg_means,731,0,Normal
XTR,sent_gaze_sacc_eeg_means,732,0,Normal
XTR,sent_gaze_sacc_eeg_means,733,0,Normal
XTR,sent_gaze_sacc_eeg_means,734,0,Normal
XTR,sent_gaze_sacc_eeg_means,735,0,Normal
XTR,sent_gaze_sacc_eeg_means,736,0,Normal
XTR,sent_gaze_sacc_eeg_means,737,0,Normal
XTR,sent_gaze_sacc_eeg_means,738,0,Normal
XWS,sent_gaze_sacc_eeg_means,0,0,Normal
XWS,sent_gaze_sacc_eeg_means,1,0,Normal
XWS,sent_gaze_sacc_eeg_means,2,0,Normal
XWS,sent_gaze_sacc_eeg_means,3,0,Normal
XWS,sent_gaze_sacc_eeg_means,4,0,Normal
XWS,sent_gaze_sacc_eeg_means,5,0,Normal
XWS,sent_gaze_sacc_eeg_means,6,0,Normal
XWS,sent_gaze_sacc_eeg_means,7,0,Normal
XWS,sent_gaze_sacc_eeg_means,8,0,Normal
XWS,sent_gaze_sacc_eeg_means,9,0,Normal
XWS,sent_gaze_sacc_eeg_means,10,0,Normal
XWS,sent_gaze_sacc_eeg_means,11,0,Normal
XWS,sent_gaze_sacc_eeg_means,12,0,Normal
XWS,sent_gaze_sacc_eeg_means,13,0,Normal
XWS,sent_gaze_sacc_eeg_means,14,0,Normal
XWS,sent_gaze_sacc_eeg_means,15,0,Normal
XWS,sent_gaze_sacc_eeg_means,16,0,Normal
XWS,sent_gaze_sacc_eeg_means,17,0,Normal
XWS,sent_gaze_sacc_eeg_means,18,0,Normal
XWS,sent_gaze_sacc_eeg_means,19,0,Normal
XWS,sent_gaze_sacc_eeg_means,20,0,Normal
XWS,sent_gaze_sacc_eeg_means,21,0,Normal
XWS,sent_gaze_sacc_eeg_means,22,0,Normal
XWS,sent_gaze_sacc_eeg_means,23,0,Normal
XWS,sent_gaze_sacc_eeg_means,24,0,Normal
XWS,sent_gaze_sacc_eeg_means,25,0,Normal
XWS,sent_gaze_sacc_eeg_means,26,0,Normal
XWS,sent_gaze_sacc_eeg_means,27,0,Normal
XWS,sent_gaze_sacc_eeg_means,28,0,Normal
XWS,sent_gaze_sacc_eeg_means,29,0,Normal
XWS,sent_gaze_sacc_eeg_means,30,0,Normal
XWS,sent_gaze_sacc_eeg_means,31,0,Normal
XWS,sent_gaze_sacc_eeg_means,32,0,Normal
XWS,sent_gaze_sacc_eeg_means,33,0,Normal
XWS,sent_gaze_sacc_eeg_means,34,0,Normal
XWS,sent_gaze_sacc_eeg_means,35,0,Normal
XWS,sent_gaze_sacc_eeg_means,36,0,Normal
XWS,sent_gaze_sacc_eeg_means,37,0,Normal
XWS,sent_gaze_sacc_eeg_means,38,0,Normal
XWS,sent_gaze_sacc_eeg_means,39,0,Normal
XWS,sent_gaze_sacc_eeg_means,40,0,Normal
XWS,sent_gaze_sacc_eeg_means,41,0,Normal
XWS,sent_gaze_sacc_eeg_means,42,0,Normal
XWS,sent_gaze_sacc_eeg_means,43,0,Normal
XWS,sent_gaze_sacc_eeg_means,44,0,Normal
XWS,sent_gaze_sacc_eeg_means,45,0,Normal
XWS,sent_gaze_sacc_eeg_means,46,0,Normal
XWS,sent_gaze_sacc_eeg_means,47,0,Normal
XWS,sent_gaze_sacc_eeg_means,48,0,Normal
XWS,sent_gaze_sacc_eeg_means,49,0,Normal
XWS,sent_gaze_sacc_eeg_means,50,0,Normal
XWS,sent_gaze_sacc_eeg_means,51,0,Normal
XWS,sent_gaze_sacc_eeg_means,52,0,Normal
XWS,sent_gaze_sacc_eeg_means,53,0,Normal
XWS,sent_gaze_sacc_eeg_means,54,0,Normal
XWS,sent_gaze_sacc_eeg_means,55,0,Normal
XWS,sent_gaze_sacc_eeg_means,56,0,Normal
XWS,sent_gaze_sacc_eeg_means,57,0,Normal
XWS,sent_gaze_sacc_eeg_means,58,0,Normal
XWS,sent_gaze_sacc_eeg_means,59,0,Normal
XWS,sent_gaze_sacc_eeg_means,60,0,Normal
XWS,sent_gaze_sacc_eeg_means,61,0,Normal
XWS,sent_gaze_sacc_eeg_means,62,0,Normal
XWS,sent_gaze_sacc_eeg_means,63,0,Normal
XWS,sent_gaze_sacc_eeg_means,64,0,Normal
XWS,sent_gaze_sacc_eeg_means,65,0,Normal
XWS,sent_gaze_sacc_eeg_means,66,0,Normal
XWS,sent_gaze_sacc_eeg_means,67,0,Normal
XWS,sent_gaze_sacc_eeg_means,68,0,Normal
XWS,sent_gaze_sacc_eeg_means,69,0,Normal
XWS,sent_gaze_sacc_eeg_means,70,0,Normal
XWS,sent_gaze_sacc_eeg_means,71,0,Normal
XWS,sent_gaze_sacc_eeg_means,72,0,Normal
XWS,sent_gaze_sacc_eeg_means,73,0,Normal
XWS,sent_gaze_sacc_eeg_means,74,0,Normal
XWS,sent_gaze_sacc_eeg_means,75,0,Normal
XWS,sent_gaze_sacc_eeg_means,76,0,Normal
XWS,sent_gaze_sacc_eeg_means,77,0,Normal
XWS,sent_gaze_sacc_eeg_means,78,0,Normal
XWS,sent_gaze_sacc_eeg_means,79,0,Normal
XWS,sent_gaze_sacc_eeg_means,80,0,Normal
XWS,sent_gaze_sacc_eeg_means,81,0,Normal
XWS,sent_gaze_sacc_eeg_means,82,0,Normal
XWS,sent_gaze_sacc_eeg_means,83,0,Normal
XWS,sent_gaze_sacc_eeg_means,84,0,Normal
XWS,sent_gaze_sacc_eeg_means,85,0,Normal
XWS,sent_gaze_sacc_eeg_means,86,0,Normal
XWS,sent_gaze_sacc_eeg_means,87,0,Normal
XWS,sent_gaze_sacc_eeg_means,88,0,Normal
XWS,sent_gaze_sacc_eeg_means,89,0,Normal
XWS,sent_gaze_sacc_eeg_means,90,0,Normal
XWS,sent_gaze_sacc_eeg_means,91,0,Normal
XWS,sent_gaze_sacc_eeg_means,92,0,Normal
XWS,sent_gaze_sacc_eeg_means,93,0,Normal
XWS,sent_gaze_sacc_eeg_means,94,0,Normal
XWS,sent_gaze_sacc_eeg_means,95,0,Normal
XWS,sent_gaze_sacc_eeg_means,96,0,Normal
XWS,sent_gaze_sacc_eeg_means,97,0,Normal
XWS,sent_gaze_sacc_eeg_means,98,0,Normal
XWS,sent_gaze_sacc_eeg_means,99,0,Normal
XWS,sent_gaze_sacc_eeg_means,100,0,Normal
XWS,sent_gaze_sacc_eeg_means,101,0,Normal
XWS,sent_gaze_sacc_eeg_means,102,0,Normal
XWS,sent_gaze_sacc_eeg_means,103,0,Normal
XWS,sent_gaze_sacc_eeg_means,104,0,Normal
XWS,sent_gaze_sacc_eeg_means,105,0,Normal
XWS,sent_gaze_sacc_eeg_means,106,0,Normal
XWS,sent_gaze_sacc_eeg_means,107,0,Normal
XWS,sent_gaze_sacc_eeg_means,108,0,Normal
XWS,sent_gaze_sacc_eeg_means,109,0,Normal
XWS,sent_gaze_sacc_eeg_means,110,0,Normal
XWS,sent_gaze_sacc_eeg_means,111,0,Normal
XWS,sent_gaze_sacc_eeg_means,112,0,Normal
XWS,sent_gaze_sacc_eeg_means,113,0,Normal
XWS,sent_gaze_sacc_eeg_means,114,0,Normal
XWS,sent_gaze_sacc_eeg_means,115,0,Normal
XWS,sent_gaze_sacc_eeg_means,116,0,Normal
XWS,sent_gaze_sacc_eeg_means,117,0,Normal
XWS,sent_gaze_sacc_eeg_means,118,0,Normal
XWS,sent_gaze_sacc_eeg_means,119,0,Normal
XWS,sent_gaze_sacc_eeg_means,120,0,Normal
XWS,sent_gaze_sacc_eeg_means,121,0,Normal
XWS,sent_gaze_sacc_eeg_means,122,0,Normal
XWS,sent_gaze_sacc_eeg_means,123,0,Normal
XWS,sent_gaze_sacc_eeg_means,124,0,Normal
XWS,sent_gaze_sacc_eeg_means,125,0,Normal
XWS,sent_gaze_sacc_eeg_means,126,0,Normal
XWS,sent_gaze_sacc_eeg_means,127,0,Normal
XWS,sent_gaze_sacc_eeg_means,128,0,Normal
XWS,sent_gaze_sacc_eeg_means,129,0,Normal
XWS,sent_gaze_sacc_eeg_means,130,0,Normal
XWS,sent_gaze_sacc_eeg_means,131,0,Normal
XWS,sent_gaze_sacc_eeg_means,132,0,Normal
XWS,sent_gaze_sacc_eeg_means,133,0,Normal
XWS,sent_gaze_sacc_eeg_means,134,0,Normal
XWS,sent_gaze_sacc_eeg_means,135,0,Normal
XWS,sent_gaze_sacc_eeg_means,136,0,Normal
XWS,sent_gaze_sacc_eeg_means,137,0,Normal
XWS,sent_gaze_sacc_eeg_means,138,0,Normal
XWS,sent_gaze_sacc_eeg_means,139,0,Normal
XWS,sent_gaze_sacc_eeg_means,140,0,Normal
XWS,sent_gaze_sacc_eeg_means,141,0,Normal
XWS,sent_gaze_sacc_eeg_means,142,0,Normal
XWS,sent_gaze_sacc_eeg_means,143,0,Normal
XWS,sent_gaze_sacc_eeg_means,144,0,Normal
XWS,sent_gaze_sacc_eeg_means,145,0,Normal
XWS,sent_gaze_sacc_eeg_means,146,0,Normal
XWS,sent_gaze_sacc_eeg_means,147,0,Normal
XWS,sent_gaze_sacc_eeg_means,148,0,Normal
XWS,sent_gaze_sacc_eeg_means,149,0,Normal
XWS,sent_gaze_sacc_eeg_means,150,0,Normal
XWS,sent_gaze_sacc_eeg_means,151,0,Normal
XWS,sent_gaze_sacc_eeg_means,152,0,Normal
XWS,sent_gaze_sacc_eeg_means,153,0,Normal
XWS,sent_gaze_sacc_eeg_means,154,0,Normal
XWS,sent_gaze_sacc_eeg_means,155,0,Normal
XWS,sent_gaze_sacc_eeg_means,156,0,Normal
XWS,sent_gaze_sacc_eeg_means,157,0,Normal
XWS,sent_gaze_sacc_eeg_means,158,0,Normal
XWS,sent_gaze_sacc_eeg_means,159,0,Normal
XWS,sent_gaze_sacc_eeg_means,160,0,Normal
XWS,sent_gaze_sacc_eeg_means,161,0,Normal
XWS,sent_gaze_sacc_eeg_means,162,0,Normal
XWS,sent_gaze_sacc_eeg_means,163,0,Normal
XWS,sent_gaze_sacc_eeg_means,164,0,Normal
XWS,sent_gaze_sacc_eeg_means,165,0,Normal
XWS,sent_gaze_sacc_eeg_means,166,0,Normal
XWS,sent_gaze_sacc_eeg_means,167,0,Normal
XWS,sent_gaze_sacc_eeg_means,168,0,Normal
XWS,sent_gaze_sacc_eeg_means,169,0,Normal
XWS,sent_gaze_sacc_eeg_means,170,0,Normal
XWS,sent_gaze_sacc_eeg_means,171,0,Normal
XWS,sent_gaze_sacc_eeg_means,172,0,Normal
XWS,sent_gaze_sacc_eeg_means,173,0,Normal
XWS,sent_gaze_sacc_eeg_means,174,0,Normal
XWS,sent_gaze_sacc_eeg_means,175,0,Normal
XWS,sent_gaze_sacc_eeg_means,176,0,Normal
XWS,sent_gaze_sacc_eeg_means,177,0,Normal
XWS,sent_gaze_sacc_eeg_means,178,0,Normal
XWS,sent_gaze_sacc_eeg_means,179,0,Normal
XWS,sent_gaze_sacc_eeg_means,180,0,Normal
XWS,sent_gaze_sacc_eeg_means,181,0,Normal
XWS,sent_gaze_sacc_eeg_means,182,0,Normal
XWS,sent_gaze_sacc_eeg_means,183,0,Normal
XWS,sent_gaze_sacc_eeg_means,184,0,Normal
XWS,sent_gaze_sacc_eeg_means,185,0,Normal
XWS,sent_gaze_sacc_eeg_means,186,0,Normal
XWS,sent_gaze_sacc_eeg_means,187,0,Normal
XWS,sent_gaze_sacc_eeg_means,188,0,Normal
XWS,sent_gaze_sacc_eeg_means,189,0,Normal
XWS,sent_gaze_sacc_eeg_means,190,0,Normal
XWS,sent_gaze_sacc_eeg_means,191,0,Normal
XWS,sent_gaze_sacc_eeg_means,192,0,Normal
XWS,sent_gaze_sacc_eeg_means,193,0,Normal
XWS,sent_gaze_sacc_eeg_means,194,0,Normal
XWS,sent_gaze_sacc_eeg_means,195,0,Normal
XWS,sent_gaze_sacc_eeg_means,196,0,Normal
XWS,sent_gaze_sacc_eeg_means,197,0,Normal
XWS,sent_gaze_sacc_eeg_means,198,0,Normal
XWS,sent_gaze_sacc_eeg_means,199,0,Normal
XWS,sent_gaze_sacc_eeg_means,200,0,Normal
XWS,sent_gaze_sacc_eeg_means,201,0,Normal
XWS,sent_gaze_sacc_eeg_means,202,0,Normal
XWS,sent_gaze_sacc_eeg_means,203,0,Normal
XWS,sent_gaze_sacc_eeg_means,204,0,Normal
XWS,sent_gaze_sacc_eeg_means,205,0,Normal
XWS,sent_gaze_sacc_eeg_means,206,0,Normal
XWS,sent_gaze_sacc_eeg_means,207,0,Normal
XWS,sent_gaze_sacc_eeg_means,208,0,Normal
XWS,sent_gaze_sacc_eeg_means,209,0,Normal
XWS,sent_gaze_sacc_eeg_means,210,0,Normal
XWS,sent_gaze_sacc_eeg_means,211,0,Normal
XWS,sent_gaze_sacc_eeg_means,212,0,Normal
XWS,sent_gaze_sacc_eeg_means,213,0,Normal
XWS,sent_gaze_sacc_eeg_means,214,0,Normal
XWS,sent_gaze_sacc_eeg_means,215,0,Normal
XWS,sent_gaze_sacc_eeg_means,216,0,Normal
XWS,sent_gaze_sacc_eeg_means,217,0,Normal
XWS,sent_gaze_sacc_eeg_means,218,0,Normal
XWS,sent_gaze_sacc_eeg_means,219,0,Normal
XWS,sent_gaze_sacc_eeg_means,220,0,Normal
XWS,sent_gaze_sacc_eeg_means,221,0,Normal
XWS,sent_gaze_sacc_eeg_means,222,0,Normal
XWS,sent_gaze_sacc_eeg_means,223,0,Normal
XWS,sent_gaze_sacc_eeg_means,224,0,Normal
XWS,sent_gaze_sacc_eeg_means,225,0,Normal
XWS,sent_gaze_sacc_eeg_means,226,0,Normal
XWS,sent_gaze_sacc_eeg_means,227,0,Normal
XWS,sent_gaze_sacc_eeg_means,228,0,Normal
XWS,sent_gaze_sacc_eeg_means,229,0,Normal
XWS,sent_gaze_sacc_eeg_means,230,0,Normal
XWS,sent_gaze_sacc_eeg_means,231,0,Normal
XWS,sent_gaze_sacc_eeg_means,232,0,Normal
XWS,sent_gaze_sacc_eeg_means,233,0,Normal
XWS,sent_gaze_sacc_eeg_means,234,0,Normal
XWS,sent_gaze_sacc_eeg_means,235,0,Normal
XWS,sent_gaze_sacc_eeg_means,236,0,Normal
XWS,sent_gaze_sacc_eeg_means,237,0,Normal
XWS,sent_gaze_sacc_eeg_means,238,0,Normal
XWS,sent_gaze_sacc_eeg_means,239,0,Normal
XWS,sent_gaze_sacc_eeg_means,240,0,Normal
XWS,sent_gaze_sacc_eeg_means,241,0,Normal
XWS,sent_gaze_sacc_eeg_means,242,0,Normal
XWS,sent_gaze_sacc_eeg_means,243,0,Normal
XWS,sent_gaze_sacc_eeg_means,244,0,Normal
XWS,sent_gaze_sacc_eeg_means,245,0,Normal
XWS,sent_gaze_sacc_eeg_means,246,0,Normal
XWS,sent_gaze_sacc_eeg_means,247,0,Normal
XWS,sent_gaze_sacc_eeg_means,248,0,Normal
XWS,sent_gaze_sacc_eeg_means,249,0,Normal
XWS,sent_gaze_sacc_eeg_means,250,0,Normal
XWS,sent_gaze_sacc_eeg_means,251,0,Normal
XWS,sent_gaze_sacc_eeg_means,252,0,Normal
XWS,sent_gaze_sacc_eeg_means,253,0,Normal
XWS,sent_gaze_sacc_eeg_means,254,0,Normal
XWS,sent_gaze_sacc_eeg_means,255,0,Normal
XWS,sent_gaze_sacc_eeg_means,256,0,Normal
XWS,sent_gaze_sacc_eeg_means,257,0,Normal
XWS,sent_gaze_sacc_eeg_means,258,0,Normal
XWS,sent_gaze_sacc_eeg_means,259,0,Normal
XWS,sent_gaze_sacc_eeg_means,260,0,Normal
XWS,sent_gaze_sacc_eeg_means,261,0,Normal
XWS,sent_gaze_sacc_eeg_means,262,0,Normal
XWS,sent_gaze_sacc_eeg_means,263,0,Normal
XWS,sent_gaze_sacc_eeg_means,264,0,Normal
XWS,sent_gaze_sacc_eeg_means,265,0,Normal
XWS,sent_gaze_sacc_eeg_means,266,0,Normal
XWS,sent_gaze_sacc_eeg_means,267,0,Normal
XWS,sent_gaze_sacc_eeg_means,268,0,Normal
XWS,sent_gaze_sacc_eeg_means,269,0,Normal
XWS,sent_gaze_sacc_eeg_means,270,0,Normal
XWS,sent_gaze_sacc_eeg_means,271,0,Normal
XWS,sent_gaze_sacc_eeg_means,272,0,Normal
XWS,sent_gaze_sacc_eeg_means,273,0,Normal
XWS,sent_gaze_sacc_eeg_means,274,0,Normal
XWS,sent_gaze_sacc_eeg_means,275,0,Normal
XWS,sent_gaze_sacc_eeg_means,276,0,Normal
XWS,sent_gaze_sacc_eeg_means,277,0,Normal
XWS,sent_gaze_sacc_eeg_means,278,0,Normal
XWS,sent_gaze_sacc_eeg_means,279,0,Normal
XWS,sent_gaze_sacc_eeg_means,280,0,Normal
XWS,sent_gaze_sacc_eeg_means,281,0,Normal
XWS,sent_gaze_sacc_eeg_means,282,0,Normal
XWS,sent_gaze_sacc_eeg_means,283,0,Normal
XWS,sent_gaze_sacc_eeg_means,284,0,Normal
XWS,sent_gaze_sacc_eeg_means,285,0,Normal
XWS,sent_gaze_sacc_eeg_means,286,0,Normal
XWS,sent_gaze_sacc_eeg_means,287,0,Normal
XWS,sent_gaze_sacc_eeg_means,288,0,Normal
XWS,sent_gaze_sacc_eeg_means,289,0,Normal
XWS,sent_gaze_sacc_eeg_means,290,0,Normal
XWS,sent_gaze_sacc_eeg_means,291,0,Normal
XWS,sent_gaze_sacc_eeg_means,292,0,Normal
XWS,sent_gaze_sacc_eeg_means,293,0,Normal
XWS,sent_gaze_sacc_eeg_means,294,0,Normal
XWS,sent_gaze_sacc_eeg_means,295,0,Normal
XWS,sent_gaze_sacc_eeg_means,296,0,Normal
XWS,sent_gaze_sacc_eeg_means,297,0,Normal
XWS,sent_gaze_sacc_eeg_means,298,0,Normal
XWS,sent_gaze_sacc_eeg_means,299,0,Normal
XWS,sent_gaze_sacc_eeg_means,300,0,Normal
XWS,sent_gaze_sacc_eeg_means,301,0,Normal
XWS,sent_gaze_sacc_eeg_means,302,0,Normal
XWS,sent_gaze_sacc_eeg_means,303,0,Normal
XWS,sent_gaze_sacc_eeg_means,304,0,Normal
XWS,sent_gaze_sacc_eeg_means,305,0,Normal
XWS,sent_gaze_sacc_eeg_means,306,0,Normal
XWS,sent_gaze_sacc_eeg_means,307,0,Normal
XWS,sent_gaze_sacc_eeg_means,308,0,Normal
XWS,sent_gaze_sacc_eeg_means,309,0,Normal
XWS,sent_gaze_sacc_eeg_means,310,0,Normal
XWS,sent_gaze_sacc_eeg_means,311,0,Normal
XWS,sent_gaze_sacc_eeg_means,312,0,Normal
XWS,sent_gaze_sacc_eeg_means,313,0,Normal
XWS,sent_gaze_sacc_eeg_means,314,0,Normal
XWS,sent_gaze_sacc_eeg_means,315,0,Normal
XWS,sent_gaze_sacc_eeg_means,316,0,Normal
XWS,sent_gaze_sacc_eeg_means,317,0,Normal
XWS,sent_gaze_sacc_eeg_means,318,0,Normal
XWS,sent_gaze_sacc_eeg_means,319,0,Normal
XWS,sent_gaze_sacc_eeg_means,320,0,Normal
XWS,sent_gaze_sacc_eeg_means,321,0,Normal
XWS,sent_gaze_sacc_eeg_means,322,0,Normal
XWS,sent_gaze_sacc_eeg_means,323,0,Normal
XWS,sent_gaze_sacc_eeg_means,324,0,Normal
XWS,sent_gaze_sacc_eeg_means,325,0,Normal
XWS,sent_gaze_sacc_eeg_means,326,0,Normal
XWS,sent_gaze_sacc_eeg_means,327,0,Normal
XWS,sent_gaze_sacc_eeg_means,328,0,Normal
XWS,sent_gaze_sacc_eeg_means,329,0,Normal
XWS,sent_gaze_sacc_eeg_means,330,0,Normal
XWS,sent_gaze_sacc_eeg_means,331,0,Normal
XWS,sent_gaze_sacc_eeg_means,332,0,Normal
XWS,sent_gaze_sacc_eeg_means,333,0,Normal
XWS,sent_gaze_sacc_eeg_means,334,0,Normal
XWS,sent_gaze_sacc_eeg_means,335,0,Normal
XWS,sent_gaze_sacc_eeg_means,336,0,Normal
XWS,sent_gaze_sacc_eeg_means,337,0,Normal
XWS,sent_gaze_sacc_eeg_means,338,0,Normal
XWS,sent_gaze_sacc_eeg_means,339,0,Normal
XWS,sent_gaze_sacc_eeg_means,340,0,Normal
XWS,sent_gaze_sacc_eeg_means,341,0,Normal
XWS,sent_gaze_sacc_eeg_means,342,0,Normal
XWS,sent_gaze_sacc_eeg_means,343,0,Normal
XWS,sent_gaze_sacc_eeg_means,344,0,Normal
XWS,sent_gaze_sacc_eeg_means,345,0,Normal
XWS,sent_gaze_sacc_eeg_means,346,0,Normal
XWS,sent_gaze_sacc_eeg_means,347,0,Normal
XWS,sent_gaze_sacc_eeg_means,348,0,Normal
XWS,sent_gaze_sacc_eeg_means,349,0,Normal
XWS,sent_gaze_sacc_eeg_means,350,0,Normal
XWS,sent_gaze_sacc_eeg_means,351,0,Normal
XWS,sent_gaze_sacc_eeg_means,352,0,Normal
XWS,sent_gaze_sacc_eeg_means,353,0,Normal
XWS,sent_gaze_sacc_eeg_means,354,0,Normal
XWS,sent_gaze_sacc_eeg_means,355,0,Normal
XWS,sent_gaze_sacc_eeg_means,356,0,Normal
XWS,sent_gaze_sacc_eeg_means,357,0,Normal
XWS,sent_gaze_sacc_eeg_means,358,0,Normal
XWS,sent_gaze_sacc_eeg_means,359,0,Normal
XWS,sent_gaze_sacc_eeg_means,360,0,Normal
XWS,sent_gaze_sacc_eeg_means,361,0,Normal
XWS,sent_gaze_sacc_eeg_means,362,0,Normal
XWS,sent_gaze_sacc_eeg_means,363,0,Normal
XWS,sent_gaze_sacc_eeg_means,364,0,Normal
XWS,sent_gaze_sacc_eeg_means,365,0,Normal
XWS,sent_gaze_sacc_eeg_means,366,0,Normal
XWS,sent_gaze_sacc_eeg_means,367,0,Normal
XWS,sent_gaze_sacc_eeg_means,368,0,Normal
XWS,sent_gaze_sacc_eeg_means,369,0,Normal
XWS,sent_gaze_sacc_eeg_means,370,0,Normal
XWS,sent_gaze_sacc_eeg_means,371,0,Normal
XWS,sent_gaze_sacc_eeg_means,372,0,Normal
XWS,sent_gaze_sacc_eeg_means,373,0,Normal
XWS,sent_gaze_sacc_eeg_means,374,0,Normal
XWS,sent_gaze_sacc_eeg_means,375,0,Normal
XWS,sent_gaze_sacc_eeg_means,376,0,Normal
XWS,sent_gaze_sacc_eeg_means,377,0,Normal
XWS,sent_gaze_sacc_eeg_means,378,0,Normal
XWS,sent_gaze_sacc_eeg_means,379,0,Normal
XWS,sent_gaze_sacc_eeg_means,380,0,Normal
XWS,sent_gaze_sacc_eeg_means,381,0,Normal
XWS,sent_gaze_sacc_eeg_means,382,0,Normal
XWS,sent_gaze_sacc_eeg_means,383,0,Normal
XWS,sent_gaze_sacc_eeg_means,384,0,Normal
XWS,sent_gaze_sacc_eeg_means,385,0,Normal
XWS,sent_gaze_sacc_eeg_means,386,0,Normal
XWS,sent_gaze_sacc_eeg_means,387,0,Normal
XWS,sent_gaze_sacc_eeg_means,388,0,Normal
XWS,sent_gaze_sacc_eeg_means,389,0,Normal
XWS,sent_gaze_sacc_eeg_means,390,0,Normal
XWS,sent_gaze_sacc_eeg_means,391,0,Normal
XWS,sent_gaze_sacc_eeg_means,392,0,Normal
XWS,sent_gaze_sacc_eeg_means,393,0,Normal
XWS,sent_gaze_sacc_eeg_means,394,0,Normal
XWS,sent_gaze_sacc_eeg_means,395,0,Normal
XWS,sent_gaze_sacc_eeg_means,396,0,Normal
XWS,sent_gaze_sacc_eeg_means,397,0,Normal
XWS,sent_gaze_sacc_eeg_means,398,0,Normal
XWS,sent_gaze_sacc_eeg_means,399,0,Normal
XWS,sent_gaze_sacc_eeg_means,400,0,Normal
XWS,sent_gaze_sacc_eeg_means,401,0,Normal
XWS,sent_gaze_sacc_eeg_means,402,0,Normal
XWS,sent_gaze_sacc_eeg_means,403,0,Normal
XWS,sent_gaze_sacc_eeg_means,404,0,Normal
XWS,sent_gaze_sacc_eeg_means,405,0,Normal
XWS,sent_gaze_sacc_eeg_means,406,0,Normal
XWS,sent_gaze_sacc_eeg_means,407,0,Normal
XWS,sent_gaze_sacc_eeg_means,408,0,Normal
XWS,sent_gaze_sacc_eeg_means,409,0,Normal
XWS,sent_gaze_sacc_eeg_means,410,0,Normal
XWS,sent_gaze_sacc_eeg_means,411,0,Normal
XWS,sent_gaze_sacc_eeg_means,412,0,Normal
XWS,sent_gaze_sacc_eeg_means,413,0,Normal
XWS,sent_gaze_sacc_eeg_means,414,0,Normal
XWS,sent_gaze_sacc_eeg_means,415,0,Normal
XWS,sent_gaze_sacc_eeg_means,416,0,Normal
XWS,sent_gaze_sacc_eeg_means,417,0,Normal
XWS,sent_gaze_sacc_eeg_means,418,0,Normal
XWS,sent_gaze_sacc_eeg_means,419,0,Normal
XWS,sent_gaze_sacc_eeg_means,420,0,Normal
XWS,sent_gaze_sacc_eeg_means,421,0,Normal
XWS,sent_gaze_sacc_eeg_means,422,0,Normal
XWS,sent_gaze_sacc_eeg_means,423,0,Normal
XWS,sent_gaze_sacc_eeg_means,424,0,Normal
XWS,sent_gaze_sacc_eeg_means,425,0,Normal
XWS,sent_gaze_sacc_eeg_means,426,0,Normal
XWS,sent_gaze_sacc_eeg_means,427,0,Normal
XWS,sent_gaze_sacc_eeg_means,428,0,Normal
XWS,sent_gaze_sacc_eeg_means,429,0,Normal
XWS,sent_gaze_sacc_eeg_means,430,0,Normal
XWS,sent_gaze_sacc_eeg_means,431,0,Normal
XWS,sent_gaze_sacc_eeg_means,432,0,Normal
XWS,sent_gaze_sacc_eeg_means,433,0,Normal
XWS,sent_gaze_sacc_eeg_means,434,0,Normal
XWS,sent_gaze_sacc_eeg_means,435,0,Normal
XWS,sent_gaze_sacc_eeg_means,436,0,Normal
XWS,sent_gaze_sacc_eeg_means,437,0,Normal
XWS,sent_gaze_sacc_eeg_means,438,0,Normal
XWS,sent_gaze_sacc_eeg_means,439,0,Normal
XWS,sent_gaze_sacc_eeg_means,440,0,Normal
XWS,sent_gaze_sacc_eeg_means,441,0,Normal
XWS,sent_gaze_sacc_eeg_means,442,0,Normal
XWS,sent_gaze_sacc_eeg_means,443,0,Normal
XWS,sent_gaze_sacc_eeg_means,444,0,Normal
XWS,sent_gaze_sacc_eeg_means,445,0,Normal
XWS,sent_gaze_sacc_eeg_means,446,0,Normal
XWS,sent_gaze_sacc_eeg_means,447,0,Normal
XWS,sent_gaze_sacc_eeg_means,448,0,Normal
XWS,sent_gaze_sacc_eeg_means,449,0,Normal
XWS,sent_gaze_sacc_eeg_means,450,0,Normal
XWS,sent_gaze_sacc_eeg_means,451,0,Normal
XWS,sent_gaze_sacc_eeg_means,452,0,Normal
XWS,sent_gaze_sacc_eeg_means,453,0,Normal
XWS,sent_gaze_sacc_eeg_means,454,0,Normal
XWS,sent_gaze_sacc_eeg_means,455,0,Normal
XWS,sent_gaze_sacc_eeg_means,456,0,Normal
XWS,sent_gaze_sacc_eeg_means,457,0,Normal
XWS,sent_gaze_sacc_eeg_means,458,0,Normal
XWS,sent_gaze_sacc_eeg_means,459,0,Normal
XWS,sent_gaze_sacc_eeg_means,460,0,Normal
XWS,sent_gaze_sacc_eeg_means,461,0,Normal
XWS,sent_gaze_sacc_eeg_means,462,0,Normal
XWS,sent_gaze_sacc_eeg_means,463,0,Normal
XWS,sent_gaze_sacc_eeg_means,464,0,Normal
XWS,sent_gaze_sacc_eeg_means,465,0,Normal
XWS,sent_gaze_sacc_eeg_means,466,0,Normal
XWS,sent_gaze_sacc_eeg_means,467,0,Normal
XWS,sent_gaze_sacc_eeg_means,468,0,Normal
XWS,sent_gaze_sacc_eeg_means,469,0,Normal
XWS,sent_gaze_sacc_eeg_means,470,0,Normal
XWS,sent_gaze_sacc_eeg_means,471,0,Normal
XWS,sent_gaze_sacc_eeg_means,472,0,Normal
XWS,sent_gaze_sacc_eeg_means,473,0,Normal
XWS,sent_gaze_sacc_eeg_means,474,0,Normal
XWS,sent_gaze_sacc_eeg_means,475,0,Normal
XWS,sent_gaze_sacc_eeg_means,476,0,Normal
XWS,sent_gaze_sacc_eeg_means,477,0,Normal
XWS,sent_gaze_sacc_eeg_means,478,0,Normal
XWS,sent_gaze_sacc_eeg_means,479,0,Normal
XWS,sent_gaze_sacc_eeg_means,480,0,Normal
XWS,sent_gaze_sacc_eeg_means,481,0,Normal
XWS,sent_gaze_sacc_eeg_means,482,0,Normal
XWS,sent_gaze_sacc_eeg_means,483,0,Normal
XWS,sent_gaze_sacc_eeg_means,484,0,Normal
XWS,sent_gaze_sacc_eeg_means,485,0,Normal
XWS,sent_gaze_sacc_eeg_means,486,0,Normal
XWS,sent_gaze_sacc_eeg_means,487,0,Normal
XWS,sent_gaze_sacc_eeg_means,488,0,Normal
XWS,sent_gaze_sacc_eeg_means,489,0,Normal
XWS,sent_gaze_sacc_eeg_means,490,0,Normal
XWS,sent_gaze_sacc_eeg_means,491,0,Normal
XWS,sent_gaze_sacc_eeg_means,492,0,Normal
XWS,sent_gaze_sacc_eeg_means,493,0,Normal
XWS,sent_gaze_sacc_eeg_means,494,0,Normal
XWS,sent_gaze_sacc_eeg_means,495,0,Normal
XWS,sent_gaze_sacc_eeg_means,496,0,Normal
XWS,sent_gaze_sacc_eeg_means,497,0,Normal
XWS,sent_gaze_sacc_eeg_means,498,0,Normal
XWS,sent_gaze_sacc_eeg_means,499,0,Normal
XWS,sent_gaze_sacc_eeg_means,500,0,Normal
XWS,sent_gaze_sacc_eeg_means,501,0,Normal
XWS,sent_gaze_sacc_eeg_means,502,0,Normal
XWS,sent_gaze_sacc_eeg_means,503,0,Normal
XWS,sent_gaze_sacc_eeg_means,504,0,Normal
XWS,sent_gaze_sacc_eeg_means,505,0,Normal
XWS,sent_gaze_sacc_eeg_means,506,0,Normal
XWS,sent_gaze_sacc_eeg_means,507,0,Normal
XWS,sent_gaze_sacc_eeg_means,508,0,Normal
XWS,sent_gaze_sacc_eeg_means,509,0,Normal
XWS,sent_gaze_sacc_eeg_means,510,0,Normal
XWS,sent_gaze_sacc_eeg_means,511,0,Normal
XWS,sent_gaze_sacc_eeg_means,512,0,Normal
XWS,sent_gaze_sacc_eeg_means,513,0,Normal
XWS,sent_gaze_sacc_eeg_means,514,0,Normal
XWS,sent_gaze_sacc_eeg_means,515,0,Normal
XWS,sent_gaze_sacc_eeg_means,516,0,Normal
XWS,sent_gaze_sacc_eeg_means,517,0,Normal
XWS,sent_gaze_sacc_eeg_means,518,0,Normal
XWS,sent_gaze_sacc_eeg_means,519,0,Normal
XWS,sent_gaze_sacc_eeg_means,520,0,Normal
XWS,sent_gaze_sacc_eeg_means,521,0,Normal
XWS,sent_gaze_sacc_eeg_means,522,0,Normal
XWS,sent_gaze_sacc_eeg_means,523,0,Normal
XWS,sent_gaze_sacc_eeg_means,524,0,Normal
XWS,sent_gaze_sacc_eeg_means,525,0,Normal
XWS,sent_gaze_sacc_eeg_means,526,0,Normal
XWS,sent_gaze_sacc_eeg_means,527,0,Normal
XWS,sent_gaze_sacc_eeg_means,528,0,Normal
XWS,sent_gaze_sacc_eeg_means,529,0,Normal
XWS,sent_gaze_sacc_eeg_means,530,0,Normal
XWS,sent_gaze_sacc_eeg_means,531,0,Normal
XWS,sent_gaze_sacc_eeg_means,532,0,Normal
XWS,sent_gaze_sacc_eeg_means,533,0,Normal
XWS,sent_gaze_sacc_eeg_means,534,0,Normal
XWS,sent_gaze_sacc_eeg_means,535,0,Normal
XWS,sent_gaze_sacc_eeg_means,536,0,Normal
XWS,sent_gaze_sacc_eeg_means,537,0,Normal
XWS,sent_gaze_sacc_eeg_means,538,0,Normal
XWS,sent_gaze_sacc_eeg_means,539,0,Normal
XWS,sent_gaze_sacc_eeg_means,540,0,Normal
XWS,sent_gaze_sacc_eeg_means,541,0,Normal
XWS,sent_gaze_sacc_eeg_means,542,0,Normal
XWS,sent_gaze_sacc_eeg_means,543,0,Normal
XWS,sent_gaze_sacc_eeg_means,544,0,Normal
XWS,sent_gaze_sacc_eeg_means,545,0,Normal
XWS,sent_gaze_sacc_eeg_means,546,0,Normal
XWS,sent_gaze_sacc_eeg_means,547,0,Normal
XWS,sent_gaze_sacc_eeg_means,548,0,Normal
XWS,sent_gaze_sacc_eeg_means,549,0,Normal
XWS,sent_gaze_sacc_eeg_means,550,0,Normal
XWS,sent_gaze_sacc_eeg_means,551,0,Normal
XWS,sent_gaze_sacc_eeg_means,552,0,Normal
XWS,sent_gaze_sacc_eeg_means,553,0,Normal
XWS,sent_gaze_sacc_eeg_means,554,0,Normal
XWS,sent_gaze_sacc_eeg_means,555,0,Normal
XWS,sent_gaze_sacc_eeg_means,556,0,Normal
XWS,sent_gaze_sacc_eeg_means,557,0,Normal
XWS,sent_gaze_sacc_eeg_means,558,0,Normal
XWS,sent_gaze_sacc_eeg_means,559,0,Normal
XWS,sent_gaze_sacc_eeg_means,560,0,Normal
XWS,sent_gaze_sacc_eeg_means,561,0,Normal
XWS,sent_gaze_sacc_eeg_means,562,0,Normal
XWS,sent_gaze_sacc_eeg_means,563,0,Normal
XWS,sent_gaze_sacc_eeg_means,564,0,Normal
XWS,sent_gaze_sacc_eeg_means,565,0,Normal
XWS,sent_gaze_sacc_eeg_means,566,0,Normal
XWS,sent_gaze_sacc_eeg_means,567,0,Normal
XWS,sent_gaze_sacc_eeg_means,568,0,Normal
XWS,sent_gaze_sacc_eeg_means,569,0,Normal
XWS,sent_gaze_sacc_eeg_means,570,0,Normal
XWS,sent_gaze_sacc_eeg_means,571,0,Normal
XWS,sent_gaze_sacc_eeg_means,572,0,Normal
XWS,sent_gaze_sacc_eeg_means,573,0,Normal
XWS,sent_gaze_sacc_eeg_means,574,0,Normal
XWS,sent_gaze_sacc_eeg_means,575,0,Normal
XWS,sent_gaze_sacc_eeg_means,576,0,Normal
XWS,sent_gaze_sacc_eeg_means,577,0,Normal
XWS,sent_gaze_sacc_eeg_means,578,0,Normal
XWS,sent_gaze_sacc_eeg_means,579,0,Normal
XWS,sent_gaze_sacc_eeg_means,580,0,Normal
XWS,sent_gaze_sacc_eeg_means,581,0,Normal
XWS,sent_gaze_sacc_eeg_means,582,0,Normal
XWS,sent_gaze_sacc_eeg_means,583,0,Normal
XWS,sent_gaze_sacc_eeg_means,584,0,Normal
XWS,sent_gaze_sacc_eeg_means,585,0,Normal
XWS,sent_gaze_sacc_eeg_means,586,0,Normal
XWS,sent_gaze_sacc_eeg_means,587,0,Normal
XWS,sent_gaze_sacc_eeg_means,588,0,Normal
XWS,sent_gaze_sacc_eeg_means,589,0,Normal
XWS,sent_gaze_sacc_eeg_means,590,0,Normal
XWS,sent_gaze_sacc_eeg_means,591,0,Normal
XWS,sent_gaze_sacc_eeg_means,592,0,Normal
XWS,sent_gaze_sacc_eeg_means,593,0,Normal
XWS,sent_gaze_sacc_eeg_means,594,0,Normal
XWS,sent_gaze_sacc_eeg_means,595,0,Normal
XWS,sent_gaze_sacc_eeg_means,596,0,Normal
XWS,sent_gaze_sacc_eeg_means,597,0,Normal
XWS,sent_gaze_sacc_eeg_means,598,0,Normal
XWS,sent_gaze_sacc_eeg_means,599,0,Normal
XWS,sent_gaze_sacc_eeg_means,600,0,Normal
XWS,sent_gaze_sacc_eeg_means,601,0,Normal
XWS,sent_gaze_sacc_eeg_means,602,0,Normal
XWS,sent_gaze_sacc_eeg_means,603,0,Normal
XWS,sent_gaze_sacc_eeg_means,604,0,Normal
XWS,sent_gaze_sacc_eeg_means,605,0,Normal
XWS,sent_gaze_sacc_eeg_means,606,0,Normal
XWS,sent_gaze_sacc_eeg_means,607,0,Normal
XWS,sent_gaze_sacc_eeg_means,608,0,Normal
XWS,sent_gaze_sacc_eeg_means,609,0,Normal
XWS,sent_gaze_sacc_eeg_means,610,0,Normal
XWS,sent_gaze_sacc_eeg_means,611,0,Normal
XWS,sent_gaze_sacc_eeg_means,612,0,Normal
XWS,sent_gaze_sacc_eeg_means,613,0,Normal
XWS,sent_gaze_sacc_eeg_means,614,0,Normal
XWS,sent_gaze_sacc_eeg_means,615,0,Normal
XWS,sent_gaze_sacc_eeg_means,616,0,Normal
XWS,sent_gaze_sacc_eeg_means,617,0,Normal
XWS,sent_gaze_sacc_eeg_means,618,0,Normal
XWS,sent_gaze_sacc_eeg_means,619,0,Normal
XWS,sent_gaze_sacc_eeg_means,620,0,Normal
XWS,sent_gaze_sacc_eeg_means,621,0,Normal
XWS,sent_gaze_sacc_eeg_means,622,0,Normal
XWS,sent_gaze_sacc_eeg_means,623,0,Normal
XWS,sent_gaze_sacc_eeg_means,624,0,Normal
XWS,sent_gaze_sacc_eeg_means,625,0,Normal
XWS,sent_gaze_sacc_eeg_means,626,0,Normal
XWS,sent_gaze_sacc_eeg_means,627,0,Normal
XWS,sent_gaze_sacc_eeg_means,628,0,Normal
XWS,sent_gaze_sacc_eeg_means,629,0,Normal
XWS,sent_gaze_sacc_eeg_means,630,0,Normal
XWS,sent_gaze_sacc_eeg_means,631,0,Normal
XWS,sent_gaze_sacc_eeg_means,632,0,Normal
XWS,sent_gaze_sacc_eeg_means,633,0,Normal
XWS,sent_gaze_sacc_eeg_means,634,0,Normal
XWS,sent_gaze_sacc_eeg_means,635,0,Normal
XWS,sent_gaze_sacc_eeg_means,636,0,Normal
XWS,sent_gaze_sacc_eeg_means,637,0,Normal
XWS,sent_gaze_sacc_eeg_means,638,0,Normal
XWS,sent_gaze_sacc_eeg_means,639,0,Normal
XWS,sent_gaze_sacc_eeg_means,640,0,Normal
XWS,sent_gaze_sacc_eeg_means,641,0,Normal
XWS,sent_gaze_sacc_eeg_means,642,0,Normal
XWS,sent_gaze_sacc_eeg_means,643,0,Normal
XWS,sent_gaze_sacc_eeg_means,644,0,Normal
XWS,sent_gaze_sacc_eeg_means,645,0,Normal
XWS,sent_gaze_sacc_eeg_means,646,0,Normal
XWS,sent_gaze_sacc_eeg_means,647,0,Normal
XWS,sent_gaze_sacc_eeg_means,648,0,Normal
XWS,sent_gaze_sacc_eeg_means,649,0,Normal
XWS,sent_gaze_sacc_eeg_means,650,0,Normal
XWS,sent_gaze_sacc_eeg_means,651,0,Normal
XWS,sent_gaze_sacc_eeg_means,652,0,Normal
XWS,sent_gaze_sacc_eeg_means,653,0,Normal
XWS,sent_gaze_sacc_eeg_means,654,0,Normal
XWS,sent_gaze_sacc_eeg_means,655,0,Normal
XWS,sent_gaze_sacc_eeg_means,656,0,Normal
XWS,sent_gaze_sacc_eeg_means,657,0,Normal
XWS,sent_gaze_sacc_eeg_means,658,0,Normal
XWS,sent_gaze_sacc_eeg_means,659,0,Normal
XWS,sent_gaze_sacc_eeg_means,660,0,Normal
XWS,sent_gaze_sacc_eeg_means,661,0,Normal
XWS,sent_gaze_sacc_eeg_means,662,0,Normal
XWS,sent_gaze_sacc_eeg_means,663,0,Normal
XWS,sent_gaze_sacc_eeg_means,664,0,Normal
XWS,sent_gaze_sacc_eeg_means,665,0,Normal
XWS,sent_gaze_sacc_eeg_means,666,0,Normal
XWS,sent_gaze_sacc_eeg_means,667,0,Normal
XWS,sent_gaze_sacc_eeg_means,668,0,Normal
XWS,sent_gaze_sacc_eeg_means,669,0,Normal
XWS,sent_gaze_sacc_eeg_means,670,0,Normal
XWS,sent_gaze_sacc_eeg_means,671,0,Normal
XWS,sent_gaze_sacc_eeg_means,672,0,Normal
XWS,sent_gaze_sacc_eeg_means,673,0,Normal
XWS,sent_gaze_sacc_eeg_means,674,0,Normal
XWS,sent_gaze_sacc_eeg_means,675,0,Normal
XWS,sent_gaze_sacc_eeg_means,676,0,Normal
XWS,sent_gaze_sacc_eeg_means,677,0,Normal
XWS,sent_gaze_sacc_eeg_means,678,0,Normal
XWS,sent_gaze_sacc_eeg_means,679,0,Normal
XWS,sent_gaze_sacc_eeg_means,680,0,Normal
XWS,sent_gaze_sacc_eeg_means,681,0,Normal
XWS,sent_gaze_sacc_eeg_means,682,0,Normal
XWS,sent_gaze_sacc_eeg_means,683,0,Normal
XWS,sent_gaze_sacc_eeg_means,684,0,Normal
XWS,sent_gaze_sacc_eeg_means,685,0,Normal
XWS,sent_gaze_sacc_eeg_means,686,0,Normal
XWS,sent_gaze_sacc_eeg_means,687,0,Normal
XWS,sent_gaze_sacc_eeg_means,688,0,Normal
XWS,sent_gaze_sacc_eeg_means,689,0,Normal
XWS,sent_gaze_sacc_eeg_means,690,0,Normal
XWS,sent_gaze_sacc_eeg_means,691,0,Normal
XWS,sent_gaze_sacc_eeg_means,692,0,Normal
XWS,sent_gaze_sacc_eeg_means,693,0,Normal
XWS,sent_gaze_sacc_eeg_means,694,0,Normal
XWS,sent_gaze_sacc_eeg_means,695,0,Normal
XWS,sent_gaze_sacc_eeg_means,696,0,Normal
XWS,sent_gaze_sacc_eeg_means,697,0,Normal
XWS,sent_gaze_sacc_eeg_means,698,0,Normal
XWS,sent_gaze_sacc_eeg_means,699,0,Normal
XWS,sent_gaze_sacc_eeg_means,700,0,Normal
XWS,sent_gaze_sacc_eeg_means,701,0,Normal
XWS,sent_gaze_sacc_eeg_means,702,0,Normal
XWS,sent_gaze_sacc_eeg_means,703,0,Normal
XWS,sent_gaze_sacc_eeg_means,704,0,Normal
XWS,sent_gaze_sacc_eeg_means,705,0,Normal
XWS,sent_gaze_sacc_eeg_means,706,0,Normal
XWS,sent_gaze_sacc_eeg_means,707,0,Normal
XWS,sent_gaze_sacc_eeg_means,708,0,Normal
XWS,sent_gaze_sacc_eeg_means,709,0,Normal
XWS,sent_gaze_sacc_eeg_means,710,0,Normal
XWS,sent_gaze_sacc_eeg_means,711,0,Normal
XWS,sent_gaze_sacc_eeg_means,712,0,Normal
XWS,sent_gaze_sacc_eeg_means,713,0,Normal
XWS,sent_gaze_sacc_eeg_means,714,0,Normal
XWS,sent_gaze_sacc_eeg_means,715,0,Normal
XWS,sent_gaze_sacc_eeg_means,716,0,Normal
XWS,sent_gaze_sacc_eeg_means,717,0,Normal
XWS,sent_gaze_sacc_eeg_means,718,0,Normal
XWS,sent_gaze_sacc_eeg_means,719,0,Normal
XWS,sent_gaze_sacc_eeg_means,720,0,Normal
XWS,sent_gaze_sacc_eeg_means,721,0,Normal
XWS,sent_gaze_sacc_eeg_means,722,0,Normal
XWS,sent_gaze_sacc_eeg_means,723,0,Normal
XWS,sent_gaze_sacc_eeg_means,724,0,Normal
XWS,sent_gaze_sacc_eeg_means,725,0,Normal
XWS,sent_gaze_sacc_eeg_means,726,0,Normal
XWS,sent_gaze_sacc_eeg_means,727,0,Normal
XWS,sent_gaze_sacc_eeg_means,728,0,Normal
XWS,sent_gaze_sacc_eeg_means,729,0,Normal
XWS,sent_gaze_sacc_eeg_means,730,0,Normal
XWS,sent_gaze_sacc_eeg_means,731,0,Normal
XWS,sent_gaze_sacc_eeg_means,732,0,Normal
XWS,sent_gaze_sacc_eeg_means,733,0,Normal
XWS,sent_gaze_sacc_eeg_means,734,0,Normal
XWS,sent_gaze_sacc_eeg_means,735,0,Normal
XWS,sent_gaze_sacc_eeg_means,736,0,Normal
XWS,sent_gaze_sacc_eeg_means,737,0,Normal
XWS,sent_gaze_sacc_eeg_means,738,0,Normal
XAH,sent_gaze_sacc_eeg_means,0,0,Normal
XAH,sent_gaze_sacc_eeg_means,1,0,Normal
XAH,sent_gaze_sacc_eeg_means,2,0,Normal
XAH,sent_gaze_sacc_eeg_means,3,0,Normal
XAH,sent_gaze_sacc_eeg_means,4,0,Normal
XAH,sent_gaze_sacc_eeg_means,5,0,Normal
XAH,sent_gaze_sacc_eeg_means,6,0,Normal
XAH,sent_gaze_sacc_eeg_means,7,0,Normal
XAH,sent_gaze_sacc_eeg_means,8,0,Normal
XAH,sent_gaze_sacc_eeg_means,9,0,Normal
XAH,sent_gaze_sacc_eeg_means,10,0,Normal
XAH,sent_gaze_sacc_eeg_means,11,0,Normal
XAH,sent_gaze_sacc_eeg_means,12,0,Normal
XAH,sent_gaze_sacc_eeg_means,13,0,Normal
XAH,sent_gaze_sacc_eeg_means,14,0,Normal
XAH,sent_gaze_sacc_eeg_means,15,0,Normal
XAH,sent_gaze_sacc_eeg_means,16,0,Normal
XAH,sent_gaze_sacc_eeg_means,17,0,Normal
XAH,sent_gaze_sacc_eeg_means,18,0,Normal
XAH,sent_gaze_sacc_eeg_means,19,0,Normal
XAH,sent_gaze_sacc_eeg_means,20,0,Normal
XAH,sent_gaze_sacc_eeg_means,21,0,Normal
XAH,sent_gaze_sacc_eeg_means,22,0,Normal
XAH,sent_gaze_sacc_eeg_means,23,0,Normal
XAH,sent_gaze_sacc_eeg_means,24,0,Normal
XAH,sent_gaze_sacc_eeg_means,25,0,Normal
XAH,sent_gaze_sacc_eeg_means,26,0,Normal
XAH,sent_gaze_sacc_eeg_means,27,0,Normal
XAH,sent_gaze_sacc_eeg_means,28,0,Normal
XAH,sent_gaze_sacc_eeg_means,29,0,Normal
XAH,sent_gaze_sacc_eeg_means,30,0,Normal
XAH,sent_gaze_sacc_eeg_means,31,0,Normal
XAH,sent_gaze_sacc_eeg_means,32,0,Normal
XAH,sent_gaze_sacc_eeg_means,33,0,Normal
XAH,sent_gaze_sacc_eeg_means,34,0,Normal
XAH,sent_gaze_sacc_eeg_means,35,0,Normal
XAH,sent_gaze_sacc_eeg_means,36,0,Normal
XAH,sent_gaze_sacc_eeg_means,37,0,Normal
XAH,sent_gaze_sacc_eeg_means,38,0,Normal
XAH,sent_gaze_sacc_eeg_means,39,0,Normal
XAH,sent_gaze_sacc_eeg_means,40,0,Normal
XAH,sent_gaze_sacc_eeg_means,41,0,Normal
XAH,sent_gaze_sacc_eeg_means,42,0,Normal
XAH,sent_gaze_sacc_eeg_means,43,0,Normal
XAH,sent_gaze_sacc_eeg_means,44,0,Normal
XAH,sent_gaze_sacc_eeg_means,45,0,Normal
XAH,sent_gaze_sacc_eeg_means,46,0,Normal
XAH,sent_gaze_sacc_eeg_means,47,0,Normal
XAH,sent_gaze_sacc_eeg_means,48,0,Normal
XAH,sent_gaze_sacc_eeg_means,49,0,Normal
XAH,sent_gaze_sacc_eeg_means,50,0,Normal
XAH,sent_gaze_sacc_eeg_means,51,0,Normal
XAH,sent_gaze_sacc_eeg_means,52,0,Normal
XAH,sent_gaze_sacc_eeg_means,53,0,Normal
XAH,sent_gaze_sacc_eeg_means,54,0,Normal
XAH,sent_gaze_sacc_eeg_means,55,0,Normal
XAH,sent_gaze_sacc_eeg_means,56,0,Normal
XAH,sent_gaze_sacc_eeg_means,57,0,Normal
XAH,sent_gaze_sacc_eeg_means,58,0,Normal
XAH,sent_gaze_sacc_eeg_means,59,0,Normal
XAH,sent_gaze_sacc_eeg_means,60,0,Normal
XAH,sent_gaze_sacc_eeg_means,61,0,Normal
XAH,sent_gaze_sacc_eeg_means,62,0,Normal
XAH,sent_gaze_sacc_eeg_means,63,0,Normal
XAH,sent_gaze_sacc_eeg_means,64,0,Normal
XAH,sent_gaze_sacc_eeg_means,65,0,Normal
XAH,sent_gaze_sacc_eeg_means,66,0,Normal
XAH,sent_gaze_sacc_eeg_means,67,0,Normal
XAH,sent_gaze_sacc_eeg_means,68,0,Normal
XAH,sent_gaze_sacc_eeg_means,69,0,Normal
XAH,sent_gaze_sacc_eeg_means,70,0,Normal
XAH,sent_gaze_sacc_eeg_means,71,0,Normal
XAH,sent_gaze_sacc_eeg_means,72,0,Normal
XAH,sent_gaze_sacc_eeg_means,73,0,Normal
XAH,sent_gaze_sacc_eeg_means,74,0,Normal
XAH,sent_gaze_sacc_eeg_means,75,0,Normal
XAH,sent_gaze_sacc_eeg_means,76,0,Normal
XAH,sent_gaze_sacc_eeg_means,77,0,Normal
XAH,sent_gaze_sacc_eeg_means,78,0,Normal
XAH,sent_gaze_sacc_eeg_means,79,0,Normal
XAH,sent_gaze_sacc_eeg_means,80,0,Normal
XAH,sent_gaze_sacc_eeg_means,81,0,Normal
XAH,sent_gaze_sacc_eeg_means,82,0,Normal
XAH,sent_gaze_sacc_eeg_means,83,0,Normal
XAH,sent_gaze_sacc_eeg_means,84,0,Normal
XAH,sent_gaze_sacc_eeg_means,85,0,Normal
XAH,sent_gaze_sacc_eeg_means,86,0,Normal
XAH,sent_gaze_sacc_eeg_means,87,0,Normal
XAH,sent_gaze_sacc_eeg_means,88,0,Normal
XAH,sent_gaze_sacc_eeg_means,89,0,Normal
XAH,sent_gaze_sacc_eeg_means,90,0,Normal
XAH,sent_gaze_sacc_eeg_means,91,0,Normal
XAH,sent_gaze_sacc_eeg_means,92,0,Normal
XAH,sent_gaze_sacc_eeg_means,93,0,Normal
XAH,sent_gaze_sacc_eeg_means,94,0,Normal
XAH,sent_gaze_sacc_eeg_means,95,0,Normal
XAH,sent_gaze_sacc_eeg_means,96,0,Normal
XAH,sent_gaze_sacc_eeg_means,97,0,Normal
XAH,sent_gaze_sacc_eeg_means,98,0,Normal
XAH,sent_gaze_sacc_eeg_means,99,0,Normal
XAH,sent_gaze_sacc_eeg_means,100,0,Normal
XAH,sent_gaze_sacc_eeg_means,101,0,Normal
XAH,sent_gaze_sacc_eeg_means,102,0,Normal
XAH,sent_gaze_sacc_eeg_means,103,0,Normal
XAH,sent_gaze_sacc_eeg_means,104,0,Normal
XAH,sent_gaze_sacc_eeg_means,105,0,Normal
XAH,sent_gaze_sacc_eeg_means,106,0,Normal
XAH,sent_gaze_sacc_eeg_means,107,0,Normal
XAH,sent_gaze_sacc_eeg_means,108,0,Normal
XAH,sent_gaze_sacc_eeg_means,109,0,Normal
XAH,sent_gaze_sacc_eeg_means,110,0,Normal
XAH,sent_gaze_sacc_eeg_means,111,0,Normal
XAH,sent_gaze_sacc_eeg_means,112,0,Normal
XAH,sent_gaze_sacc_eeg_means,113,0,Normal
XAH,sent_gaze_sacc_eeg_means,114,0,Normal
XAH,sent_gaze_sacc_eeg_means,115,0,Normal
XAH,sent_gaze_sacc_eeg_means,116,0,Normal
XAH,sent_gaze_sacc_eeg_means,117,0,Normal
XAH,sent_gaze_sacc_eeg_means,118,0,Normal
XAH,sent_gaze_sacc_eeg_means,119,0,Normal
XAH,sent_gaze_sacc_eeg_means,120,0,Normal
XAH,sent_gaze_sacc_eeg_means,121,0,Normal
XAH,sent_gaze_sacc_eeg_means,122,0,Normal
XAH,sent_gaze_sacc_eeg_means,123,0,Normal
XAH,sent_gaze_sacc_eeg_means,124,0,Normal
XAH,sent_gaze_sacc_eeg_means,125,0,Normal
XAH,sent_gaze_sacc_eeg_means,126,0,Normal
XAH,sent_gaze_sacc_eeg_means,127,0,Normal
XAH,sent_gaze_sacc_eeg_means,128,0,Normal
XAH,sent_gaze_sacc_eeg_means,129,0,Normal
XAH,sent_gaze_sacc_eeg_means,130,0,Normal
XAH,sent_gaze_sacc_eeg_means,131,0,Normal
XAH,sent_gaze_sacc_eeg_means,132,0,Normal
XAH,sent_gaze_sacc_eeg_means,133,0,Normal
XAH,sent_gaze_sacc_eeg_means,134,0,Normal
XAH,sent_gaze_sacc_eeg_means,135,0,Normal
XAH,sent_gaze_sacc_eeg_means,136,0,Normal
XAH,sent_gaze_sacc_eeg_means,137,0,Normal
XAH,sent_gaze_sacc_eeg_means,138,0,Normal
XAH,sent_gaze_sacc_eeg_means,139,0,Normal
XAH,sent_gaze_sacc_eeg_means,140,0,Normal
XAH,sent_gaze_sacc_eeg_means,141,0,Normal
XAH,sent_gaze_sacc_eeg_means,142,0,Normal
XAH,sent_gaze_sacc_eeg_means,143,0,Normal
XAH,sent_gaze_sacc_eeg_means,144,0,Normal
XAH,sent_gaze_sacc_eeg_means,145,0,Normal
XAH,sent_gaze_sacc_eeg_means,146,0,Normal
XAH,sent_gaze_sacc_eeg_means,147,0,Normal
XAH,sent_gaze_sacc_eeg_means,148,0,Normal
XAH,sent_gaze_sacc_eeg_means,149,0,Normal
XAH,sent_gaze_sacc_eeg_means,150,0,Normal
XAH,sent_gaze_sacc_eeg_means,151,0,Normal
XAH,sent_gaze_sacc_eeg_means,152,0,Normal
XAH,sent_gaze_sacc_eeg_means,153,0,Normal
XAH,sent_gaze_sacc_eeg_means,154,0,Normal
XAH,sent_gaze_sacc_eeg_means,155,0,Normal
XAH,sent_gaze_sacc_eeg_means,156,0,Normal
XAH,sent_gaze_sacc_eeg_means,157,0,Normal
XAH,sent_gaze_sacc_eeg_means,158,0,Normal
XAH,sent_gaze_sacc_eeg_means,159,0,Normal
XAH,sent_gaze_sacc_eeg_means,160,0,Normal
XAH,sent_gaze_sacc_eeg_means,161,0,Normal
XAH,sent_gaze_sacc_eeg_means,162,0,Normal
XAH,sent_gaze_sacc_eeg_means,163,0,Normal
XAH,sent_gaze_sacc_eeg_means,164,0,Normal
XAH,sent_gaze_sacc_eeg_means,165,0,Normal
XAH,sent_gaze_sacc_eeg_means,166,0,Normal
XAH,sent_gaze_sacc_eeg_means,167,0,Normal
XAH,sent_gaze_sacc_eeg_means,168,0,Normal
XAH,sent_gaze_sacc_eeg_means,169,0,Normal
XAH,sent_gaze_sacc_eeg_means,170,0,Normal
XAH,sent_gaze_sacc_eeg_means,171,0,Normal
XAH,sent_gaze_sacc_eeg_means,172,0,Normal
XAH,sent_gaze_sacc_eeg_means,173,0,Normal
XAH,sent_gaze_sacc_eeg_means,174,0,Normal
XAH,sent_gaze_sacc_eeg_means,175,0,Normal
XAH,sent_gaze_sacc_eeg_means,176,0,Normal
XAH,sent_gaze_sacc_eeg_means,177,0,Normal
XAH,sent_gaze_sacc_eeg_means,178,0,Normal
XAH,sent_gaze_sacc_eeg_means,179,0,Normal
XAH,sent_gaze_sacc_eeg_means,180,0,Normal
XAH,sent_gaze_sacc_eeg_means,181,0,Normal
XAH,sent_gaze_sacc_eeg_means,182,0,Normal
XAH,sent_gaze_sacc_eeg_means,183,0,Normal
XAH,sent_gaze_sacc_eeg_means,184,0,Normal
XAH,sent_gaze_sacc_eeg_means,185,0,Normal
XAH,sent_gaze_sacc_eeg_means,186,0,Normal
XAH,sent_gaze_sacc_eeg_means,187,0,Normal
XAH,sent_gaze_sacc_eeg_means,188,0,Normal
XAH,sent_gaze_sacc_eeg_means,189,0,Normal
XAH,sent_gaze_sacc_eeg_means,190,0,Normal
XAH,sent_gaze_sacc_eeg_means,191,0,Normal
XAH,sent_gaze_sacc_eeg_means,192,0,Normal
XAH,sent_gaze_sacc_eeg_means,193,0,Normal
XAH,sent_gaze_sacc_eeg_means,194,0,Normal
XAH,sent_gaze_sacc_eeg_means,195,0,Normal
XAH,sent_gaze_sacc_eeg_means,196,0,Normal
XAH,sent_gaze_sacc_eeg_means,197,0,Normal
XAH,sent_gaze_sacc_eeg_means,198,0,Normal
XAH,sent_gaze_sacc_eeg_means,199,0,Normal
XAH,sent_gaze_sacc_eeg_means,200,0,Normal
XAH,sent_gaze_sacc_eeg_means,201,0,Normal
XAH,sent_gaze_sacc_eeg_means,202,0,Normal
XAH,sent_gaze_sacc_eeg_means,203,0,Normal
XAH,sent_gaze_sacc_eeg_means,204,0,Normal
XAH,sent_gaze_sacc_eeg_means,205,0,Normal
XAH,sent_gaze_sacc_eeg_means,206,0,Normal
XAH,sent_gaze_sacc_eeg_means,207,0,Normal
XAH,sent_gaze_sacc_eeg_means,208,0,Normal
XAH,sent_gaze_sacc_eeg_means,209,0,Normal
XAH,sent_gaze_sacc_eeg_means,210,0,Normal
XAH,sent_gaze_sacc_eeg_means,211,0,Normal
XAH,sent_gaze_sacc_eeg_means,212,0,Normal
XAH,sent_gaze_sacc_eeg_means,213,0,Normal
XAH,sent_gaze_sacc_eeg_means,214,0,Normal
XAH,sent_gaze_sacc_eeg_means,215,0,Normal
XAH,sent_gaze_sacc_eeg_means,216,0,Normal
XAH,sent_gaze_sacc_eeg_means,217,0,Normal
XAH,sent_gaze_sacc_eeg_means,218,0,Normal
XAH,sent_gaze_sacc_eeg_means,219,0,Normal
XAH,sent_gaze_sacc_eeg_means,220,0,Normal
XAH,sent_gaze_sacc_eeg_means,221,0,Normal
XAH,sent_gaze_sacc_eeg_means,222,0,Normal
XAH,sent_gaze_sacc_eeg_means,223,0,Normal
XAH,sent_gaze_sacc_eeg_means,224,0,Normal
XAH,sent_gaze_sacc_eeg_means,225,0,Normal
XAH,sent_gaze_sacc_eeg_means,226,0,Normal
XAH,sent_gaze_sacc_eeg_means,227,0,Normal
XAH,sent_gaze_sacc_eeg_means,228,0,Normal
XAH,sent_gaze_sacc_eeg_means,229,0,Normal
XAH,sent_gaze_sacc_eeg_means,230,0,Normal
XAH,sent_gaze_sacc_eeg_means,231,0,Normal
XAH,sent_gaze_sacc_eeg_means,232,0,Normal
XAH,sent_gaze_sacc_eeg_means,233,0,Normal
XAH,sent_gaze_sacc_eeg_means,234,0,Normal
XAH,sent_gaze_sacc_eeg_means,235,0,Normal
XAH,sent_gaze_sacc_eeg_means,236,0,Normal
XAH,sent_gaze_sacc_eeg_means,237,0,Normal
XAH,sent_gaze_sacc_eeg_means,238,0,Normal
XAH,sent_gaze_sacc_eeg_means,239,0,Normal
XAH,sent_gaze_sacc_eeg_means,240,0,Normal
XAH,sent_gaze_sacc_eeg_means,241,0,Normal
XAH,sent_gaze_sacc_eeg_means,242,0,Normal
XAH,sent_gaze_sacc_eeg_means,243,0,Normal
XAH,sent_gaze_sacc_eeg_means,244,0,Normal
XAH,sent_gaze_sacc_eeg_means,245,0,Normal
XAH,sent_gaze_sacc_eeg_means,246,0,Normal
XAH,sent_gaze_sacc_eeg_means,247,0,Normal
XAH,sent_gaze_sacc_eeg_means,248,0,Normal
XAH,sent_gaze_sacc_eeg_means,249,0,Normal
XAH,sent_gaze_sacc_eeg_means,250,0,Normal
XAH,sent_gaze_sacc_eeg_means,251,0,Normal
XAH,sent_gaze_sacc_eeg_means,252,0,Normal
XAH,sent_gaze_sacc_eeg_means,253,0,Normal
XAH,sent_gaze_sacc_eeg_means,254,0,Normal
XAH,sent_gaze_sacc_eeg_means,255,0,Normal
XAH,sent_gaze_sacc_eeg_means,256,0,Normal
XAH,sent_gaze_sacc_eeg_means,257,0,Normal
XAH,sent_gaze_sacc_eeg_means,258,0,Normal
XAH,sent_gaze_sacc_eeg_means,259,0,Normal
XAH,sent_gaze_sacc_eeg_means,260,0,Normal
XAH,sent_gaze_sacc_eeg_means,261,0,Normal
XAH,sent_gaze_sacc_eeg_means,262,0,Normal
XAH,sent_gaze_sacc_eeg_means,263,0,Normal
XAH,sent_gaze_sacc_eeg_means,264,0,Normal
XAH,sent_gaze_sacc_eeg_means,265,0,Normal
XAH,sent_gaze_sacc_eeg_means,266,0,Normal
XAH,sent_gaze_sacc_eeg_means,267,0,Normal
XAH,sent_gaze_sacc_eeg_means,268,0,Normal
XAH,sent_gaze_sacc_eeg_means,269,0,Normal
XAH,sent_gaze_sacc_eeg_means,270,0,Normal
XAH,sent_gaze_sacc_eeg_means,271,0,Normal
XAH,sent_gaze_sacc_eeg_means,272,0,Normal
XAH,sent_gaze_sacc_eeg_means,273,0,Normal
XAH,sent_gaze_sacc_eeg_means,274,0,Normal
XAH,sent_gaze_sacc_eeg_means,275,0,Normal
XAH,sent_gaze_sacc_eeg_means,276,0,Normal
XAH,sent_gaze_sacc_eeg_means,277,0,Normal
XAH,sent_gaze_sacc_eeg_means,278,0,Normal
XAH,sent_gaze_sacc_eeg_means,279,0,Normal
XAH,sent_gaze_sacc_eeg_means,280,0,Normal
XAH,sent_gaze_sacc_eeg_means,281,0,Normal
XAH,sent_gaze_sacc_eeg_means,282,0,Normal
XAH,sent_gaze_sacc_eeg_means,283,0,Normal
XAH,sent_gaze_sacc_eeg_means,284,0,Normal
XAH,sent_gaze_sacc_eeg_means,285,0,Normal
XAH,sent_gaze_sacc_eeg_means,286,0,Normal
XAH,sent_gaze_sacc_eeg_means,287,0,Normal
XAH,sent_gaze_sacc_eeg_means,288,0,Normal
XAH,sent_gaze_sacc_eeg_means,289,0,Normal
XAH,sent_gaze_sacc_eeg_means,290,0,Normal
XAH,sent_gaze_sacc_eeg_means,291,0,Normal
XAH,sent_gaze_sacc_eeg_means,292,0,Normal
XAH,sent_gaze_sacc_eeg_means,293,0,Normal
XAH,sent_gaze_sacc_eeg_means,294,0,Normal
XAH,sent_gaze_sacc_eeg_means,295,0,Normal
XAH,sent_gaze_sacc_eeg_means,296,0,Normal
XAH,sent_gaze_sacc_eeg_means,297,0,Normal
XAH,sent_gaze_sacc_eeg_means,298,0,Normal
XAH,sent_gaze_sacc_eeg_means,299,0,Normal
XAH,sent_gaze_sacc_eeg_means,300,0,Normal
XAH,sent_gaze_sacc_eeg_means,301,0,Normal
XAH,sent_gaze_sacc_eeg_means,302,0,Normal
XAH,sent_gaze_sacc_eeg_means,303,0,Normal
XAH,sent_gaze_sacc_eeg_means,304,0,Normal
XAH,sent_gaze_sacc_eeg_means,305,0,Normal
XAH,sent_gaze_sacc_eeg_means,306,0,Normal
XAH,sent_gaze_sacc_eeg_means,307,0,Normal
XAH,sent_gaze_sacc_eeg_means,308,0,Normal
XAH,sent_gaze_sacc_eeg_means,309,0,Normal
XAH,sent_gaze_sacc_eeg_means,310,0,Normal
XAH,sent_gaze_sacc_eeg_means,311,0,Normal
XAH,sent_gaze_sacc_eeg_means,312,0,Normal
XAH,sent_gaze_sacc_eeg_means,313,0,Normal
XAH,sent_gaze_sacc_eeg_means,314,0,Normal
XAH,sent_gaze_sacc_eeg_means,315,0,Normal
XAH,sent_gaze_sacc_eeg_means,316,0,Normal
XAH,sent_gaze_sacc_eeg_means,317,0,Normal
XAH,sent_gaze_sacc_eeg_means,318,0,Normal
XAH,sent_gaze_sacc_eeg_means,319,0,Normal
XAH,sent_gaze_sacc_eeg_means,320,0,Normal
XAH,sent_gaze_sacc_eeg_means,321,0,Normal
XAH,sent_gaze_sacc_eeg_means,322,0,Normal
XAH,sent_gaze_sacc_eeg_means,323,0,Normal
XAH,sent_gaze_sacc_eeg_means,324,0,Normal
XAH,sent_gaze_sacc_eeg_means,325,0,Normal
XAH,sent_gaze_sacc_eeg_means,326,0,Normal
XAH,sent_gaze_sacc_eeg_means,327,0,Normal
XAH,sent_gaze_sacc_eeg_means,328,0,Normal
XAH,sent_gaze_sacc_eeg_means,329,0,Normal
XAH,sent_gaze_sacc_eeg_means,330,0,Normal
XAH,sent_gaze_sacc_eeg_means,331,0,Normal
XAH,sent_gaze_sacc_eeg_means,332,0,Normal
XAH,sent_gaze_sacc_eeg_means,333,0,Normal
XAH,sent_gaze_sacc_eeg_means,334,0,Normal
XAH,sent_gaze_sacc_eeg_means,335,0,Normal
XAH,sent_gaze_sacc_eeg_means,336,0,Normal
XAH,sent_gaze_sacc_eeg_means,337,0,Normal
XAH,sent_gaze_sacc_eeg_means,338,0,Normal
XAH,sent_gaze_sacc_eeg_means,339,0,Normal
XAH,sent_gaze_sacc_eeg_means,340,0,Normal
XAH,sent_gaze_sacc_eeg_means,341,0,Normal
XAH,sent_gaze_sacc_eeg_means,342,0,Normal
XAH,sent_gaze_sacc_eeg_means,343,0,Normal
XAH,sent_gaze_sacc_eeg_means,344,0,Normal
XAH,sent_gaze_sacc_eeg_means,345,0,Normal
XAH,sent_gaze_sacc_eeg_means,346,0,Normal
XAH,sent_gaze_sacc_eeg_means,347,0,Normal
XAH,sent_gaze_sacc_eeg_means,348,0,Normal
XAH,sent_gaze_sacc_eeg_means,349,0,Normal
XAH,sent_gaze_sacc_eeg_means,350,0,Normal
XAH,sent_gaze_sacc_eeg_means,351,0,Normal
XAH,sent_gaze_sacc_eeg_means,352,0,Normal
XAH,sent_gaze_sacc_eeg_means,353,0,Normal
XAH,sent_gaze_sacc_eeg_means,354,0,Normal
XAH,sent_gaze_sacc_eeg_means,355,0,Normal
XAH,sent_gaze_sacc_eeg_means,356,0,Normal
XAH,sent_gaze_sacc_eeg_means,357,0,Normal
XAH,sent_gaze_sacc_eeg_means,358,0,Normal
XAH,sent_gaze_sacc_eeg_means,359,0,Normal
XAH,sent_gaze_sacc_eeg_means,360,0,Normal
XAH,sent_gaze_sacc_eeg_means,361,0,Normal
XAH,sent_gaze_sacc_eeg_means,362,0,Normal
XAH,sent_gaze_sacc_eeg_means,363,0,Normal
XAH,sent_gaze_sacc_eeg_means,364,0,Normal
XAH,sent_gaze_sacc_eeg_means,365,0,Normal
XAH,sent_gaze_sacc_eeg_means,366,0,Normal
XAH,sent_gaze_sacc_eeg_means,367,0,Normal
XAH,sent_gaze_sacc_eeg_means,368,0,Normal
XAH,sent_gaze_sacc_eeg_means,369,0,Normal
XAH,sent_gaze_sacc_eeg_means,370,0,Normal
XAH,sent_gaze_sacc_eeg_means,371,0,Normal
XAH,sent_gaze_sacc_eeg_means,372,0,Normal
XAH,sent_gaze_sacc_eeg_means,373,0,Normal
XAH,sent_gaze_sacc_eeg_means,374,0,Normal
XAH,sent_gaze_sacc_eeg_means,375,0,Normal
XAH,sent_gaze_sacc_eeg_means,376,0,Normal
XAH,sent_gaze_sacc_eeg_means,377,0,Normal
XAH,sent_gaze_sacc_eeg_means,378,0,Normal
XAH,sent_gaze_sacc_eeg_means,379,0,Normal
XAH,sent_gaze_sacc_eeg_means,380,0,Normal
XAH,sent_gaze_sacc_eeg_means,381,0,Normal
XAH,sent_gaze_sacc_eeg_means,382,0,Normal
XAH,sent_gaze_sacc_eeg_means,383,0,Normal
XAH,sent_gaze_sacc_eeg_means,384,0,Normal
XAH,sent_gaze_sacc_eeg_means,385,0,Normal
XAH,sent_gaze_sacc_eeg_means,386,0,Normal
XAH,sent_gaze_sacc_eeg_means,387,0,Normal
XAH,sent_gaze_sacc_eeg_means,388,0,Normal
XAH,sent_gaze_sacc_eeg_means,389,0,Normal
XAH,sent_gaze_sacc_eeg_means,390,0,Normal
XAH,sent_gaze_sacc_eeg_means,391,0,Normal
XAH,sent_gaze_sacc_eeg_means,392,0,Normal
XAH,sent_gaze_sacc_eeg_means,393,0,Normal
XAH,sent_gaze_sacc_eeg_means,394,0,Normal
XAH,sent_gaze_sacc_eeg_means,395,0,Normal
XAH,sent_gaze_sacc_eeg_means,396,0,Normal
XAH,sent_gaze_sacc_eeg_means,397,0,Normal
XAH,sent_gaze_sacc_eeg_means,398,0,Normal
XAH,sent_gaze_sacc_eeg_means,399,0,Normal
XAH,sent_gaze_sacc_eeg_means,400,0,Normal
XAH,sent_gaze_sacc_eeg_means,401,0,Normal
XAH,sent_gaze_sacc_eeg_means,402,0,Normal
XAH,sent_gaze_sacc_eeg_means,403,0,Normal
XAH,sent_gaze_sacc_eeg_means,404,0,Normal
XAH,sent_gaze_sacc_eeg_means,405,0,Normal
XAH,sent_gaze_sacc_eeg_means,406,0,Normal
XAH,sent_gaze_sacc_eeg_means,407,0,Normal
XAH,sent_gaze_sacc_eeg_means,408,0,Normal
XAH,sent_gaze_sacc_eeg_means,409,0,Normal
XAH,sent_gaze_sacc_eeg_means,410,0,Normal
XAH,sent_gaze_sacc_eeg_means,411,0,Normal
XAH,sent_gaze_sacc_eeg_means,412,0,Normal
XAH,sent_gaze_sacc_eeg_means,413,0,Normal
XAH,sent_gaze_sacc_eeg_means,414,0,Normal
XAH,sent_gaze_sacc_eeg_means,415,0,Normal
XAH,sent_gaze_sacc_eeg_means,416,0,Normal
XAH,sent_gaze_sacc_eeg_means,417,0,Normal
XAH,sent_gaze_sacc_eeg_means,418,0,Normal
XAH,sent_gaze_sacc_eeg_means,419,0,Normal
XAH,sent_gaze_sacc_eeg_means,420,0,Normal
XAH,sent_gaze_sacc_eeg_means,421,0,Normal
XAH,sent_gaze_sacc_eeg_means,422,0,Normal
XAH,sent_gaze_sacc_eeg_means,423,0,Normal
XAH,sent_gaze_sacc_eeg_means,424,0,Normal
XAH,sent_gaze_sacc_eeg_means,425,0,Normal
XAH,sent_gaze_sacc_eeg_means,426,0,Normal
XAH,sent_gaze_sacc_eeg_means,427,0,Normal
XAH,sent_gaze_sacc_eeg_means,428,0,Normal
XAH,sent_gaze_sacc_eeg_means,429,0,Normal
XAH,sent_gaze_sacc_eeg_means,430,0,Normal
XAH,sent_gaze_sacc_eeg_means,431,0,Normal
XAH,sent_gaze_sacc_eeg_means,432,0,Normal
XAH,sent_gaze_sacc_eeg_means,433,0,Normal
XAH,sent_gaze_sacc_eeg_means,434,0,Normal
XAH,sent_gaze_sacc_eeg_means,435,0,Normal
XAH,sent_gaze_sacc_eeg_means,436,0,Normal
XAH,sent_gaze_sacc_eeg_means,437,0,Normal
XAH,sent_gaze_sacc_eeg_means,438,0,Normal
XAH,sent_gaze_sacc_eeg_means,439,0,Normal
XAH,sent_gaze_sacc_eeg_means,440,0,Normal
XAH,sent_gaze_sacc_eeg_means,441,0,Normal
XAH,sent_gaze_sacc_eeg_means,442,0,Normal
XAH,sent_gaze_sacc_eeg_means,443,0,Normal
XAH,sent_gaze_sacc_eeg_means,444,0,Normal
XAH,sent_gaze_sacc_eeg_means,445,0,Normal
XAH,sent_gaze_sacc_eeg_means,446,0,Normal
XAH,sent_gaze_sacc_eeg_means,447,0,Normal
XAH,sent_gaze_sacc_eeg_means,448,0,Normal
XAH,sent_gaze_sacc_eeg_means,449,0,Normal
XAH,sent_gaze_sacc_eeg_means,450,0,Normal
XAH,sent_gaze_sacc_eeg_means,451,0,Normal
XAH,sent_gaze_sacc_eeg_means,452,0,Normal
XAH,sent_gaze_sacc_eeg_means,453,0,Normal
XAH,sent_gaze_sacc_eeg_means,454,0,Normal
XAH,sent_gaze_sacc_eeg_means,455,0,Normal
XAH,sent_gaze_sacc_eeg_means,456,0,Normal
XAH,sent_gaze_sacc_eeg_means,457,0,Normal
XAH,sent_gaze_sacc_eeg_means,458,0,Normal
XAH,sent_gaze_sacc_eeg_means,459,0,Normal
XAH,sent_gaze_sacc_eeg_means,460,0,Normal
XAH,sent_gaze_sacc_eeg_means,461,0,Normal
XAH,sent_gaze_sacc_eeg_means,462,0,Normal
XAH,sent_gaze_sacc_eeg_means,463,0,Normal
XAH,sent_gaze_sacc_eeg_means,464,0,Normal
XAH,sent_gaze_sacc_eeg_means,465,0,Normal
XAH,sent_gaze_sacc_eeg_means,466,0,Normal
XAH,sent_gaze_sacc_eeg_means,467,0,Normal
XAH,sent_gaze_sacc_eeg_means,468,0,Normal
XAH,sent_gaze_sacc_eeg_means,469,0,Normal
XAH,sent_gaze_sacc_eeg_means,470,0,Normal
XAH,sent_gaze_sacc_eeg_means,471,0,Normal
XAH,sent_gaze_sacc_eeg_means,472,0,Normal
XAH,sent_gaze_sacc_eeg_means,473,0,Normal
XAH,sent_gaze_sacc_eeg_means,474,0,Normal
XAH,sent_gaze_sacc_eeg_means,475,0,Normal
XAH,sent_gaze_sacc_eeg_means,476,0,Normal
XAH,sent_gaze_sacc_eeg_means,477,0,Normal
XAH,sent_gaze_sacc_eeg_means,478,0,Normal
XAH,sent_gaze_sacc_eeg_means,479,0,Normal
XAH,sent_gaze_sacc_eeg_means,480,0,Normal
XAH,sent_gaze_sacc_eeg_means,481,0,Normal
XAH,sent_gaze_sacc_eeg_means,482,0,Normal
XAH,sent_gaze_sacc_eeg_means,483,0,Normal
XAH,sent_gaze_sacc_eeg_means,484,0,Normal
XAH,sent_gaze_sacc_eeg_means,485,0,Normal
XAH,sent_gaze_sacc_eeg_means,486,0,Normal
XAH,sent_gaze_sacc_eeg_means,487,0,Normal
XAH,sent_gaze_sacc_eeg_means,488,0,Normal
XAH,sent_gaze_sacc_eeg_means,489,0,Normal
XAH,sent_gaze_sacc_eeg_means,490,0,Normal
XAH,sent_gaze_sacc_eeg_means,491,0,Normal
XAH,sent_gaze_sacc_eeg_means,492,0,Normal
XAH,sent_gaze_sacc_eeg_means,493,0,Normal
XAH,sent_gaze_sacc_eeg_means,494,0,Normal
XAH,sent_gaze_sacc_eeg_means,495,0,Normal
XAH,sent_gaze_sacc_eeg_means,496,0,Normal
XAH,sent_gaze_sacc_eeg_means,497,0,Normal
XAH,sent_gaze_sacc_eeg_means,498,0,Normal
XAH,sent_gaze_sacc_eeg_means,499,0,Normal
XAH,sent_gaze_sacc_eeg_means,500,0,Normal
XAH,sent_gaze_sacc_eeg_means,501,0,Normal
XAH,sent_gaze_sacc_eeg_means,502,0,Normal
XAH,sent_gaze_sacc_eeg_means,503,0,Normal
XAH,sent_gaze_sacc_eeg_means,504,0,Normal
XAH,sent_gaze_sacc_eeg_means,505,0,Normal
XAH,sent_gaze_sacc_eeg_means,506,0,Normal
XAH,sent_gaze_sacc_eeg_means,507,0,Normal
XAH,sent_gaze_sacc_eeg_means,508,0,Normal
XAH,sent_gaze_sacc_eeg_means,509,0,Normal
XAH,sent_gaze_sacc_eeg_means,510,0,Normal
XAH,sent_gaze_sacc_eeg_means,511,0,Normal
XAH,sent_gaze_sacc_eeg_means,512,0,Normal
XAH,sent_gaze_sacc_eeg_means,513,0,Normal
XAH,sent_gaze_sacc_eeg_means,514,0,Normal
XAH,sent_gaze_sacc_eeg_means,515,0,Normal
XAH,sent_gaze_sacc_eeg_means,516,0,Normal
XAH,sent_gaze_sacc_eeg_means,517,0,Normal
XAH,sent_gaze_sacc_eeg_means,518,0,Normal
XAH,sent_gaze_sacc_eeg_means,519,0,Normal
XAH,sent_gaze_sacc_eeg_means,520,0,Normal
XAH,sent_gaze_sacc_eeg_means,521,0,Normal
XAH,sent_gaze_sacc_eeg_means,522,0,Normal
XAH,sent_gaze_sacc_eeg_means,523,0,Normal
XAH,sent_gaze_sacc_eeg_means,524,0,Normal
XAH,sent_gaze_sacc_eeg_means,525,0,Normal
XAH,sent_gaze_sacc_eeg_means,526,0,Normal
XAH,sent_gaze_sacc_eeg_means,527,0,Normal
XAH,sent_gaze_sacc_eeg_means,528,0,Normal
XAH,sent_gaze_sacc_eeg_means,529,0,Normal
XAH,sent_gaze_sacc_eeg_means,530,0,Normal
XAH,sent_gaze_sacc_eeg_means,531,0,Normal
XAH,sent_gaze_sacc_eeg_means,532,0,Normal
XAH,sent_gaze_sacc_eeg_means,533,0,Normal
XAH,sent_gaze_sacc_eeg_means,534,0,Normal
XAH,sent_gaze_sacc_eeg_means,535,0,Normal
XAH,sent_gaze_sacc_eeg_means,536,0,Normal
XAH,sent_gaze_sacc_eeg_means,537,0,Normal
XAH,sent_gaze_sacc_eeg_means,538,0,Normal
XAH,sent_gaze_sacc_eeg_means,539,0,Normal
XAH,sent_gaze_sacc_eeg_means,540,0,Normal
XAH,sent_gaze_sacc_eeg_means,541,0,Normal
XAH,sent_gaze_sacc_eeg_means,542,0,Normal
XAH,sent_gaze_sacc_eeg_means,543,0,Normal
XAH,sent_gaze_sacc_eeg_means,544,0,Normal
XAH,sent_gaze_sacc_eeg_means,545,0,Normal
XAH,sent_gaze_sacc_eeg_means,546,0,Normal
XAH,sent_gaze_sacc_eeg_means,547,0,Normal
XAH,sent_gaze_sacc_eeg_means,548,0,Normal
XAH,sent_gaze_sacc_eeg_means,549,0,Normal
XAH,sent_gaze_sacc_eeg_means,550,0,Normal
XAH,sent_gaze_sacc_eeg_means,551,0,Normal
XAH,sent_gaze_sacc_eeg_means,552,0,Normal
XAH,sent_gaze_sacc_eeg_means,553,0,Normal
XAH,sent_gaze_sacc_eeg_means,554,0,Normal
XAH,sent_gaze_sacc_eeg_means,555,0,Normal
XAH,sent_gaze_sacc_eeg_means,556,0,Normal
XAH,sent_gaze_sacc_eeg_means,557,0,Normal
XAH,sent_gaze_sacc_eeg_means,558,0,Normal
XAH,sent_gaze_sacc_eeg_means,559,0,Normal
XAH,sent_gaze_sacc_eeg_means,560,0,Normal
XAH,sent_gaze_sacc_eeg_means,561,0,Normal
XAH,sent_gaze_sacc_eeg_means,562,0,Normal
XAH,sent_gaze_sacc_eeg_means,563,0,Normal
XAH,sent_gaze_sacc_eeg_means,564,0,Normal
XAH,sent_gaze_sacc_eeg_means,565,0,Normal
XAH,sent_gaze_sacc_eeg_means,566,0,Normal
XAH,sent_gaze_sacc_eeg_means,567,0,Normal
XAH,sent_gaze_sacc_eeg_means,568,0,Normal
XAH,sent_gaze_sacc_eeg_means,569,0,Normal
XAH,sent_gaze_sacc_eeg_means,570,0,Normal
XAH,sent_gaze_sacc_eeg_means,571,0,Normal
XAH,sent_gaze_sacc_eeg_means,572,0,Normal
XAH,sent_gaze_sacc_eeg_means,573,0,Normal
XAH,sent_gaze_sacc_eeg_means,574,0,Normal
XAH,sent_gaze_sacc_eeg_means,575,0,Normal
XAH,sent_gaze_sacc_eeg_means,576,0,Normal
XAH,sent_gaze_sacc_eeg_means,577,0,Normal
XAH,sent_gaze_sacc_eeg_means,578,0,Normal
XAH,sent_gaze_sacc_eeg_means,579,0,Normal
XAH,sent_gaze_sacc_eeg_means,580,0,Normal
XAH,sent_gaze_sacc_eeg_means,581,0,Normal
XAH,sent_gaze_sacc_eeg_means,582,0,Normal
XAH,sent_gaze_sacc_eeg_means,583,0,Normal
XAH,sent_gaze_sacc_eeg_means,584,0,Normal
XAH,sent_gaze_sacc_eeg_means,585,0,Normal
XAH,sent_gaze_sacc_eeg_means,586,0,Normal
XAH,sent_gaze_sacc_eeg_means,587,0,Normal
XAH,sent_gaze_sacc_eeg_means,588,0,Normal
XAH,sent_gaze_sacc_eeg_means,589,0,Normal
XAH,sent_gaze_sacc_eeg_means,590,0,Normal
XAH,sent_gaze_sacc_eeg_means,591,0,Normal
XAH,sent_gaze_sacc_eeg_means,592,0,Normal
XAH,sent_gaze_sacc_eeg_means,593,0,Normal
XAH,sent_gaze_sacc_eeg_means,594,0,Normal
XAH,sent_gaze_sacc_eeg_means,595,0,Normal
XAH,sent_gaze_sacc_eeg_means,596,0,Normal
XAH,sent_gaze_sacc_eeg_means,597,0,Normal
XAH,sent_gaze_sacc_eeg_means,598,0,Normal
XAH,sent_gaze_sacc_eeg_means,599,0,Normal
XAH,sent_gaze_sacc_eeg_means,600,0,Normal
XAH,sent_gaze_sacc_eeg_means,601,0,Normal
XAH,sent_gaze_sacc_eeg_means,602,0,Normal
XAH,sent_gaze_sacc_eeg_means,603,0,Normal
XAH,sent_gaze_sacc_eeg_means,604,0,Normal
XAH,sent_gaze_sacc_eeg_means,605,0,Normal
XAH,sent_gaze_sacc_eeg_means,606,0,Normal
XAH,sent_gaze_sacc_eeg_means,607,0,Normal
XAH,sent_gaze_sacc_eeg_means,608,0,Normal
XAH,sent_gaze_sacc_eeg_means,609,0,Normal
XAH,sent_gaze_sacc_eeg_means,610,0,Normal
XAH,sent_gaze_sacc_eeg_means,611,0,Normal
XAH,sent_gaze_sacc_eeg_means,612,0,Normal
XAH,sent_gaze_sacc_eeg_means,613,0,Normal
XAH,sent_gaze_sacc_eeg_means,614,0,Normal
XAH,sent_gaze_sacc_eeg_means,615,0,Normal
XAH,sent_gaze_sacc_eeg_means,616,0,Normal
XAH,sent_gaze_sacc_eeg_means,617,0,Normal
XAH,sent_gaze_sacc_eeg_means,618,0,Normal
XAH,sent_gaze_sacc_eeg_means,619,0,Normal
XAH,sent_gaze_sacc_eeg_means,620,0,Normal
XAH,sent_gaze_sacc_eeg_means,621,0,Normal
XAH,sent_gaze_sacc_eeg_means,622,0,Normal
XAH,sent_gaze_sacc_eeg_means,623,0,Normal
XAH,sent_gaze_sacc_eeg_means,624,0,Normal
XAH,sent_gaze_sacc_eeg_means,625,0,Normal
XAH,sent_gaze_sacc_eeg_means,626,0,Normal
XAH,sent_gaze_sacc_eeg_means,627,0,Normal
XAH,sent_gaze_sacc_eeg_means,628,0,Normal
XAH,sent_gaze_sacc_eeg_means,629,0,Normal
XAH,sent_gaze_sacc_eeg_means,630,0,Normal
XAH,sent_gaze_sacc_eeg_means,631,0,Normal
XAH,sent_gaze_sacc_eeg_means,632,0,Normal
XAH,sent_gaze_sacc_eeg_means,633,0,Normal
XAH,sent_gaze_sacc_eeg_means,634,0,Normal
XAH,sent_gaze_sacc_eeg_means,635,0,Normal
XAH,sent_gaze_sacc_eeg_means,636,0,Normal
XAH,sent_gaze_sacc_eeg_means,637,0,Normal
XAH,sent_gaze_sacc_eeg_means,638,0,Normal
XAH,sent_gaze_sacc_eeg_means,639,0,Normal
XAH,sent_gaze_sacc_eeg_means,640,0,Normal
XAH,sent_gaze_sacc_eeg_means,641,0,Normal
XAH,sent_gaze_sacc_eeg_means,642,0,Normal
XAH,sent_gaze_sacc_eeg_means,643,0,Normal
XAH,sent_gaze_sacc_eeg_means,644,0,Normal
XAH,sent_gaze_sacc_eeg_means,645,0,Normal
XAH,sent_gaze_sacc_eeg_means,646,0,Normal
XAH,sent_gaze_sacc_eeg_means,647,0,Normal
XAH,sent_gaze_sacc_eeg_means,648,0,Normal
XAH,sent_gaze_sacc_eeg_means,649,0,Normal
XAH,sent_gaze_sacc_eeg_means,650,0,Normal
XAH,sent_gaze_sacc_eeg_means,651,0,Normal
XAH,sent_gaze_sacc_eeg_means,652,0,Normal
XAH,sent_gaze_sacc_eeg_means,653,0,Normal
XAH,sent_gaze_sacc_eeg_means,654,0,Normal
XAH,sent_gaze_sacc_eeg_means,655,0,Normal
XAH,sent_gaze_sacc_eeg_means,656,0,Normal
XAH,sent_gaze_sacc_eeg_means,657,0,Normal
XAH,sent_gaze_sacc_eeg_means,658,0,Normal
XAH,sent_gaze_sacc_eeg_means,659,0,Normal
XAH,sent_gaze_sacc_eeg_means,660,0,Normal
XAH,sent_gaze_sacc_eeg_means,661,0,Normal
XAH,sent_gaze_sacc_eeg_means,662,0,Normal
XAH,sent_gaze_sacc_eeg_means,663,0,Normal
XAH,sent_gaze_sacc_eeg_means,664,0,Normal
XAH,sent_gaze_sacc_eeg_means,665,0,Normal
XAH,sent_gaze_sacc_eeg_means,666,0,Normal
XAH,sent_gaze_sacc_eeg_means,667,0,Normal
XAH,sent_gaze_sacc_eeg_means,668,0,Normal
XAH,sent_gaze_sacc_eeg_means,669,0,Normal
XAH,sent_gaze_sacc_eeg_means,670,0,Normal
XAH,sent_gaze_sacc_eeg_means,671,0,Normal
XAH,sent_gaze_sacc_eeg_means,672,0,Normal
XAH,sent_gaze_sacc_eeg_means,673,0,Normal
XAH,sent_gaze_sacc_eeg_means,674,0,Normal
XAH,sent_gaze_sacc_eeg_means,675,0,Normal
XAH,sent_gaze_sacc_eeg_means,676,0,Normal
XAH,sent_gaze_sacc_eeg_means,677,0,Normal
XAH,sent_gaze_sacc_eeg_means,678,0,Normal
XAH,sent_gaze_sacc_eeg_means,679,0,Normal
XAH,sent_gaze_sacc_eeg_means,680,0,Normal
XAH,sent_gaze_sacc_eeg_means,681,0,Normal
XAH,sent_gaze_sacc_eeg_means,682,0,Normal
XAH,sent_gaze_sacc_eeg_means,683,0,Normal
XAH,sent_gaze_sacc_eeg_means,684,0,Normal
XAH,sent_gaze_sacc_eeg_means,685,0,Normal
XAH,sent_gaze_sacc_eeg_means,686,0,Normal
XAH,sent_gaze_sacc_eeg_means,687,0,Normal
XAH,sent_gaze_sacc_eeg_means,688,0,Normal
XAH,sent_gaze_sacc_eeg_means,689,0,Normal
XAH,sent_gaze_sacc_eeg_means,690,0,Normal
XAH,sent_gaze_sacc_eeg_means,691,0,Normal
XAH,sent_gaze_sacc_eeg_means,692,0,Normal
XAH,sent_gaze_sacc_eeg_means,693,0,Normal
XAH,sent_gaze_sacc_eeg_means,694,0,Normal
XAH,sent_gaze_sacc_eeg_means,695,0,Normal
XAH,sent_gaze_sacc_eeg_means,696,0,Normal
XAH,sent_gaze_sacc_eeg_means,697,0,Normal
XAH,sent_gaze_sacc_eeg_means,698,0,Normal
XAH,sent_gaze_sacc_eeg_means,699,0,Normal
XAH,sent_gaze_sacc_eeg_means,700,0,Normal
XAH,sent_gaze_sacc_eeg_means,701,0,Normal
XAH,sent_gaze_sacc_eeg_means,702,0,Normal
XAH,sent_gaze_sacc_eeg_means,703,0,Normal
XAH,sent_gaze_sacc_eeg_means,704,0,Normal
XAH,sent_gaze_sacc_eeg_means,705,0,Normal
XAH,sent_gaze_sacc_eeg_means,706,0,Normal
XAH,sent_gaze_sacc_eeg_means,707,0,Normal
XAH,sent_gaze_sacc_eeg_means,708,0,Normal
XAH,sent_gaze_sacc_eeg_means,709,0,Normal
XAH,sent_gaze_sacc_eeg_means,710,0,Normal
XAH,sent_gaze_sacc_eeg_means,711,0,Normal
XAH,sent_gaze_sacc_eeg_means,712,0,Normal
XAH,sent_gaze_sacc_eeg_means,713,0,Normal
XAH,sent_gaze_sacc_eeg_means,714,0,Normal
XAH,sent_gaze_sacc_eeg_means,715,0,Normal
XAH,sent_gaze_sacc_eeg_means,716,0,Normal
XAH,sent_gaze_sacc_eeg_means,717,0,Normal
XAH,sent_gaze_sacc_eeg_means,718,0,Normal
XAH,sent_gaze_sacc_eeg_means,719,0,Normal
XAH,sent_gaze_sacc_eeg_means,720,0,Normal
XAH,sent_gaze_sacc_eeg_means,721,0,Normal
XAH,sent_gaze_sacc_eeg_means,722,0,Normal
XAH,sent_gaze_sacc_eeg_means,723,0,Normal
XAH,sent_gaze_sacc_eeg_means,724,0,Normal
XAH,sent_gaze_sacc_eeg_means,725,0,Normal
XAH,sent_gaze_sacc_eeg_means,726,0,Normal
XAH,sent_gaze_sacc_eeg_means,727,0,Normal
XAH,sent_gaze_sacc_eeg_means,728,0,Normal
XAH,sent_gaze_sacc_eeg_means,729,0,Normal
XAH,sent_gaze_sacc_eeg_means,730,0,Normal
XAH,sent_gaze_sacc_eeg_means,731,0,Normal
XAH,sent_gaze_sacc_eeg_means,732,0,Normal
XAH,sent_gaze_sacc_eeg_means,733,0,Normal
XAH,sent_gaze_sacc_eeg_means,734,0,Normal
XAH,sent_gaze_sacc_eeg_means,735,0,Normal
XAH,sent_gaze_sacc_eeg_means,736,0,Normal
XAH,sent_gaze_sacc_eeg_means,737,0,Normal
XAH,sent_gaze_sacc_eeg_means,738,0,Normal
XBD,sent_gaze_sacc_eeg_means,0,0,Normal
XBD,sent_gaze_sacc_eeg_means,1,0,Normal
XBD,sent_gaze_sacc_eeg_means,2,0,Normal
XBD,sent_gaze_sacc_eeg_means,3,0,Normal
XBD,sent_gaze_sacc_eeg_means,4,0,Normal
XBD,sent_gaze_sacc_eeg_means,5,0,Normal
XBD,sent_gaze_sacc_eeg_means,6,0,Normal
XBD,sent_gaze_sacc_eeg_means,7,0,Normal
XBD,sent_gaze_sacc_eeg_means,8,0,Normal
XBD,sent_gaze_sacc_eeg_means,9,0,Normal
XBD,sent_gaze_sacc_eeg_means,10,0,Normal
XBD,sent_gaze_sacc_eeg_means,11,0,Normal
XBD,sent_gaze_sacc_eeg_means,12,0,Normal
XBD,sent_gaze_sacc_eeg_means,13,0,Normal
XBD,sent_gaze_sacc_eeg_means,14,0,Normal
XBD,sent_gaze_sacc_eeg_means,15,0,Normal
XBD,sent_gaze_sacc_eeg_means,16,0,Normal
XBD,sent_gaze_sacc_eeg_means,17,0,Normal
XBD,sent_gaze_sacc_eeg_means,18,0,Normal
XBD,sent_gaze_sacc_eeg_means,19,0,Normal
XBD,sent_gaze_sacc_eeg_means,20,0,Normal
XBD,sent_gaze_sacc_eeg_means,21,0,Normal
XBD,sent_gaze_sacc_eeg_means,22,0,Normal
XBD,sent_gaze_sacc_eeg_means,23,0,Normal
XBD,sent_gaze_sacc_eeg_means,24,0,Normal
XBD,sent_gaze_sacc_eeg_means,25,0,Normal
XBD,sent_gaze_sacc_eeg_means,26,0,Normal
XBD,sent_gaze_sacc_eeg_means,27,0,Normal
XBD,sent_gaze_sacc_eeg_means,28,0,Normal
XBD,sent_gaze_sacc_eeg_means,29,0,Normal
XBD,sent_gaze_sacc_eeg_means,30,0,Normal
XBD,sent_gaze_sacc_eeg_means,31,0,Normal
XBD,sent_gaze_sacc_eeg_means,32,0,Normal
XBD,sent_gaze_sacc_eeg_means,33,0,Normal
XBD,sent_gaze_sacc_eeg_means,34,0,Normal
XBD,sent_gaze_sacc_eeg_means,35,0,Normal
XBD,sent_gaze_sacc_eeg_means,36,0,Normal
XBD,sent_gaze_sacc_eeg_means,37,0,Normal
XBD,sent_gaze_sacc_eeg_means,38,0,Normal
XBD,sent_gaze_sacc_eeg_means,39,0,Normal
XBD,sent_gaze_sacc_eeg_means,40,0,Normal
XBD,sent_gaze_sacc_eeg_means,41,0,Normal
XBD,sent_gaze_sacc_eeg_means,42,0,Normal
XBD,sent_gaze_sacc_eeg_means,43,0,Normal
XBD,sent_gaze_sacc_eeg_means,44,0,Normal
XBD,sent_gaze_sacc_eeg_means,45,0,Normal
XBD,sent_gaze_sacc_eeg_means,46,0,Normal
XBD,sent_gaze_sacc_eeg_means,47,0,Normal
XBD,sent_gaze_sacc_eeg_means,48,0,Normal
XBD,sent_gaze_sacc_eeg_means,49,0,Normal
XBD,sent_gaze_sacc_eeg_means,50,0,Normal
XBD,sent_gaze_sacc_eeg_means,51,0,Normal
XBD,sent_gaze_sacc_eeg_means,52,0,Normal
XBD,sent_gaze_sacc_eeg_means,53,0,Normal
XBD,sent_gaze_sacc_eeg_means,54,0,Normal
XBD,sent_gaze_sacc_eeg_means,55,0,Normal
XBD,sent_gaze_sacc_eeg_means,56,0,Normal
XBD,sent_gaze_sacc_eeg_means,57,0,Normal
XBD,sent_gaze_sacc_eeg_means,58,0,Normal
XBD,sent_gaze_sacc_eeg_means,59,0,Normal
XBD,sent_gaze_sacc_eeg_means,60,0,Normal
XBD,sent_gaze_sacc_eeg_means,61,0,Normal
XBD,sent_gaze_sacc_eeg_means,62,0,Normal
XBD,sent_gaze_sacc_eeg_means,63,0,Normal
XBD,sent_gaze_sacc_eeg_means,64,0,Normal
XBD,sent_gaze_sacc_eeg_means,65,0,Normal
XBD,sent_gaze_sacc_eeg_means,66,0,Normal
XBD,sent_gaze_sacc_eeg_means,67,0,Normal
XBD,sent_gaze_sacc_eeg_means,68,0,Normal
XBD,sent_gaze_sacc_eeg_means,69,0,Normal
XBD,sent_gaze_sacc_eeg_means,70,0,Normal
XBD,sent_gaze_sacc_eeg_means,71,0,Normal
XBD,sent_gaze_sacc_eeg_means,72,0,Normal
XBD,sent_gaze_sacc_eeg_means,73,0,Normal
XBD,sent_gaze_sacc_eeg_means,74,0,Normal
XBD,sent_gaze_sacc_eeg_means,75,0,Normal
XBD,sent_gaze_sacc_eeg_means,76,0,Normal
XBD,sent_gaze_sacc_eeg_means,77,0,Normal
XBD,sent_gaze_sacc_eeg_means,78,0,Normal
XBD,sent_gaze_sacc_eeg_means,79,0,Normal
XBD,sent_gaze_sacc_eeg_means,80,0,Normal
XBD,sent_gaze_sacc_eeg_means,81,0,Normal
XBD,sent_gaze_sacc_eeg_means,82,0,Normal
XBD,sent_gaze_sacc_eeg_means,83,0,Normal
XBD,sent_gaze_sacc_eeg_means,84,0,Normal
XBD,sent_gaze_sacc_eeg_means,85,0,Normal
XBD,sent_gaze_sacc_eeg_means,86,0,Normal
XBD,sent_gaze_sacc_eeg_means,87,0,Normal
XBD,sent_gaze_sacc_eeg_means,88,0,Normal
XBD,sent_gaze_sacc_eeg_means,89,0,Normal
XBD,sent_gaze_sacc_eeg_means,90,0,Normal
XBD,sent_gaze_sacc_eeg_means,91,0,Normal
XBD,sent_gaze_sacc_eeg_means,92,0,Normal
XBD,sent_gaze_sacc_eeg_means,93,0,Normal
XBD,sent_gaze_sacc_eeg_means,94,0,Normal
XBD,sent_gaze_sacc_eeg_means,95,0,Normal
XBD,sent_gaze_sacc_eeg_means,96,0,Normal
XBD,sent_gaze_sacc_eeg_means,97,0,Normal
XBD,sent_gaze_sacc_eeg_means,98,0,Normal
XBD,sent_gaze_sacc_eeg_means,99,0,Normal
XBD,sent_gaze_sacc_eeg_means,100,0,Normal
XBD,sent_gaze_sacc_eeg_means,101,0,Normal
XBD,sent_gaze_sacc_eeg_means,102,0,Normal
XBD,sent_gaze_sacc_eeg_means,103,0,Normal
XBD,sent_gaze_sacc_eeg_means,104,0,Normal
XBD,sent_gaze_sacc_eeg_means,105,0,Normal
XBD,sent_gaze_sacc_eeg_means,106,0,Normal
XBD,sent_gaze_sacc_eeg_means,107,0,Normal
XBD,sent_gaze_sacc_eeg_means,108,0,Normal
XBD,sent_gaze_sacc_eeg_means,109,0,Normal
XBD,sent_gaze_sacc_eeg_means,110,0,Normal
XBD,sent_gaze_sacc_eeg_means,111,0,Normal
XBD,sent_gaze_sacc_eeg_means,112,0,Normal
XBD,sent_gaze_sacc_eeg_means,113,0,Normal
XBD,sent_gaze_sacc_eeg_means,114,0,Normal
XBD,sent_gaze_sacc_eeg_means,115,0,Normal
XBD,sent_gaze_sacc_eeg_means,116,0,Normal
XBD,sent_gaze_sacc_eeg_means,117,0,Normal
XBD,sent_gaze_sacc_eeg_means,118,0,Normal
XBD,sent_gaze_sacc_eeg_means,119,0,Normal
XBD,sent_gaze_sacc_eeg_means,120,0,Normal
XBD,sent_gaze_sacc_eeg_means,121,0,Normal
XBD,sent_gaze_sacc_eeg_means,122,0,Normal
XBD,sent_gaze_sacc_eeg_means,123,0,Normal
XBD,sent_gaze_sacc_eeg_means,124,0,Normal
XBD,sent_gaze_sacc_eeg_means,125,0,Normal
XBD,sent_gaze_sacc_eeg_means,126,0,Normal
XBD,sent_gaze_sacc_eeg_means,127,0,Normal
XBD,sent_gaze_sacc_eeg_means,128,0,Normal
XBD,sent_gaze_sacc_eeg_means,129,0,Normal
XBD,sent_gaze_sacc_eeg_means,130,0,Normal
XBD,sent_gaze_sacc_eeg_means,131,0,Normal
XBD,sent_gaze_sacc_eeg_means,132,0,Normal
XBD,sent_gaze_sacc_eeg_means,133,0,Normal
XBD,sent_gaze_sacc_eeg_means,134,0,Normal
XBD,sent_gaze_sacc_eeg_means,135,0,Normal
XBD,sent_gaze_sacc_eeg_means,136,0,Normal
XBD,sent_gaze_sacc_eeg_means,137,0,Normal
XBD,sent_gaze_sacc_eeg_means,138,0,Normal
XBD,sent_gaze_sacc_eeg_means,139,0,Normal
XBD,sent_gaze_sacc_eeg_means,140,0,Normal
XBD,sent_gaze_sacc_eeg_means,141,0,Normal
XBD,sent_gaze_sacc_eeg_means,142,0,Normal
XBD,sent_gaze_sacc_eeg_means,143,0,Normal
XBD,sent_gaze_sacc_eeg_means,144,0,Normal
XBD,sent_gaze_sacc_eeg_means,145,0,Normal
XBD,sent_gaze_sacc_eeg_means,146,0,Normal
XBD,sent_gaze_sacc_eeg_means,147,0,Normal
XBD,sent_gaze_sacc_eeg_means,148,0,Normal
XBD,sent_gaze_sacc_eeg_means,149,0,Normal
XBD,sent_gaze_sacc_eeg_means,150,0,Normal
XBD,sent_gaze_sacc_eeg_means,151,0,Normal
XBD,sent_gaze_sacc_eeg_means,152,0,Normal
XBD,sent_gaze_sacc_eeg_means,153,0,Normal
XBD,sent_gaze_sacc_eeg_means,154,0,Normal
XBD,sent_gaze_sacc_eeg_means,155,0,Normal
XBD,sent_gaze_sacc_eeg_means,156,0,Normal
XBD,sent_gaze_sacc_eeg_means,157,0,Normal
XBD,sent_gaze_sacc_eeg_means,158,0,Normal
XBD,sent_gaze_sacc_eeg_means,159,0,Normal
XBD,sent_gaze_sacc_eeg_means,160,0,Normal
XBD,sent_gaze_sacc_eeg_means,161,0,Normal
XBD,sent_gaze_sacc_eeg_means,162,0,Normal
XBD,sent_gaze_sacc_eeg_means,163,0,Normal
XBD,sent_gaze_sacc_eeg_means,164,0,Normal
XBD,sent_gaze_sacc_eeg_means,165,0,Normal
XBD,sent_gaze_sacc_eeg_means,166,0,Normal
XBD,sent_gaze_sacc_eeg_means,167,0,Normal
XBD,sent_gaze_sacc_eeg_means,168,0,Normal
XBD,sent_gaze_sacc_eeg_means,169,0,Normal
XBD,sent_gaze_sacc_eeg_means,170,0,Normal
XBD,sent_gaze_sacc_eeg_means,171,0,Normal
XBD,sent_gaze_sacc_eeg_means,172,0,Normal
XBD,sent_gaze_sacc_eeg_means,173,0,Normal
XBD,sent_gaze_sacc_eeg_means,174,0,Normal
XBD,sent_gaze_sacc_eeg_means,175,0,Normal
XBD,sent_gaze_sacc_eeg_means,176,0,Normal
XBD,sent_gaze_sacc_eeg_means,177,0,Normal
XBD,sent_gaze_sacc_eeg_means,178,0,Normal
XBD,sent_gaze_sacc_eeg_means,179,0,Normal
XBD,sent_gaze_sacc_eeg_means,180,0,Normal
XBD,sent_gaze_sacc_eeg_means,181,0,Normal
XBD,sent_gaze_sacc_eeg_means,182,0,Normal
XBD,sent_gaze_sacc_eeg_means,183,0,Normal
XBD,sent_gaze_sacc_eeg_means,184,0,Normal
XBD,sent_gaze_sacc_eeg_means,185,0,Normal
XBD,sent_gaze_sacc_eeg_means,186,0,Normal
XBD,sent_gaze_sacc_eeg_means,187,0,Normal
XBD,sent_gaze_sacc_eeg_means,188,0,Normal
XBD,sent_gaze_sacc_eeg_means,189,0,Normal
XBD,sent_gaze_sacc_eeg_means,190,0,Normal
XBD,sent_gaze_sacc_eeg_means,191,0,Normal
XBD,sent_gaze_sacc_eeg_means,192,0,Normal
XBD,sent_gaze_sacc_eeg_means,193,0,Normal
XBD,sent_gaze_sacc_eeg_means,194,0,Normal
XBD,sent_gaze_sacc_eeg_means,195,0,Normal
XBD,sent_gaze_sacc_eeg_means,196,0,Normal
XBD,sent_gaze_sacc_eeg_means,197,0,Normal
XBD,sent_gaze_sacc_eeg_means,198,0,Normal
XBD,sent_gaze_sacc_eeg_means,199,0,Normal
XBD,sent_gaze_sacc_eeg_means,200,0,Normal
XBD,sent_gaze_sacc_eeg_means,201,0,Normal
XBD,sent_gaze_sacc_eeg_means,202,0,Normal
XBD,sent_gaze_sacc_eeg_means,203,0,Normal
XBD,sent_gaze_sacc_eeg_means,204,0,Normal
XBD,sent_gaze_sacc_eeg_means,205,0,Normal
XBD,sent_gaze_sacc_eeg_means,206,0,Normal
XBD,sent_gaze_sacc_eeg_means,207,0,Normal
XBD,sent_gaze_sacc_eeg_means,208,0,Normal
XBD,sent_gaze_sacc_eeg_means,209,0,Normal
XBD,sent_gaze_sacc_eeg_means,210,0,Normal
XBD,sent_gaze_sacc_eeg_means,211,0,Normal
XBD,sent_gaze_sacc_eeg_means,212,0,Normal
XBD,sent_gaze_sacc_eeg_means,213,0,Normal
XBD,sent_gaze_sacc_eeg_means,214,0,Normal
XBD,sent_gaze_sacc_eeg_means,215,0,Normal
XBD,sent_gaze_sacc_eeg_means,216,0,Normal
XBD,sent_gaze_sacc_eeg_means,217,0,Normal
XBD,sent_gaze_sacc_eeg_means,218,0,Normal
XBD,sent_gaze_sacc_eeg_means,219,0,Normal
XBD,sent_gaze_sacc_eeg_means,220,0,Normal
XBD,sent_gaze_sacc_eeg_means,221,0,Normal
XBD,sent_gaze_sacc_eeg_means,222,0,Normal
XBD,sent_gaze_sacc_eeg_means,223,0,Normal
XBD,sent_gaze_sacc_eeg_means,224,0,Normal
XBD,sent_gaze_sacc_eeg_means,225,0,Normal
XBD,sent_gaze_sacc_eeg_means,226,0,Normal
XBD,sent_gaze_sacc_eeg_means,227,0,Normal
XBD,sent_gaze_sacc_eeg_means,228,0,Normal
XBD,sent_gaze_sacc_eeg_means,229,0,Normal
XBD,sent_gaze_sacc_eeg_means,230,0,Normal
XBD,sent_gaze_sacc_eeg_means,231,0,Normal
XBD,sent_gaze_sacc_eeg_means,232,0,Normal
XBD,sent_gaze_sacc_eeg_means,233,0,Normal
XBD,sent_gaze_sacc_eeg_means,234,0,Normal
XBD,sent_gaze_sacc_eeg_means,235,0,Normal
XBD,sent_gaze_sacc_eeg_means,236,0,Normal
XBD,sent_gaze_sacc_eeg_means,237,0,Normal
XBD,sent_gaze_sacc_eeg_means,238,0,Normal
XBD,sent_gaze_sacc_eeg_means,239,0,Normal
XBD,sent_gaze_sacc_eeg_means,240,0,Normal
XBD,sent_gaze_sacc_eeg_means,241,0,Normal
XBD,sent_gaze_sacc_eeg_means,242,0,Normal
XBD,sent_gaze_sacc_eeg_means,243,0,Normal
XBD,sent_gaze_sacc_eeg_means,244,0,Normal
XBD,sent_gaze_sacc_eeg_means,245,0,Normal
XBD,sent_gaze_sacc_eeg_means,246,0,Normal
XBD,sent_gaze_sacc_eeg_means,247,0,Normal
XBD,sent_gaze_sacc_eeg_means,248,0,Normal
XBD,sent_gaze_sacc_eeg_means,249,0,Normal
XBD,sent_gaze_sacc_eeg_means,250,0,Normal
XBD,sent_gaze_sacc_eeg_means,251,0,Normal
XBD,sent_gaze_sacc_eeg_means,252,0,Normal
XBD,sent_gaze_sacc_eeg_means,253,0,Normal
XBD,sent_gaze_sacc_eeg_means,254,0,Normal
XBD,sent_gaze_sacc_eeg_means,255,0,Normal
XBD,sent_gaze_sacc_eeg_means,256,0,Normal
XBD,sent_gaze_sacc_eeg_means,257,0,Normal
XBD,sent_gaze_sacc_eeg_means,258,0,Normal
XBD,sent_gaze_sacc_eeg_means,259,0,Normal
XBD,sent_gaze_sacc_eeg_means,260,0,Normal
XBD,sent_gaze_sacc_eeg_means,261,0,Normal
XBD,sent_gaze_sacc_eeg_means,262,0,Normal
XBD,sent_gaze_sacc_eeg_means,263,0,Normal
XBD,sent_gaze_sacc_eeg_means,264,0,Normal
XBD,sent_gaze_sacc_eeg_means,265,0,Normal
XBD,sent_gaze_sacc_eeg_means,266,0,Normal
XBD,sent_gaze_sacc_eeg_means,267,0,Normal
XBD,sent_gaze_sacc_eeg_means,268,0,Normal
XBD,sent_gaze_sacc_eeg_means,269,0,Normal
XBD,sent_gaze_sacc_eeg_means,270,0,Normal
XBD,sent_gaze_sacc_eeg_means,271,0,Normal
XBD,sent_gaze_sacc_eeg_means,272,0,Normal
XBD,sent_gaze_sacc_eeg_means,273,0,Normal
XBD,sent_gaze_sacc_eeg_means,274,0,Normal
XBD,sent_gaze_sacc_eeg_means,275,0,Normal
XBD,sent_gaze_sacc_eeg_means,276,0,Normal
XBD,sent_gaze_sacc_eeg_means,277,0,Normal
XBD,sent_gaze_sacc_eeg_means,278,0,Normal
XBD,sent_gaze_sacc_eeg_means,279,0,Normal
XBD,sent_gaze_sacc_eeg_means,280,0,Normal
XBD,sent_gaze_sacc_eeg_means,281,0,Normal
XBD,sent_gaze_sacc_eeg_means,282,0,Normal
XBD,sent_gaze_sacc_eeg_means,283,0,Normal
XBD,sent_gaze_sacc_eeg_means,284,0,Normal
XBD,sent_gaze_sacc_eeg_means,285,0,Normal
XBD,sent_gaze_sacc_eeg_means,286,0,Normal
XBD,sent_gaze_sacc_eeg_means,287,0,Normal
XBD,sent_gaze_sacc_eeg_means,288,0,Normal
XBD,sent_gaze_sacc_eeg_means,289,0,Normal
XBD,sent_gaze_sacc_eeg_means,290,0,Normal
XBD,sent_gaze_sacc_eeg_means,291,0,Normal
XBD,sent_gaze_sacc_eeg_means,292,0,Normal
XBD,sent_gaze_sacc_eeg_means,293,0,Normal
XBD,sent_gaze_sacc_eeg_means,294,0,Normal
XBD,sent_gaze_sacc_eeg_means,295,0,Normal
XBD,sent_gaze_sacc_eeg_means,296,0,Normal
XBD,sent_gaze_sacc_eeg_means,297,0,Normal
XBD,sent_gaze_sacc_eeg_means,298,0,Normal
XBD,sent_gaze_sacc_eeg_means,299,0,Normal
XBD,sent_gaze_sacc_eeg_means,300,0,Normal
XBD,sent_gaze_sacc_eeg_means,301,0,Normal
XBD,sent_gaze_sacc_eeg_means,302,0,Normal
XBD,sent_gaze_sacc_eeg_means,303,0,Normal
XBD,sent_gaze_sacc_eeg_means,304,0,Normal
XBD,sent_gaze_sacc_eeg_means,305,0,Normal
XBD,sent_gaze_sacc_eeg_means,306,0,Normal
XBD,sent_gaze_sacc_eeg_means,307,0,Normal
XBD,sent_gaze_sacc_eeg_means,308,0,Normal
XBD,sent_gaze_sacc_eeg_means,309,0,Normal
XBD,sent_gaze_sacc_eeg_means,310,0,Normal
XBD,sent_gaze_sacc_eeg_means,311,0,Normal
XBD,sent_gaze_sacc_eeg_means,312,0,Normal
XBD,sent_gaze_sacc_eeg_means,313,0,Normal
XBD,sent_gaze_sacc_eeg_means,314,0,Normal
XBD,sent_gaze_sacc_eeg_means,315,0,Normal
XBD,sent_gaze_sacc_eeg_means,316,0,Normal
XBD,sent_gaze_sacc_eeg_means,317,0,Normal
XBD,sent_gaze_sacc_eeg_means,318,0,Normal
XBD,sent_gaze_sacc_eeg_means,319,0,Normal
XBD,sent_gaze_sacc_eeg_means,320,0,Normal
XBD,sent_gaze_sacc_eeg_means,321,0,Normal
XBD,sent_gaze_sacc_eeg_means,322,0,Normal
XBD,sent_gaze_sacc_eeg_means,323,0,Normal
XBD,sent_gaze_sacc_eeg_means,324,0,Normal
XBD,sent_gaze_sacc_eeg_means,325,0,Normal
XBD,sent_gaze_sacc_eeg_means,326,0,Normal
XBD,sent_gaze_sacc_eeg_means,327,0,Normal
XBD,sent_gaze_sacc_eeg_means,328,0,Normal
XBD,sent_gaze_sacc_eeg_means,329,0,Normal
XBD,sent_gaze_sacc_eeg_means,330,0,Normal
XBD,sent_gaze_sacc_eeg_means,331,0,Normal
XBD,sent_gaze_sacc_eeg_means,332,0,Normal
XBD,sent_gaze_sacc_eeg_means,333,0,Normal
XBD,sent_gaze_sacc_eeg_means,334,0,Normal
XBD,sent_gaze_sacc_eeg_means,335,0,Normal
XBD,sent_gaze_sacc_eeg_means,336,0,Normal
XBD,sent_gaze_sacc_eeg_means,337,0,Normal
XBD,sent_gaze_sacc_eeg_means,338,0,Normal
XBD,sent_gaze_sacc_eeg_means,339,0,Normal
XBD,sent_gaze_sacc_eeg_means,340,0,Normal
XBD,sent_gaze_sacc_eeg_means,341,0,Normal
XBD,sent_gaze_sacc_eeg_means,342,0,Normal
XBD,sent_gaze_sacc_eeg_means,343,0,Normal
XBD,sent_gaze_sacc_eeg_means,344,0,Normal
XBD,sent_gaze_sacc_eeg_means,345,0,Normal
XBD,sent_gaze_sacc_eeg_means,346,0,Normal
XBD,sent_gaze_sacc_eeg_means,347,0,Normal
XBD,sent_gaze_sacc_eeg_means,348,0,Normal
XBD,sent_gaze_sacc_eeg_means,349,0,Normal
XBD,sent_gaze_sacc_eeg_means,350,0,Normal
XBD,sent_gaze_sacc_eeg_means,351,0,Normal
XBD,sent_gaze_sacc_eeg_means,352,0,Normal
XBD,sent_gaze_sacc_eeg_means,353,0,Normal
XBD,sent_gaze_sacc_eeg_means,354,0,Normal
XBD,sent_gaze_sacc_eeg_means,355,0,Normal
XBD,sent_gaze_sacc_eeg_means,356,0,Normal
XBD,sent_gaze_sacc_eeg_means,357,0,Normal
XBD,sent_gaze_sacc_eeg_means,358,0,Normal
XBD,sent_gaze_sacc_eeg_means,359,0,Normal
XBD,sent_gaze_sacc_eeg_means,360,0,Normal
XBD,sent_gaze_sacc_eeg_means,361,0,Normal
XBD,sent_gaze_sacc_eeg_means,362,0,Normal
XBD,sent_gaze_sacc_eeg_means,363,0,Normal
XBD,sent_gaze_sacc_eeg_means,364,0,Normal
XBD,sent_gaze_sacc_eeg_means,365,0,Normal
XBD,sent_gaze_sacc_eeg_means,366,0,Normal
XBD,sent_gaze_sacc_eeg_means,367,0,Normal
XBD,sent_gaze_sacc_eeg_means,368,0,Normal
XBD,sent_gaze_sacc_eeg_means,369,0,Normal
XBD,sent_gaze_sacc_eeg_means,370,0,Normal
XBD,sent_gaze_sacc_eeg_means,371,0,Normal
XBD,sent_gaze_sacc_eeg_means,372,0,Normal
XBD,sent_gaze_sacc_eeg_means,373,0,Normal
XBD,sent_gaze_sacc_eeg_means,374,0,Normal
XBD,sent_gaze_sacc_eeg_means,375,0,Normal
XBD,sent_gaze_sacc_eeg_means,376,0,Normal
XBD,sent_gaze_sacc_eeg_means,377,0,Normal
XBD,sent_gaze_sacc_eeg_means,378,0,Normal
XBD,sent_gaze_sacc_eeg_means,379,0,Normal
XBD,sent_gaze_sacc_eeg_means,380,0,Normal
XBD,sent_gaze_sacc_eeg_means,381,0,Normal
XBD,sent_gaze_sacc_eeg_means,382,0,Normal
XBD,sent_gaze_sacc_eeg_means,383,0,Normal
XBD,sent_gaze_sacc_eeg_means,384,0,Normal
XBD,sent_gaze_sacc_eeg_means,385,0,Normal
XBD,sent_gaze_sacc_eeg_means,386,0,Normal
XBD,sent_gaze_sacc_eeg_means,387,0,Normal
XBD,sent_gaze_sacc_eeg_means,388,0,Normal
XBD,sent_gaze_sacc_eeg_means,389,0,Normal
XBD,sent_gaze_sacc_eeg_means,390,0,Normal
XBD,sent_gaze_sacc_eeg_means,391,0,Normal
XBD,sent_gaze_sacc_eeg_means,392,0,Normal
XBD,sent_gaze_sacc_eeg_means,393,0,Normal
XBD,sent_gaze_sacc_eeg_means,394,0,Normal
XBD,sent_gaze_sacc_eeg_means,395,0,Normal
XBD,sent_gaze_sacc_eeg_means,396,0,Normal
XBD,sent_gaze_sacc_eeg_means,397,0,Normal
XBD,sent_gaze_sacc_eeg_means,398,0,Normal
XBD,sent_gaze_sacc_eeg_means,399,0,Normal
XBD,sent_gaze_sacc_eeg_means,400,0,Normal
XBD,sent_gaze_sacc_eeg_means,401,0,Normal
XBD,sent_gaze_sacc_eeg_means,402,0,Normal
XBD,sent_gaze_sacc_eeg_means,403,0,Normal
XBD,sent_gaze_sacc_eeg_means,404,0,Normal
XBD,sent_gaze_sacc_eeg_means,405,0,Normal
XBD,sent_gaze_sacc_eeg_means,406,0,Normal
XBD,sent_gaze_sacc_eeg_means,407,0,Normal
XBD,sent_gaze_sacc_eeg_means,408,0,Normal
XBD,sent_gaze_sacc_eeg_means,409,0,Normal
XBD,sent_gaze_sacc_eeg_means,410,0,Normal
XBD,sent_gaze_sacc_eeg_means,411,0,Normal
XBD,sent_gaze_sacc_eeg_means,412,0,Normal
XBD,sent_gaze_sacc_eeg_means,413,0,Normal
XBD,sent_gaze_sacc_eeg_means,414,0,Normal
XBD,sent_gaze_sacc_eeg_means,415,0,Normal
XBD,sent_gaze_sacc_eeg_means,416,0,Normal
XBD,sent_gaze_sacc_eeg_means,417,0,Normal
XBD,sent_gaze_sacc_eeg_means,418,0,Normal
XBD,sent_gaze_sacc_eeg_means,419,0,Normal
XBD,sent_gaze_sacc_eeg_means,420,0,Normal
XBD,sent_gaze_sacc_eeg_means,421,0,Normal
XBD,sent_gaze_sacc_eeg_means,422,0,Normal
XBD,sent_gaze_sacc_eeg_means,423,0,Normal
XBD,sent_gaze_sacc_eeg_means,424,0,Normal
XBD,sent_gaze_sacc_eeg_means,425,0,Normal
XBD,sent_gaze_sacc_eeg_means,426,0,Normal
XBD,sent_gaze_sacc_eeg_means,427,0,Normal
XBD,sent_gaze_sacc_eeg_means,428,0,Normal
XBD,sent_gaze_sacc_eeg_means,429,0,Normal
XBD,sent_gaze_sacc_eeg_means,430,0,Normal
XBD,sent_gaze_sacc_eeg_means,431,0,Normal
XBD,sent_gaze_sacc_eeg_means,432,0,Normal
XBD,sent_gaze_sacc_eeg_means,433,0,Normal
XBD,sent_gaze_sacc_eeg_means,434,0,Normal
XBD,sent_gaze_sacc_eeg_means,435,0,Normal
XBD,sent_gaze_sacc_eeg_means,436,0,Normal
XBD,sent_gaze_sacc_eeg_means,437,0,Normal
XBD,sent_gaze_sacc_eeg_means,438,0,Normal
XBD,sent_gaze_sacc_eeg_means,439,0,Normal
XBD,sent_gaze_sacc_eeg_means,440,0,Normal
XBD,sent_gaze_sacc_eeg_means,441,0,Normal
XBD,sent_gaze_sacc_eeg_means,442,0,Normal
XBD,sent_gaze_sacc_eeg_means,443,0,Normal
XBD,sent_gaze_sacc_eeg_means,444,0,Normal
XBD,sent_gaze_sacc_eeg_means,445,0,Normal
XBD,sent_gaze_sacc_eeg_means,446,0,Normal
XBD,sent_gaze_sacc_eeg_means,447,0,Normal
XBD,sent_gaze_sacc_eeg_means,448,0,Normal
XBD,sent_gaze_sacc_eeg_means,449,0,Normal
XBD,sent_gaze_sacc_eeg_means,450,0,Normal
XBD,sent_gaze_sacc_eeg_means,451,0,Normal
XBD,sent_gaze_sacc_eeg_means,452,0,Normal
XBD,sent_gaze_sacc_eeg_means,453,0,Normal
XBD,sent_gaze_sacc_eeg_means,454,0,Normal
XBD,sent_gaze_sacc_eeg_means,455,0,Normal
XBD,sent_gaze_sacc_eeg_means,456,0,Normal
XBD,sent_gaze_sacc_eeg_means,457,0,Normal
XBD,sent_gaze_sacc_eeg_means,458,0,Normal
XBD,sent_gaze_sacc_eeg_means,459,0,Normal
XBD,sent_gaze_sacc_eeg_means,460,0,Normal
XBD,sent_gaze_sacc_eeg_means,461,0,Normal
XBD,sent_gaze_sacc_eeg_means,462,0,Normal
XBD,sent_gaze_sacc_eeg_means,463,0,Normal
XBD,sent_gaze_sacc_eeg_means,464,0,Normal
XBD,sent_gaze_sacc_eeg_means,465,0,Normal
XBD,sent_gaze_sacc_eeg_means,466,0,Normal
XBD,sent_gaze_sacc_eeg_means,467,0,Normal
XBD,sent_gaze_sacc_eeg_means,468,0,Normal
XBD,sent_gaze_sacc_eeg_means,469,0,Normal
XBD,sent_gaze_sacc_eeg_means,470,0,Normal
XBD,sent_gaze_sacc_eeg_means,471,0,Normal
XBD,sent_gaze_sacc_eeg_means,472,0,Normal
XBD,sent_gaze_sacc_eeg_means,473,0,Normal
XBD,sent_gaze_sacc_eeg_means,474,0,Normal
XBD,sent_gaze_sacc_eeg_means,475,0,Normal
XBD,sent_gaze_sacc_eeg_means,476,0,Normal
XBD,sent_gaze_sacc_eeg_means,477,0,Normal
XBD,sent_gaze_sacc_eeg_means,478,0,Normal
XBD,sent_gaze_sacc_eeg_means,479,0,Normal
XBD,sent_gaze_sacc_eeg_means,480,0,Normal
XBD,sent_gaze_sacc_eeg_means,481,0,Normal
XBD,sent_gaze_sacc_eeg_means,482,0,Normal
XBD,sent_gaze_sacc_eeg_means,483,0,Normal
XBD,sent_gaze_sacc_eeg_means,484,0,Normal
XBD,sent_gaze_sacc_eeg_means,485,0,Normal
XBD,sent_gaze_sacc_eeg_means,486,0,Normal
XBD,sent_gaze_sacc_eeg_means,487,0,Normal
XBD,sent_gaze_sacc_eeg_means,488,0,Normal
XBD,sent_gaze_sacc_eeg_means,489,0,Normal
XBD,sent_gaze_sacc_eeg_means,490,0,Normal
XBD,sent_gaze_sacc_eeg_means,491,0,Normal
XBD,sent_gaze_sacc_eeg_means,492,0,Normal
XBD,sent_gaze_sacc_eeg_means,493,0,Normal
XBD,sent_gaze_sacc_eeg_means,494,0,Normal
XBD,sent_gaze_sacc_eeg_means,495,0,Normal
XBD,sent_gaze_sacc_eeg_means,496,0,Normal
XBD,sent_gaze_sacc_eeg_means,497,0,Normal
XBD,sent_gaze_sacc_eeg_means,498,0,Normal
XBD,sent_gaze_sacc_eeg_means,499,0,Normal
XBD,sent_gaze_sacc_eeg_means,500,0,Normal
XBD,sent_gaze_sacc_eeg_means,501,0,Normal
XBD,sent_gaze_sacc_eeg_means,502,0,Normal
XBD,sent_gaze_sacc_eeg_means,503,0,Normal
XBD,sent_gaze_sacc_eeg_means,504,0,Normal
XBD,sent_gaze_sacc_eeg_means,505,0,Normal
XBD,sent_gaze_sacc_eeg_means,506,0,Normal
XBD,sent_gaze_sacc_eeg_means,507,0,Normal
XBD,sent_gaze_sacc_eeg_means,508,0,Normal
XBD,sent_gaze_sacc_eeg_means,509,0,Normal
XBD,sent_gaze_sacc_eeg_means,510,0,Normal
XBD,sent_gaze_sacc_eeg_means,511,0,Normal
XBD,sent_gaze_sacc_eeg_means,512,0,Normal
XBD,sent_gaze_sacc_eeg_means,513,0,Normal
XBD,sent_gaze_sacc_eeg_means,514,0,Normal
XBD,sent_gaze_sacc_eeg_means,515,0,Normal
XBD,sent_gaze_sacc_eeg_means,516,0,Normal
XBD,sent_gaze_sacc_eeg_means,517,0,Normal
XBD,sent_gaze_sacc_eeg_means,518,0,Normal
XBD,sent_gaze_sacc_eeg_means,519,0,Normal
XBD,sent_gaze_sacc_eeg_means,520,0,Normal
XBD,sent_gaze_sacc_eeg_means,521,0,Normal
XBD,sent_gaze_sacc_eeg_means,522,0,Normal
XBD,sent_gaze_sacc_eeg_means,523,0,Normal
XBD,sent_gaze_sacc_eeg_means,524,0,Normal
XBD,sent_gaze_sacc_eeg_means,525,0,Normal
XBD,sent_gaze_sacc_eeg_means,526,0,Normal
XBD,sent_gaze_sacc_eeg_means,527,0,Normal
XBD,sent_gaze_sacc_eeg_means,528,0,Normal
XBD,sent_gaze_sacc_eeg_means,529,0,Normal
XBD,sent_gaze_sacc_eeg_means,530,0,Normal
XBD,sent_gaze_sacc_eeg_means,531,0,Normal
XBD,sent_gaze_sacc_eeg_means,532,0,Normal
XBD,sent_gaze_sacc_eeg_means,533,0,Normal
XBD,sent_gaze_sacc_eeg_means,534,0,Normal
XBD,sent_gaze_sacc_eeg_means,535,0,Normal
XBD,sent_gaze_sacc_eeg_means,536,0,Normal
XBD,sent_gaze_sacc_eeg_means,537,0,Normal
XBD,sent_gaze_sacc_eeg_means,538,0,Normal
XBD,sent_gaze_sacc_eeg_means,539,0,Normal
XBD,sent_gaze_sacc_eeg_means,540,0,Normal
XBD,sent_gaze_sacc_eeg_means,541,0,Normal
XBD,sent_gaze_sacc_eeg_means,542,0,Normal
XBD,sent_gaze_sacc_eeg_means,543,0,Normal
XBD,sent_gaze_sacc_eeg_means,544,0,Normal
XBD,sent_gaze_sacc_eeg_means,545,0,Normal
XBD,sent_gaze_sacc_eeg_means,546,0,Normal
XBD,sent_gaze_sacc_eeg_means,547,0,Normal
XBD,sent_gaze_sacc_eeg_means,548,0,Normal
XBD,sent_gaze_sacc_eeg_means,549,0,Normal
XBD,sent_gaze_sacc_eeg_means,550,0,Normal
XBD,sent_gaze_sacc_eeg_means,551,0,Normal
XBD,sent_gaze_sacc_eeg_means,552,0,Normal
XBD,sent_gaze_sacc_eeg_means,553,0,Normal
XBD,sent_gaze_sacc_eeg_means,554,0,Normal
XBD,sent_gaze_sacc_eeg_means,555,0,Normal
XBD,sent_gaze_sacc_eeg_means,556,0,Normal
XBD,sent_gaze_sacc_eeg_means,557,0,Normal
XBD,sent_gaze_sacc_eeg_means,558,0,Normal
XBD,sent_gaze_sacc_eeg_means,559,0,Normal
XBD,sent_gaze_sacc_eeg_means,560,0,Normal
XBD,sent_gaze_sacc_eeg_means,561,0,Normal
XBD,sent_gaze_sacc_eeg_means,562,0,Normal
XBD,sent_gaze_sacc_eeg_means,563,0,Normal
XBD,sent_gaze_sacc_eeg_means,564,0,Normal
XBD,sent_gaze_sacc_eeg_means,565,0,Normal
XBD,sent_gaze_sacc_eeg_means,566,0,Normal
XBD,sent_gaze_sacc_eeg_means,567,0,Normal
XBD,sent_gaze_sacc_eeg_means,568,0,Normal
XBD,sent_gaze_sacc_eeg_means,569,0,Normal
XBD,sent_gaze_sacc_eeg_means,570,0,Normal
XBD,sent_gaze_sacc_eeg_means,571,0,Normal
XBD,sent_gaze_sacc_eeg_means,572,0,Normal
XBD,sent_gaze_sacc_eeg_means,573,0,Normal
XBD,sent_gaze_sacc_eeg_means,574,0,Normal
XBD,sent_gaze_sacc_eeg_means,575,0,Normal
XBD,sent_gaze_sacc_eeg_means,576,0,Normal
XBD,sent_gaze_sacc_eeg_means,577,0,Normal
XBD,sent_gaze_sacc_eeg_means,578,0,Normal
XBD,sent_gaze_sacc_eeg_means,579,0,Normal
XBD,sent_gaze_sacc_eeg_means,580,0,Normal
XBD,sent_gaze_sacc_eeg_means,581,0,Normal
XBD,sent_gaze_sacc_eeg_means,582,0,Normal
XBD,sent_gaze_sacc_eeg_means,583,0,Normal
XBD,sent_gaze_sacc_eeg_means,584,0,Normal
XBD,sent_gaze_sacc_eeg_means,585,0,Normal
XBD,sent_gaze_sacc_eeg_means,586,0,Normal
XBD,sent_gaze_sacc_eeg_means,587,0,Normal
XBD,sent_gaze_sacc_eeg_means,588,0,Normal
XBD,sent_gaze_sacc_eeg_means,589,0,Normal
XBD,sent_gaze_sacc_eeg_means,590,0,Normal
XBD,sent_gaze_sacc_eeg_means,591,0,Normal
XBD,sent_gaze_sacc_eeg_means,592,0,Normal
XBD,sent_gaze_sacc_eeg_means,593,0,Normal
XBD,sent_gaze_sacc_eeg_means,594,0,Normal
XBD,sent_gaze_sacc_eeg_means,595,0,Normal
XBD,sent_gaze_sacc_eeg_means,596,0,Normal
XBD,sent_gaze_sacc_eeg_means,597,0,Normal
XBD,sent_gaze_sacc_eeg_means,598,0,Normal
XBD,sent_gaze_sacc_eeg_means,599,0,Normal
XBD,sent_gaze_sacc_eeg_means,600,0,Normal
XBD,sent_gaze_sacc_eeg_means,601,0,Normal
XBD,sent_gaze_sacc_eeg_means,602,0,Normal
XBD,sent_gaze_sacc_eeg_means,603,0,Normal
XBD,sent_gaze_sacc_eeg_means,604,0,Normal
XBD,sent_gaze_sacc_eeg_means,605,0,Normal
XBD,sent_gaze_sacc_eeg_means,606,0,Normal
XBD,sent_gaze_sacc_eeg_means,607,0,Normal
XBD,sent_gaze_sacc_eeg_means,608,0,Normal
XBD,sent_gaze_sacc_eeg_means,609,0,Normal
XBD,sent_gaze_sacc_eeg_means,610,0,Normal
XBD,sent_gaze_sacc_eeg_means,611,0,Normal
XBD,sent_gaze_sacc_eeg_means,612,0,Normal
XBD,sent_gaze_sacc_eeg_means,613,0,Normal
XBD,sent_gaze_sacc_eeg_means,614,0,Normal
XBD,sent_gaze_sacc_eeg_means,615,0,Normal
XBD,sent_gaze_sacc_eeg_means,616,0,Normal
XBD,sent_gaze_sacc_eeg_means,617,0,Normal
XBD,sent_gaze_sacc_eeg_means,618,0,Normal
XBD,sent_gaze_sacc_eeg_means,619,0,Normal
XBD,sent_gaze_sacc_eeg_means,620,0,Normal
XBD,sent_gaze_sacc_eeg_means,621,0,Normal
XBD,sent_gaze_sacc_eeg_means,622,0,Normal
XBD,sent_gaze_sacc_eeg_means,623,0,Normal
XBD,sent_gaze_sacc_eeg_means,624,0,Normal
XBD,sent_gaze_sacc_eeg_means,625,0,Normal
XBD,sent_gaze_sacc_eeg_means,626,0,Normal
XBD,sent_gaze_sacc_eeg_means,627,0,Normal
XBD,sent_gaze_sacc_eeg_means,628,0,Normal
XBD,sent_gaze_sacc_eeg_means,629,0,Normal
XBD,sent_gaze_sacc_eeg_means,630,0,Normal
XBD,sent_gaze_sacc_eeg_means,631,0,Normal
XBD,sent_gaze_sacc_eeg_means,632,0,Normal
XBD,sent_gaze_sacc_eeg_means,633,0,Normal
XBD,sent_gaze_sacc_eeg_means,634,0,Normal
XBD,sent_gaze_sacc_eeg_means,635,0,Normal
XBD,sent_gaze_sacc_eeg_means,636,0,Normal
XBD,sent_gaze_sacc_eeg_means,637,0,Normal
XBD,sent_gaze_sacc_eeg_means,638,0,Normal
XBD,sent_gaze_sacc_eeg_means,639,0,Normal
XBD,sent_gaze_sacc_eeg_means,640,0,Normal
XBD,sent_gaze_sacc_eeg_means,641,0,Normal
XBD,sent_gaze_sacc_eeg_means,642,0,Normal
XBD,sent_gaze_sacc_eeg_means,643,0,Normal
XBD,sent_gaze_sacc_eeg_means,644,0,Normal
XBD,sent_gaze_sacc_eeg_means,645,0,Normal
XBD,sent_gaze_sacc_eeg_means,646,0,Normal
XBD,sent_gaze_sacc_eeg_means,647,0,Normal
XBD,sent_gaze_sacc_eeg_means,648,0,Normal
XBD,sent_gaze_sacc_eeg_means,649,0,Normal
XBD,sent_gaze_sacc_eeg_means,650,0,Normal
XBD,sent_gaze_sacc_eeg_means,651,0,Normal
XBD,sent_gaze_sacc_eeg_means,652,0,Normal
XBD,sent_gaze_sacc_eeg_means,653,0,Normal
XBD,sent_gaze_sacc_eeg_means,654,0,Normal
XBD,sent_gaze_sacc_eeg_means,655,0,Normal
XBD,sent_gaze_sacc_eeg_means,656,0,Normal
XBD,sent_gaze_sacc_eeg_means,657,0,Normal
XBD,sent_gaze_sacc_eeg_means,658,0,Normal
XBD,sent_gaze_sacc_eeg_means,659,0,Normal
XBD,sent_gaze_sacc_eeg_means,660,0,Normal
XBD,sent_gaze_sacc_eeg_means,661,0,Normal
XBD,sent_gaze_sacc_eeg_means,662,0,Normal
XBD,sent_gaze_sacc_eeg_means,663,0,Normal
XBD,sent_gaze_sacc_eeg_means,664,0,Normal
XBD,sent_gaze_sacc_eeg_means,665,0,Normal
XBD,sent_gaze_sacc_eeg_means,666,0,Normal
XBD,sent_gaze_sacc_eeg_means,667,0,Normal
XBD,sent_gaze_sacc_eeg_means,668,0,Normal
XBD,sent_gaze_sacc_eeg_means,669,0,Normal
XBD,sent_gaze_sacc_eeg_means,670,0,Normal
XBD,sent_gaze_sacc_eeg_means,671,0,Normal
XBD,sent_gaze_sacc_eeg_means,672,0,Normal
XBD,sent_gaze_sacc_eeg_means,673,0,Normal
XBD,sent_gaze_sacc_eeg_means,674,0,Normal
XBD,sent_gaze_sacc_eeg_means,675,0,Normal
XBD,sent_gaze_sacc_eeg_means,676,0,Normal
XBD,sent_gaze_sacc_eeg_means,677,0,Normal
XBD,sent_gaze_sacc_eeg_means,678,0,Normal
XBD,sent_gaze_sacc_eeg_means,679,0,Normal
XBD,sent_gaze_sacc_eeg_means,680,0,Normal
XBD,sent_gaze_sacc_eeg_means,681,0,Normal
XBD,sent_gaze_sacc_eeg_means,682,0,Normal
XBD,sent_gaze_sacc_eeg_means,683,0,Normal
XBD,sent_gaze_sacc_eeg_means,684,0,Normal
XBD,sent_gaze_sacc_eeg_means,685,0,Normal
XBD,sent_gaze_sacc_eeg_means,686,0,Normal
XBD,sent_gaze_sacc_eeg_means,687,0,Normal
XBD,sent_gaze_sacc_eeg_means,688,0,Normal
XBD,sent_gaze_sacc_eeg_means,689,0,Normal
XBD,sent_gaze_sacc_eeg_means,690,0,Normal
XBD,sent_gaze_sacc_eeg_means,691,0,Normal
XBD,sent_gaze_sacc_eeg_means,692,0,Normal
XBD,sent_gaze_sacc_eeg_means,693,0,Normal
XBD,sent_gaze_sacc_eeg_means,694,0,Normal
XBD,sent_gaze_sacc_eeg_means,695,0,Normal
XBD,sent_gaze_sacc_eeg_means,696,0,Normal
XBD,sent_gaze_sacc_eeg_means,697,0,Normal
XBD,sent_gaze_sacc_eeg_means,698,0,Normal
XBD,sent_gaze_sacc_eeg_means,699,0,Normal
XBD,sent_gaze_sacc_eeg_means,700,0,Normal
XBD,sent_gaze_sacc_eeg_means,701,0,Normal
XBD,sent_gaze_sacc_eeg_means,702,0,Normal
XBD,sent_gaze_sacc_eeg_means,703,0,Normal
XBD,sent_gaze_sacc_eeg_means,704,0,Normal
XBD,sent_gaze_sacc_eeg_means,705,0,Normal
XBD,sent_gaze_sacc_eeg_means,706,0,Normal
XBD,sent_gaze_sacc_eeg_means,707,0,Normal
XBD,sent_gaze_sacc_eeg_means,708,0,Normal
XBD,sent_gaze_sacc_eeg_means,709,0,Normal
XBD,sent_gaze_sacc_eeg_means,710,0,Normal
XBD,sent_gaze_sacc_eeg_means,711,0,Normal
XBD,sent_gaze_sacc_eeg_means,712,0,Normal
XBD,sent_gaze_sacc_eeg_means,713,0,Normal
XBD,sent_gaze_sacc_eeg_means,714,0,Normal
XBD,sent_gaze_sacc_eeg_means,715,0,Normal
XBD,sent_gaze_sacc_eeg_means,716,0,Normal
XBD,sent_gaze_sacc_eeg_means,717,0,Normal
XBD,sent_gaze_sacc_eeg_means,718,0,Normal
XBD,sent_gaze_sacc_eeg_means,719,0,Normal
XBD,sent_gaze_sacc_eeg_means,720,0,Normal
XBD,sent_gaze_sacc_eeg_means,721,0,Normal
XBD,sent_gaze_sacc_eeg_means,722,0,Normal
XBD,sent_gaze_sacc_eeg_means,723,0,Normal
XBD,sent_gaze_sacc_eeg_means,724,0,Normal
XBD,sent_gaze_sacc_eeg_means,725,0,Normal
XBD,sent_gaze_sacc_eeg_means,726,0,Normal
XBD,sent_gaze_sacc_eeg_means,727,0,Normal
XBD,sent_gaze_sacc_eeg_means,728,0,Normal
XBD,sent_gaze_sacc_eeg_means,729,0,Normal
XBD,sent_gaze_sacc_eeg_means,730,0,Normal
XBD,sent_gaze_sacc_eeg_means,731,0,Normal
XBD,sent_gaze_sacc_eeg_means,732,0,Normal
XBD,sent_gaze_sacc_eeg_means,733,0,Normal
XBD,sent_gaze_sacc_eeg_means,734,0,Normal
XBD,sent_gaze_sacc_eeg_means,735,0,Normal
XBD,sent_gaze_sacc_eeg_means,736,0,Normal
XBD,sent_gaze_sacc_eeg_means,737,0,Normal
XBD,sent_gaze_sacc_eeg_means,738,0,Normal
XSS,sent_gaze_sacc_eeg_means,0,0,Normal
XSS,sent_gaze_sacc_eeg_means,1,0,Normal
XSS,sent_gaze_sacc_eeg_means,2,0,Normal
XSS,sent_gaze_sacc_eeg_means,3,0,Normal
XSS,sent_gaze_sacc_eeg_means,4,0,Normal
XSS,sent_gaze_sacc_eeg_means,5,0,Normal
XSS,sent_gaze_sacc_eeg_means,6,0,Normal
XSS,sent_gaze_sacc_eeg_means,7,0,Normal
XSS,sent_gaze_sacc_eeg_means,8,0,Normal
XSS,sent_gaze_sacc_eeg_means,9,0,Normal
XSS,sent_gaze_sacc_eeg_means,10,0,Normal
XSS,sent_gaze_sacc_eeg_means,11,0,Normal
XSS,sent_gaze_sacc_eeg_means,12,0,Normal
XSS,sent_gaze_sacc_eeg_means,13,0,Normal
XSS,sent_gaze_sacc_eeg_means,14,0,Normal
XSS,sent_gaze_sacc_eeg_means,15,0,Normal
XSS,sent_gaze_sacc_eeg_means,16,0,Normal
XSS,sent_gaze_sacc_eeg_means,17,0,Normal
XSS,sent_gaze_sacc_eeg_means,18,0,Normal
XSS,sent_gaze_sacc_eeg_means,19,0,Normal
XSS,sent_gaze_sacc_eeg_means,20,0,Normal
XSS,sent_gaze_sacc_eeg_means,21,0,Normal
XSS,sent_gaze_sacc_eeg_means,22,0,Normal
XSS,sent_gaze_sacc_eeg_means,23,0,Normal
XSS,sent_gaze_sacc_eeg_means,24,0,Normal
XSS,sent_gaze_sacc_eeg_means,25,0,Normal
XSS,sent_gaze_sacc_eeg_means,26,0,Normal
XSS,sent_gaze_sacc_eeg_means,27,0,Normal
XSS,sent_gaze_sacc_eeg_means,28,0,Normal
XSS,sent_gaze_sacc_eeg_means,29,0,Normal
XSS,sent_gaze_sacc_eeg_means,30,0,Normal
XSS,sent_gaze_sacc_eeg_means,31,0,Normal
XSS,sent_gaze_sacc_eeg_means,32,0,Normal
XSS,sent_gaze_sacc_eeg_means,33,0,Normal
XSS,sent_gaze_sacc_eeg_means,34,0,Normal
XSS,sent_gaze_sacc_eeg_means,35,0,Normal
XSS,sent_gaze_sacc_eeg_means,36,0,Normal
XSS,sent_gaze_sacc_eeg_means,37,0,Normal
XSS,sent_gaze_sacc_eeg_means,38,0,Normal
XSS,sent_gaze_sacc_eeg_means,39,0,Normal
XSS,sent_gaze_sacc_eeg_means,40,0,Normal
XSS,sent_gaze_sacc_eeg_means,41,0,Normal
XSS,sent_gaze_sacc_eeg_means,42,0,Normal
XSS,sent_gaze_sacc_eeg_means,43,0,Normal
XSS,sent_gaze_sacc_eeg_means,44,0,Normal
XSS,sent_gaze_sacc_eeg_means,45,0,Normal
XSS,sent_gaze_sacc_eeg_means,46,0,Normal
XSS,sent_gaze_sacc_eeg_means,47,0,Normal
XSS,sent_gaze_sacc_eeg_means,48,0,Normal
XSS,sent_gaze_sacc_eeg_means,49,0,Normal
XSS,sent_gaze_sacc_eeg_means,50,0,Normal
XSS,sent_gaze_sacc_eeg_means,51,0,Normal
XSS,sent_gaze_sacc_eeg_means,52,0,Normal
XSS,sent_gaze_sacc_eeg_means,53,0,Normal
XSS,sent_gaze_sacc_eeg_means,54,0,Normal
XSS,sent_gaze_sacc_eeg_means,55,0,Normal
XSS,sent_gaze_sacc_eeg_means,56,0,Normal
XSS,sent_gaze_sacc_eeg_means,57,0,Normal
XSS,sent_gaze_sacc_eeg_means,58,0,Normal
XSS,sent_gaze_sacc_eeg_means,59,0,Normal
XSS,sent_gaze_sacc_eeg_means,60,0,Normal
XSS,sent_gaze_sacc_eeg_means,61,0,Normal
XSS,sent_gaze_sacc_eeg_means,62,0,Normal
XSS,sent_gaze_sacc_eeg_means,63,0,Normal
XSS,sent_gaze_sacc_eeg_means,64,0,Normal
XSS,sent_gaze_sacc_eeg_means,65,0,Normal
XSS,sent_gaze_sacc_eeg_means,66,0,Normal
XSS,sent_gaze_sacc_eeg_means,67,0,Normal
XSS,sent_gaze_sacc_eeg_means,68,0,Normal
XSS,sent_gaze_sacc_eeg_means,69,0,Normal
XSS,sent_gaze_sacc_eeg_means,70,0,Normal
XSS,sent_gaze_sacc_eeg_means,71,0,Normal
XSS,sent_gaze_sacc_eeg_means,72,0,Normal
XSS,sent_gaze_sacc_eeg_means,73,0,Normal
XSS,sent_gaze_sacc_eeg_means,74,0,Normal
XSS,sent_gaze_sacc_eeg_means,75,0,Normal
XSS,sent_gaze_sacc_eeg_means,76,0,Normal
XSS,sent_gaze_sacc_eeg_means,77,0,Normal
XSS,sent_gaze_sacc_eeg_means,78,0,Normal
XSS,sent_gaze_sacc_eeg_means,79,0,Normal
XSS,sent_gaze_sacc_eeg_means,80,0,Normal
XSS,sent_gaze_sacc_eeg_means,81,0,Normal
XSS,sent_gaze_sacc_eeg_means,82,0,Normal
XSS,sent_gaze_sacc_eeg_means,83,0,Normal
XSS,sent_gaze_sacc_eeg_means,84,0,Normal
XSS,sent_gaze_sacc_eeg_means,85,0,Normal
XSS,sent_gaze_sacc_eeg_means,86,0,Normal
XSS,sent_gaze_sacc_eeg_means,87,0,Normal
XSS,sent_gaze_sacc_eeg_means,88,0,Normal
XSS,sent_gaze_sacc_eeg_means,89,0,Normal
XSS,sent_gaze_sacc_eeg_means,90,0,Normal
XSS,sent_gaze_sacc_eeg_means,91,0,Normal
XSS,sent_gaze_sacc_eeg_means,92,0,Normal
XSS,sent_gaze_sacc_eeg_means,93,0,Normal
XSS,sent_gaze_sacc_eeg_means,94,0,Normal
XSS,sent_gaze_sacc_eeg_means,95,0,Normal
XSS,sent_gaze_sacc_eeg_means,96,0,Normal
XSS,sent_gaze_sacc_eeg_means,97,0,Normal
XSS,sent_gaze_sacc_eeg_means,98,0,Normal
XSS,sent_gaze_sacc_eeg_means,99,0,Normal
XSS,sent_gaze_sacc_eeg_means,100,0,Normal
XSS,sent_gaze_sacc_eeg_means,101,0,Normal
XSS,sent_gaze_sacc_eeg_means,102,0,Normal
XSS,sent_gaze_sacc_eeg_means,103,0,Normal
XSS,sent_gaze_sacc_eeg_means,104,0,Normal
XSS,sent_gaze_sacc_eeg_means,105,0,Normal
XSS,sent_gaze_sacc_eeg_means,106,0,Normal
XSS,sent_gaze_sacc_eeg_means,107,0,Normal
XSS,sent_gaze_sacc_eeg_means,108,0,Normal
XSS,sent_gaze_sacc_eeg_means,109,0,Normal
XSS,sent_gaze_sacc_eeg_means,110,0,Normal
XSS,sent_gaze_sacc_eeg_means,111,0,Normal
XSS,sent_gaze_sacc_eeg_means,112,0,Normal
XSS,sent_gaze_sacc_eeg_means,113,0,Normal
XSS,sent_gaze_sacc_eeg_means,114,0,Normal
XSS,sent_gaze_sacc_eeg_means,115,0,Normal
XSS,sent_gaze_sacc_eeg_means,116,0,Normal
XSS,sent_gaze_sacc_eeg_means,117,0,Normal
XSS,sent_gaze_sacc_eeg_means,118,0,Normal
XSS,sent_gaze_sacc_eeg_means,119,0,Normal
XSS,sent_gaze_sacc_eeg_means,120,0,Normal
XSS,sent_gaze_sacc_eeg_means,121,0,Normal
XSS,sent_gaze_sacc_eeg_means,122,0,Normal
XSS,sent_gaze_sacc_eeg_means,123,0,Normal
XSS,sent_gaze_sacc_eeg_means,124,0,Normal
XSS,sent_gaze_sacc_eeg_means,125,0,Normal
XSS,sent_gaze_sacc_eeg_means,126,0,Normal
XSS,sent_gaze_sacc_eeg_means,127,0,Normal
XSS,sent_gaze_sacc_eeg_means,128,0,Normal
XSS,sent_gaze_sacc_eeg_means,129,0,Normal
XSS,sent_gaze_sacc_eeg_means,130,0,Normal
XSS,sent_gaze_sacc_eeg_means,131,0,Normal
XSS,sent_gaze_sacc_eeg_means,132,0,Normal
XSS,sent_gaze_sacc_eeg_means,133,0,Normal
XSS,sent_gaze_sacc_eeg_means,134,0,Normal
XSS,sent_gaze_sacc_eeg_means,135,0,Normal
XSS,sent_gaze_sacc_eeg_means,136,0,Normal
XSS,sent_gaze_sacc_eeg_means,137,0,Normal
XSS,sent_gaze_sacc_eeg_means,138,0,Normal
XSS,sent_gaze_sacc_eeg_means,139,0,Normal
XSS,sent_gaze_sacc_eeg_means,140,0,Normal
XSS,sent_gaze_sacc_eeg_means,141,0,Normal
XSS,sent_gaze_sacc_eeg_means,142,0,Normal
XSS,sent_gaze_sacc_eeg_means,143,0,Normal
XSS,sent_gaze_sacc_eeg_means,144,0,Normal
XSS,sent_gaze_sacc_eeg_means,145,0,Normal
XSS,sent_gaze_sacc_eeg_means,146,0,Normal
XSS,sent_gaze_sacc_eeg_means,147,0,Normal
XSS,sent_gaze_sacc_eeg_means,148,0,Normal
XSS,sent_gaze_sacc_eeg_means,149,0,Normal
XSS,sent_gaze_sacc_eeg_means,150,0,Normal
XSS,sent_gaze_sacc_eeg_means,151,0,Normal
XSS,sent_gaze_sacc_eeg_means,152,0,Normal
XSS,sent_gaze_sacc_eeg_means,153,0,Normal
XSS,sent_gaze_sacc_eeg_means,154,0,Normal
XSS,sent_gaze_sacc_eeg_means,155,0,Normal
XSS,sent_gaze_sacc_eeg_means,156,0,Normal
XSS,sent_gaze_sacc_eeg_means,157,0,Normal
XSS,sent_gaze_sacc_eeg_means,158,0,Normal
XSS,sent_gaze_sacc_eeg_means,159,0,Normal
XSS,sent_gaze_sacc_eeg_means,160,0,Normal
XSS,sent_gaze_sacc_eeg_means,161,0,Normal
XSS,sent_gaze_sacc_eeg_means,162,0,Normal
XSS,sent_gaze_sacc_eeg_means,163,0,Normal
XSS,sent_gaze_sacc_eeg_means,164,0,Normal
XSS,sent_gaze_sacc_eeg_means,165,0,Normal
XSS,sent_gaze_sacc_eeg_means,166,0,Normal
XSS,sent_gaze_sacc_eeg_means,167,0,Normal
XSS,sent_gaze_sacc_eeg_means,168,0,Normal
XSS,sent_gaze_sacc_eeg_means,169,0,Normal
XSS,sent_gaze_sacc_eeg_means,170,0,Normal
XSS,sent_gaze_sacc_eeg_means,171,0,Normal
XSS,sent_gaze_sacc_eeg_means,172,0,Normal
XSS,sent_gaze_sacc_eeg_means,173,0,Normal
XSS,sent_gaze_sacc_eeg_means,174,0,Normal
XSS,sent_gaze_sacc_eeg_means,175,0,Normal
XSS,sent_gaze_sacc_eeg_means,176,0,Normal
XSS,sent_gaze_sacc_eeg_means,177,0,Normal
XSS,sent_gaze_sacc_eeg_means,178,0,Normal
XSS,sent_gaze_sacc_eeg_means,179,0,Normal
XSS,sent_gaze_sacc_eeg_means,180,0,Normal
XSS,sent_gaze_sacc_eeg_means,181,0,Normal
XSS,sent_gaze_sacc_eeg_means,182,0,Normal
XSS,sent_gaze_sacc_eeg_means,183,0,Normal
XSS,sent_gaze_sacc_eeg_means,184,0,Normal
XSS,sent_gaze_sacc_eeg_means,185,0,Normal
XSS,sent_gaze_sacc_eeg_means,186,0,Normal
XSS,sent_gaze_sacc_eeg_means,187,0,Normal
XSS,sent_gaze_sacc_eeg_means,188,0,Normal
XSS,sent_gaze_sacc_eeg_means,189,0,Normal
XSS,sent_gaze_sacc_eeg_means,190,0,Normal
XSS,sent_gaze_sacc_eeg_means,191,0,Normal
XSS,sent_gaze_sacc_eeg_means,192,0,Normal
XSS,sent_gaze_sacc_eeg_means,193,0,Normal
XSS,sent_gaze_sacc_eeg_means,194,0,Normal
XSS,sent_gaze_sacc_eeg_means,195,0,Normal
XSS,sent_gaze_sacc_eeg_means,196,0,Normal
XSS,sent_gaze_sacc_eeg_means,197,0,Normal
XSS,sent_gaze_sacc_eeg_means,198,0,Normal
XSS,sent_gaze_sacc_eeg_means,199,0,Normal
XSS,sent_gaze_sacc_eeg_means,200,0,Normal
XSS,sent_gaze_sacc_eeg_means,201,0,Normal
XSS,sent_gaze_sacc_eeg_means,202,0,Normal
XSS,sent_gaze_sacc_eeg_means,203,0,Normal
XSS,sent_gaze_sacc_eeg_means,204,0,Normal
XSS,sent_gaze_sacc_eeg_means,205,0,Normal
XSS,sent_gaze_sacc_eeg_means,206,0,Normal
XSS,sent_gaze_sacc_eeg_means,207,0,Normal
XSS,sent_gaze_sacc_eeg_means,208,0,Normal
XSS,sent_gaze_sacc_eeg_means,209,0,Normal
XSS,sent_gaze_sacc_eeg_means,210,0,Normal
XSS,sent_gaze_sacc_eeg_means,211,0,Normal
XSS,sent_gaze_sacc_eeg_means,212,0,Normal
XSS,sent_gaze_sacc_eeg_means,213,0,Normal
XSS,sent_gaze_sacc_eeg_means,214,0,Normal
XSS,sent_gaze_sacc_eeg_means,215,0,Normal
XSS,sent_gaze_sacc_eeg_means,216,0,Normal
XSS,sent_gaze_sacc_eeg_means,217,0,Normal
XSS,sent_gaze_sacc_eeg_means,218,0,Normal
XSS,sent_gaze_sacc_eeg_means,219,0,Normal
XSS,sent_gaze_sacc_eeg_means,220,0,Normal
XSS,sent_gaze_sacc_eeg_means,221,0,Normal
XSS,sent_gaze_sacc_eeg_means,222,0,Normal
XSS,sent_gaze_sacc_eeg_means,223,0,Normal
XSS,sent_gaze_sacc_eeg_means,224,0,Normal
XSS,sent_gaze_sacc_eeg_means,225,0,Normal
XSS,sent_gaze_sacc_eeg_means,226,0,Normal
XSS,sent_gaze_sacc_eeg_means,227,0,Normal
XSS,sent_gaze_sacc_eeg_means,228,0,Normal
XSS,sent_gaze_sacc_eeg_means,229,0,Normal
XSS,sent_gaze_sacc_eeg_means,230,0,Normal
XSS,sent_gaze_sacc_eeg_means,231,0,Normal
XSS,sent_gaze_sacc_eeg_means,232,0,Normal
XSS,sent_gaze_sacc_eeg_means,233,0,Normal
XSS,sent_gaze_sacc_eeg_means,234,0,Normal
XSS,sent_gaze_sacc_eeg_means,235,0,Normal
XSS,sent_gaze_sacc_eeg_means,236,0,Normal
XSS,sent_gaze_sacc_eeg_means,237,0,Normal
XSS,sent_gaze_sacc_eeg_means,238,0,Normal
XSS,sent_gaze_sacc_eeg_means,239,0,Normal
XSS,sent_gaze_sacc_eeg_means,240,0,Normal
XSS,sent_gaze_sacc_eeg_means,241,0,Normal
XSS,sent_gaze_sacc_eeg_means,242,0,Normal
XSS,sent_gaze_sacc_eeg_means,243,0,Normal
XSS,sent_gaze_sacc_eeg_means,244,0,Normal
XSS,sent_gaze_sacc_eeg_means,245,0,Normal
XSS,sent_gaze_sacc_eeg_means,246,0,Normal
XSS,sent_gaze_sacc_eeg_means,247,0,Normal
XSS,sent_gaze_sacc_eeg_means,248,0,Normal
XSS,sent_gaze_sacc_eeg_means,249,0,Normal
XSS,sent_gaze_sacc_eeg_means,250,0,Normal
XSS,sent_gaze_sacc_eeg_means,251,0,Normal
XSS,sent_gaze_sacc_eeg_means,252,0,Normal
XSS,sent_gaze_sacc_eeg_means,253,0,Normal
XSS,sent_gaze_sacc_eeg_means,254,0,Normal
XSS,sent_gaze_sacc_eeg_means,255,0,Normal
XSS,sent_gaze_sacc_eeg_means,256,0,Normal
XSS,sent_gaze_sacc_eeg_means,257,0,Normal
XSS,sent_gaze_sacc_eeg_means,258,0,Normal
XSS,sent_gaze_sacc_eeg_means,259,0,Normal
XSS,sent_gaze_sacc_eeg_means,260,0,Normal
XSS,sent_gaze_sacc_eeg_means,261,0,Normal
XSS,sent_gaze_sacc_eeg_means,262,0,Normal
XSS,sent_gaze_sacc_eeg_means,263,0,Normal
XSS,sent_gaze_sacc_eeg_means,264,0,Normal
XSS,sent_gaze_sacc_eeg_means,265,0,Normal
XSS,sent_gaze_sacc_eeg_means,266,0,Normal
XSS,sent_gaze_sacc_eeg_means,267,0,Normal
XSS,sent_gaze_sacc_eeg_means,268,0,Normal
XSS,sent_gaze_sacc_eeg_means,269,0,Normal
XSS,sent_gaze_sacc_eeg_means,270,0,Normal
XSS,sent_gaze_sacc_eeg_means,271,0,Normal
XSS,sent_gaze_sacc_eeg_means,272,0,Normal
XSS,sent_gaze_sacc_eeg_means,273,0,Normal
XSS,sent_gaze_sacc_eeg_means,274,0,Normal
XSS,sent_gaze_sacc_eeg_means,275,0,Normal
XSS,sent_gaze_sacc_eeg_means,276,0,Normal
XSS,sent_gaze_sacc_eeg_means,277,0,Normal
XSS,sent_gaze_sacc_eeg_means,278,0,Normal
XSS,sent_gaze_sacc_eeg_means,279,0,Normal
XSS,sent_gaze_sacc_eeg_means,280,0,Normal
XSS,sent_gaze_sacc_eeg_means,281,0,Normal
XSS,sent_gaze_sacc_eeg_means,282,0,Normal
XSS,sent_gaze_sacc_eeg_means,283,0,Normal
XSS,sent_gaze_sacc_eeg_means,284,0,Normal
XSS,sent_gaze_sacc_eeg_means,285,0,Normal
XSS,sent_gaze_sacc_eeg_means,286,0,Normal
XSS,sent_gaze_sacc_eeg_means,287,0,Normal
XSS,sent_gaze_sacc_eeg_means,288,0,Normal
XSS,sent_gaze_sacc_eeg_means,289,0,Normal
XSS,sent_gaze_sacc_eeg_means,290,0,Normal
XSS,sent_gaze_sacc_eeg_means,291,0,Normal
XSS,sent_gaze_sacc_eeg_means,292,0,Normal
XSS,sent_gaze_sacc_eeg_means,293,0,Normal
XSS,sent_gaze_sacc_eeg_means,294,0,Normal
XSS,sent_gaze_sacc_eeg_means,295,0,Normal
XSS,sent_gaze_sacc_eeg_means,296,0,Normal
XSS,sent_gaze_sacc_eeg_means,297,0,Normal
XSS,sent_gaze_sacc_eeg_means,298,0,Normal
XSS,sent_gaze_sacc_eeg_means,299,0,Normal
XSS,sent_gaze_sacc_eeg_means,300,0,Normal
XSS,sent_gaze_sacc_eeg_means,301,0,Normal
XSS,sent_gaze_sacc_eeg_means,302,0,Normal
XSS,sent_gaze_sacc_eeg_means,303,0,Normal
XSS,sent_gaze_sacc_eeg_means,304,0,Normal
XSS,sent_gaze_sacc_eeg_means,305,0,Normal
XSS,sent_gaze_sacc_eeg_means,306,0,Normal
XSS,sent_gaze_sacc_eeg_means,307,0,Normal
XSS,sent_gaze_sacc_eeg_means,308,0,Normal
XSS,sent_gaze_sacc_eeg_means,309,0,Normal
XSS,sent_gaze_sacc_eeg_means,310,0,Normal
XSS,sent_gaze_sacc_eeg_means,311,0,Normal
XSS,sent_gaze_sacc_eeg_means,312,0,Normal
XSS,sent_gaze_sacc_eeg_means,313,0,Normal
XSS,sent_gaze_sacc_eeg_means,314,0,Normal
XSS,sent_gaze_sacc_eeg_means,315,0,Normal
XSS,sent_gaze_sacc_eeg_means,316,0,Normal
XSS,sent_gaze_sacc_eeg_means,317,0,Normal
XSS,sent_gaze_sacc_eeg_means,318,0,Normal
XSS,sent_gaze_sacc_eeg_means,319,0,Normal
XSS,sent_gaze_sacc_eeg_means,320,0,Normal
XSS,sent_gaze_sacc_eeg_means,321,0,Normal
XSS,sent_gaze_sacc_eeg_means,322,0,Normal
XSS,sent_gaze_sacc_eeg_means,323,0,Normal
XSS,sent_gaze_sacc_eeg_means,324,0,Normal
XSS,sent_gaze_sacc_eeg_means,325,0,Normal
XSS,sent_gaze_sacc_eeg_means,326,0,Normal
XSS,sent_gaze_sacc_eeg_means,327,0,Normal
XSS,sent_gaze_sacc_eeg_means,328,0,Normal
XSS,sent_gaze_sacc_eeg_means,329,0,Normal
XSS,sent_gaze_sacc_eeg_means,330,0,Normal
XSS,sent_gaze_sacc_eeg_means,331,0,Normal
XSS,sent_gaze_sacc_eeg_means,332,0,Normal
XSS,sent_gaze_sacc_eeg_means,333,0,Normal
XSS,sent_gaze_sacc_eeg_means,334,0,Normal
XSS,sent_gaze_sacc_eeg_means,335,0,Normal
XSS,sent_gaze_sacc_eeg_means,336,0,Normal
XSS,sent_gaze_sacc_eeg_means,337,0,Normal
XSS,sent_gaze_sacc_eeg_means,338,0,Normal
XSS,sent_gaze_sacc_eeg_means,339,0,Normal
XSS,sent_gaze_sacc_eeg_means,340,0,Normal
XSS,sent_gaze_sacc_eeg_means,341,0,Normal
XSS,sent_gaze_sacc_eeg_means,342,0,Normal
XSS,sent_gaze_sacc_eeg_means,343,0,Normal
XSS,sent_gaze_sacc_eeg_means,344,0,Normal
XSS,sent_gaze_sacc_eeg_means,345,0,Normal
XSS,sent_gaze_sacc_eeg_means,346,0,Normal
XSS,sent_gaze_sacc_eeg_means,347,0,Normal
XSS,sent_gaze_sacc_eeg_means,348,0,Normal
XSS,sent_gaze_sacc_eeg_means,349,0,Normal
XSS,sent_gaze_sacc_eeg_means,350,0,Normal
XSS,sent_gaze_sacc_eeg_means,351,0,Normal
XSS,sent_gaze_sacc_eeg_means,352,0,Normal
XSS,sent_gaze_sacc_eeg_means,353,0,Normal
XSS,sent_gaze_sacc_eeg_means,354,0,Normal
XSS,sent_gaze_sacc_eeg_means,355,0,Normal
XSS,sent_gaze_sacc_eeg_means,356,0,Normal
XSS,sent_gaze_sacc_eeg_means,357,0,Normal
XSS,sent_gaze_sacc_eeg_means,358,0,Normal
XSS,sent_gaze_sacc_eeg_means,359,0,Normal
XSS,sent_gaze_sacc_eeg_means,360,0,Normal
XSS,sent_gaze_sacc_eeg_means,361,0,Normal
XSS,sent_gaze_sacc_eeg_means,362,0,Normal
XSS,sent_gaze_sacc_eeg_means,363,0,Normal
XSS,sent_gaze_sacc_eeg_means,364,0,Normal
XSS,sent_gaze_sacc_eeg_means,365,0,Normal
XSS,sent_gaze_sacc_eeg_means,366,0,Normal
XSS,sent_gaze_sacc_eeg_means,367,0,Normal
XSS,sent_gaze_sacc_eeg_means,368,0,Normal
XSS,sent_gaze_sacc_eeg_means,369,0,Normal
XSS,sent_gaze_sacc_eeg_means,370,0,Normal
XSS,sent_gaze_sacc_eeg_means,371,0,Normal
XSS,sent_gaze_sacc_eeg_means,372,0,Normal
XSS,sent_gaze_sacc_eeg_means,373,0,Normal
XSS,sent_gaze_sacc_eeg_means,374,0,Normal
XSS,sent_gaze_sacc_eeg_means,375,0,Normal
XSS,sent_gaze_sacc_eeg_means,376,0,Normal
XSS,sent_gaze_sacc_eeg_means,377,0,Normal
XSS,sent_gaze_sacc_eeg_means,378,0,Normal
XSS,sent_gaze_sacc_eeg_means,379,0,Normal
XSS,sent_gaze_sacc_eeg_means,380,0,Normal
XSS,sent_gaze_sacc_eeg_means,381,0,Normal
XSS,sent_gaze_sacc_eeg_means,382,0,Normal
XSS,sent_gaze_sacc_eeg_means,383,0,Normal
XSS,sent_gaze_sacc_eeg_means,384,0,Normal
XSS,sent_gaze_sacc_eeg_means,385,0,Normal
XSS,sent_gaze_sacc_eeg_means,386,0,Normal
XSS,sent_gaze_sacc_eeg_means,387,0,Normal
XSS,sent_gaze_sacc_eeg_means,388,0,Normal
XSS,sent_gaze_sacc_eeg_means,389,0,Normal
XSS,sent_gaze_sacc_eeg_means,390,0,Normal
XSS,sent_gaze_sacc_eeg_means,391,0,Normal
XSS,sent_gaze_sacc_eeg_means,392,0,Normal
XSS,sent_gaze_sacc_eeg_means,393,0,Normal
XSS,sent_gaze_sacc_eeg_means,394,0,Normal
XSS,sent_gaze_sacc_eeg_means,395,0,Normal
XSS,sent_gaze_sacc_eeg_means,396,0,Normal
XSS,sent_gaze_sacc_eeg_means,397,0,Normal
XSS,sent_gaze_sacc_eeg_means,398,0,Normal
XSS,sent_gaze_sacc_eeg_means,399,0,Normal
XSS,sent_gaze_sacc_eeg_means,400,0,Normal
XSS,sent_gaze_sacc_eeg_means,401,0,Normal
XSS,sent_gaze_sacc_eeg_means,402,0,Normal
XSS,sent_gaze_sacc_eeg_means,403,0,Normal
XSS,sent_gaze_sacc_eeg_means,404,0,Normal
XSS,sent_gaze_sacc_eeg_means,405,0,Normal
XSS,sent_gaze_sacc_eeg_means,406,0,Normal
XSS,sent_gaze_sacc_eeg_means,407,0,Normal
XSS,sent_gaze_sacc_eeg_means,408,0,Normal
XSS,sent_gaze_sacc_eeg_means,409,0,Normal
XSS,sent_gaze_sacc_eeg_means,410,0,Normal
XSS,sent_gaze_sacc_eeg_means,411,0,Normal
XSS,sent_gaze_sacc_eeg_means,412,0,Normal
XSS,sent_gaze_sacc_eeg_means,413,0,Normal
XSS,sent_gaze_sacc_eeg_means,414,0,Normal
XSS,sent_gaze_sacc_eeg_means,415,0,Normal
XSS,sent_gaze_sacc_eeg_means,416,0,Normal
XSS,sent_gaze_sacc_eeg_means,417,0,Normal
XSS,sent_gaze_sacc_eeg_means,418,0,Normal
XSS,sent_gaze_sacc_eeg_means,419,0,Normal
XSS,sent_gaze_sacc_eeg_means,420,0,Normal
XSS,sent_gaze_sacc_eeg_means,421,0,Normal
XSS,sent_gaze_sacc_eeg_means,422,0,Normal
XSS,sent_gaze_sacc_eeg_means,423,0,Normal
XSS,sent_gaze_sacc_eeg_means,424,0,Normal
XSS,sent_gaze_sacc_eeg_means,425,0,Normal
XSS,sent_gaze_sacc_eeg_means,426,0,Normal
XSS,sent_gaze_sacc_eeg_means,427,0,Normal
XSS,sent_gaze_sacc_eeg_means,428,0,Normal
XSS,sent_gaze_sacc_eeg_means,429,0,Normal
XSS,sent_gaze_sacc_eeg_means,430,0,Normal
XSS,sent_gaze_sacc_eeg_means,431,0,Normal
XSS,sent_gaze_sacc_eeg_means,432,0,Normal
XSS,sent_gaze_sacc_eeg_means,433,0,Normal
XSS,sent_gaze_sacc_eeg_means,434,0,Normal
XSS,sent_gaze_sacc_eeg_means,435,0,Normal
XSS,sent_gaze_sacc_eeg_means,436,0,Normal
XSS,sent_gaze_sacc_eeg_means,437,0,Normal
XSS,sent_gaze_sacc_eeg_means,438,0,Normal
XSS,sent_gaze_sacc_eeg_means,439,0,Normal
XSS,sent_gaze_sacc_eeg_means,440,0,Normal
XSS,sent_gaze_sacc_eeg_means,441,0,Normal
XSS,sent_gaze_sacc_eeg_means,442,0,Normal
XSS,sent_gaze_sacc_eeg_means,443,0,Normal
XSS,sent_gaze_sacc_eeg_means,444,0,Normal
XSS,sent_gaze_sacc_eeg_means,445,0,Normal
XSS,sent_gaze_sacc_eeg_means,446,0,Normal
XSS,sent_gaze_sacc_eeg_means,447,0,Normal
XSS,sent_gaze_sacc_eeg_means,448,0,Normal
XSS,sent_gaze_sacc_eeg_means,449,0,Normal
XSS,sent_gaze_sacc_eeg_means,450,0,Normal
XSS,sent_gaze_sacc_eeg_means,451,0,Normal
XSS,sent_gaze_sacc_eeg_means,452,0,Normal
XSS,sent_gaze_sacc_eeg_means,453,0,Normal
XSS,sent_gaze_sacc_eeg_means,454,0,Normal
XSS,sent_gaze_sacc_eeg_means,455,0,Normal
XSS,sent_gaze_sacc_eeg_means,456,0,Normal
XSS,sent_gaze_sacc_eeg_means,457,0,Normal
XSS,sent_gaze_sacc_eeg_means,458,0,Normal
XSS,sent_gaze_sacc_eeg_means,459,0,Normal
XSS,sent_gaze_sacc_eeg_means,460,0,Normal
XSS,sent_gaze_sacc_eeg_means,461,0,Normal
XSS,sent_gaze_sacc_eeg_means,462,0,Normal
XSS,sent_gaze_sacc_eeg_means,463,0,Normal
XSS,sent_gaze_sacc_eeg_means,464,0,Normal
XSS,sent_gaze_sacc_eeg_means,465,0,Normal
XSS,sent_gaze_sacc_eeg_means,466,0,Normal
XSS,sent_gaze_sacc_eeg_means,467,0,Normal
XSS,sent_gaze_sacc_eeg_means,468,0,Normal
XSS,sent_gaze_sacc_eeg_means,469,0,Normal
XSS,sent_gaze_sacc_eeg_means,470,0,Normal
XSS,sent_gaze_sacc_eeg_means,471,0,Normal
XSS,sent_gaze_sacc_eeg_means,472,0,Normal
XSS,sent_gaze_sacc_eeg_means,473,0,Normal
XSS,sent_gaze_sacc_eeg_means,474,0,Normal
XSS,sent_gaze_sacc_eeg_means,475,0,Normal
XSS,sent_gaze_sacc_eeg_means,476,0,Normal
XSS,sent_gaze_sacc_eeg_means,477,0,Normal
XSS,sent_gaze_sacc_eeg_means,478,0,Normal
XSS,sent_gaze_sacc_eeg_means,479,0,Normal
XSS,sent_gaze_sacc_eeg_means,480,0,Normal
XSS,sent_gaze_sacc_eeg_means,481,0,Normal
XSS,sent_gaze_sacc_eeg_means,482,0,Normal
XSS,sent_gaze_sacc_eeg_means,483,0,Normal
XSS,sent_gaze_sacc_eeg_means,484,0,Normal
XSS,sent_gaze_sacc_eeg_means,485,0,Normal
XSS,sent_gaze_sacc_eeg_means,486,0,Normal
XSS,sent_gaze_sacc_eeg_means,487,0,Normal
XSS,sent_gaze_sacc_eeg_means,488,0,Normal
XSS,sent_gaze_sacc_eeg_means,489,0,Normal
XSS,sent_gaze_sacc_eeg_means,490,0,Normal
XSS,sent_gaze_sacc_eeg_means,491,0,Normal
XSS,sent_gaze_sacc_eeg_means,492,0,Normal
XSS,sent_gaze_sacc_eeg_means,493,0,Normal
XSS,sent_gaze_sacc_eeg_means,494,0,Normal
XSS,sent_gaze_sacc_eeg_means,495,0,Normal
XSS,sent_gaze_sacc_eeg_means,496,0,Normal
XSS,sent_gaze_sacc_eeg_means,497,0,Normal
XSS,sent_gaze_sacc_eeg_means,498,0,Normal
XSS,sent_gaze_sacc_eeg_means,499,0,Normal
XSS,sent_gaze_sacc_eeg_means,500,0,Normal
XSS,sent_gaze_sacc_eeg_means,501,0,Normal
XSS,sent_gaze_sacc_eeg_means,502,0,Normal
XSS,sent_gaze_sacc_eeg_means,503,0,Normal
XSS,sent_gaze_sacc_eeg_means,504,0,Normal
XSS,sent_gaze_sacc_eeg_means,505,0,Normal
XSS,sent_gaze_sacc_eeg_means,506,0,Normal
XSS,sent_gaze_sacc_eeg_means,507,0,Normal
XSS,sent_gaze_sacc_eeg_means,508,0,Normal
XSS,sent_gaze_sacc_eeg_means,509,0,Normal
XSS,sent_gaze_sacc_eeg_means,510,0,Normal
XSS,sent_gaze_sacc_eeg_means,511,0,Normal
XSS,sent_gaze_sacc_eeg_means,512,0,Normal
XSS,sent_gaze_sacc_eeg_means,513,0,Normal
XSS,sent_gaze_sacc_eeg_means,514,0,Normal
XSS,sent_gaze_sacc_eeg_means,515,0,Normal
XSS,sent_gaze_sacc_eeg_means,516,0,Normal
XSS,sent_gaze_sacc_eeg_means,517,0,Normal
XSS,sent_gaze_sacc_eeg_means,518,0,Normal
XSS,sent_gaze_sacc_eeg_means,519,0,Normal
XSS,sent_gaze_sacc_eeg_means,520,0,Normal
XSS,sent_gaze_sacc_eeg_means,521,0,Normal
XSS,sent_gaze_sacc_eeg_means,522,0,Normal
XSS,sent_gaze_sacc_eeg_means,523,0,Normal
XSS,sent_gaze_sacc_eeg_means,524,0,Normal
XSS,sent_gaze_sacc_eeg_means,525,0,Normal
XSS,sent_gaze_sacc_eeg_means,526,0,Normal
XSS,sent_gaze_sacc_eeg_means,527,0,Normal
XSS,sent_gaze_sacc_eeg_means,528,0,Normal
XSS,sent_gaze_sacc_eeg_means,529,0,Normal
XSS,sent_gaze_sacc_eeg_means,530,0,Normal
XSS,sent_gaze_sacc_eeg_means,531,0,Normal
XSS,sent_gaze_sacc_eeg_means,532,0,Normal
XSS,sent_gaze_sacc_eeg_means,533,0,Normal
XSS,sent_gaze_sacc_eeg_means,534,0,Normal
XSS,sent_gaze_sacc_eeg_means,535,0,Normal
XSS,sent_gaze_sacc_eeg_means,536,0,Normal
XSS,sent_gaze_sacc_eeg_means,537,0,Normal
XSS,sent_gaze_sacc_eeg_means,538,0,Normal
XSS,sent_gaze_sacc_eeg_means,539,0,Normal
XSS,sent_gaze_sacc_eeg_means,540,0,Normal
XSS,sent_gaze_sacc_eeg_means,541,0,Normal
XSS,sent_gaze_sacc_eeg_means,542,0,Normal
XSS,sent_gaze_sacc_eeg_means,543,0,Normal
XSS,sent_gaze_sacc_eeg_means,544,0,Normal
XSS,sent_gaze_sacc_eeg_means,545,0,Normal
XSS,sent_gaze_sacc_eeg_means,546,0,Normal
XSS,sent_gaze_sacc_eeg_means,547,0,Normal
XSS,sent_gaze_sacc_eeg_means,548,0,Normal
XSS,sent_gaze_sacc_eeg_means,549,0,Normal
XSS,sent_gaze_sacc_eeg_means,550,0,Normal
XSS,sent_gaze_sacc_eeg_means,551,0,Normal
XSS,sent_gaze_sacc_eeg_means,552,0,Normal
XSS,sent_gaze_sacc_eeg_means,553,0,Normal
XSS,sent_gaze_sacc_eeg_means,554,0,Normal
XSS,sent_gaze_sacc_eeg_means,555,0,Normal
XSS,sent_gaze_sacc_eeg_means,556,0,Normal
XSS,sent_gaze_sacc_eeg_means,557,0,Normal
XSS,sent_gaze_sacc_eeg_means,558,0,Normal
XSS,sent_gaze_sacc_eeg_means,559,0,Normal
XSS,sent_gaze_sacc_eeg_means,560,0,Normal
XSS,sent_gaze_sacc_eeg_means,561,0,Normal
XSS,sent_gaze_sacc_eeg_means,562,0,Normal
XSS,sent_gaze_sacc_eeg_means,563,0,Normal
XSS,sent_gaze_sacc_eeg_means,564,0,Normal
XSS,sent_gaze_sacc_eeg_means,565,0,Normal
XSS,sent_gaze_sacc_eeg_means,566,0,Normal
XSS,sent_gaze_sacc_eeg_means,567,0,Normal
XSS,sent_gaze_sacc_eeg_means,568,0,Normal
XSS,sent_gaze_sacc_eeg_means,569,0,Normal
XSS,sent_gaze_sacc_eeg_means,570,0,Normal
XSS,sent_gaze_sacc_eeg_means,571,0,Normal
XSS,sent_gaze_sacc_eeg_means,572,0,Normal
XSS,sent_gaze_sacc_eeg_means,573,0,Normal
XSS,sent_gaze_sacc_eeg_means,574,0,Normal
XSS,sent_gaze_sacc_eeg_means,575,0,Normal
XSS,sent_gaze_sacc_eeg_means,576,0,Normal
XSS,sent_gaze_sacc_eeg_means,577,0,Normal
XSS,sent_gaze_sacc_eeg_means,578,0,Normal
XSS,sent_gaze_sacc_eeg_means,579,0,Normal
XSS,sent_gaze_sacc_eeg_means,580,0,Normal
XSS,sent_gaze_sacc_eeg_means,581,0,Normal
XSS,sent_gaze_sacc_eeg_means,582,0,Normal
XSS,sent_gaze_sacc_eeg_means,583,0,Normal
XSS,sent_gaze_sacc_eeg_means,584,0,Normal
XSS,sent_gaze_sacc_eeg_means,585,0,Normal
XSS,sent_gaze_sacc_eeg_means,586,0,Normal
XSS,sent_gaze_sacc_eeg_means,587,0,Normal
XSS,sent_gaze_sacc_eeg_means,588,0,Normal
XSS,sent_gaze_sacc_eeg_means,589,0,Normal
XSS,sent_gaze_sacc_eeg_means,590,0,Normal
XSS,sent_gaze_sacc_eeg_means,591,0,Normal
XSS,sent_gaze_sacc_eeg_means,592,0,Normal
XSS,sent_gaze_sacc_eeg_means,593,0,Normal
XSS,sent_gaze_sacc_eeg_means,594,0,Normal
XSS,sent_gaze_sacc_eeg_means,595,0,Normal
XSS,sent_gaze_sacc_eeg_means,596,0,Normal
XSS,sent_gaze_sacc_eeg_means,597,0,Normal
XSS,sent_gaze_sacc_eeg_means,598,0,Normal
XSS,sent_gaze_sacc_eeg_means,599,0,Normal
XSS,sent_gaze_sacc_eeg_means,600,0,Normal
XSS,sent_gaze_sacc_eeg_means,601,0,Normal
XSS,sent_gaze_sacc_eeg_means,602,0,Normal
XSS,sent_gaze_sacc_eeg_means,603,0,Normal
XSS,sent_gaze_sacc_eeg_means,604,0,Normal
XSS,sent_gaze_sacc_eeg_means,605,0,Normal
XSS,sent_gaze_sacc_eeg_means,606,0,Normal
XSS,sent_gaze_sacc_eeg_means,607,0,Normal
XSS,sent_gaze_sacc_eeg_means,608,0,Normal
XSS,sent_gaze_sacc_eeg_means,609,0,Normal
XSS,sent_gaze_sacc_eeg_means,610,0,Normal
XSS,sent_gaze_sacc_eeg_means,611,0,Normal
XSS,sent_gaze_sacc_eeg_means,612,0,Normal
XSS,sent_gaze_sacc_eeg_means,613,0,Normal
XSS,sent_gaze_sacc_eeg_means,614,0,Normal
XSS,sent_gaze_sacc_eeg_means,615,0,Normal
XSS,sent_gaze_sacc_eeg_means,616,0,Normal
XSS,sent_gaze_sacc_eeg_means,617,0,Normal
XSS,sent_gaze_sacc_eeg_means,618,0,Normal
XSS,sent_gaze_sacc_eeg_means,619,0,Normal
XSS,sent_gaze_sacc_eeg_means,620,0,Normal
XSS,sent_gaze_sacc_eeg_means,621,0,Normal
XSS,sent_gaze_sacc_eeg_means,622,0,Normal
XSS,sent_gaze_sacc_eeg_means,623,0,Normal
XSS,sent_gaze_sacc_eeg_means,624,0,Normal
XSS,sent_gaze_sacc_eeg_means,625,0,Normal
XSS,sent_gaze_sacc_eeg_means,626,0,Normal
XSS,sent_gaze_sacc_eeg_means,627,0,Normal
XSS,sent_gaze_sacc_eeg_means,628,0,Normal
XSS,sent_gaze_sacc_eeg_means,629,0,Normal
XSS,sent_gaze_sacc_eeg_means,630,0,Normal
XSS,sent_gaze_sacc_eeg_means,631,0,Normal
XSS,sent_gaze_sacc_eeg_means,632,0,Normal
XSS,sent_gaze_sacc_eeg_means,633,0,Normal
XSS,sent_gaze_sacc_eeg_means,634,0,Normal
XSS,sent_gaze_sacc_eeg_means,635,0,Normal
XSS,sent_gaze_sacc_eeg_means,636,0,Normal
XSS,sent_gaze_sacc_eeg_means,637,0,Normal
XSS,sent_gaze_sacc_eeg_means,638,0,Normal
XSS,sent_gaze_sacc_eeg_means,639,0,Normal
XSS,sent_gaze_sacc_eeg_means,640,0,Normal
XSS,sent_gaze_sacc_eeg_means,641,0,Normal
XSS,sent_gaze_sacc_eeg_means,642,0,Normal
XSS,sent_gaze_sacc_eeg_means,643,0,Normal
XSS,sent_gaze_sacc_eeg_means,644,0,Normal
XSS,sent_gaze_sacc_eeg_means,645,0,Normal
XSS,sent_gaze_sacc_eeg_means,646,0,Normal
XSS,sent_gaze_sacc_eeg_means,647,0,Normal
XSS,sent_gaze_sacc_eeg_means,648,0,Normal
XSS,sent_gaze_sacc_eeg_means,649,0,Normal
XSS,sent_gaze_sacc_eeg_means,650,0,Normal
XSS,sent_gaze_sacc_eeg_means,651,0,Normal
XSS,sent_gaze_sacc_eeg_means,652,0,Normal
XSS,sent_gaze_sacc_eeg_means,653,0,Normal
XSS,sent_gaze_sacc_eeg_means,654,0,Normal
XSS,sent_gaze_sacc_eeg_means,655,0,Normal
XSS,sent_gaze_sacc_eeg_means,656,0,Normal
XSS,sent_gaze_sacc_eeg_means,657,0,Normal
XSS,sent_gaze_sacc_eeg_means,658,0,Normal
XSS,sent_gaze_sacc_eeg_means,659,0,Normal
XSS,sent_gaze_sacc_eeg_means,660,0,Normal
XSS,sent_gaze_sacc_eeg_means,661,0,Normal
XSS,sent_gaze_sacc_eeg_means,662,0,Normal
XSS,sent_gaze_sacc_eeg_means,663,0,Normal
XSS,sent_gaze_sacc_eeg_means,664,0,Normal
XSS,sent_gaze_sacc_eeg_means,665,0,Normal
XSS,sent_gaze_sacc_eeg_means,666,0,Normal
XSS,sent_gaze_sacc_eeg_means,667,0,Normal
XSS,sent_gaze_sacc_eeg_means,668,0,Normal
XSS,sent_gaze_sacc_eeg_means,669,0,Normal
XSS,sent_gaze_sacc_eeg_means,670,0,Normal
XSS,sent_gaze_sacc_eeg_means,671,0,Normal
XSS,sent_gaze_sacc_eeg_means,672,0,Normal
XSS,sent_gaze_sacc_eeg_means,673,0,Normal
